[*] Looking for NRF container process...
    pid=146207
    exe=/proc/146207/exe
    cgroup_id=25914

[*] Attaching uprobes...
  [uprobe] nrf_nf_register               github.com/free5gc/nrf/internal/sbi/processor.(*Processor).NFRegisterProcedure
  [uprobe] nrf_nf_deregister             github.com/free5gc/nrf/internal/sbi/processor.(*Processor).NFDeregisterProcedure
  [uprobe] nrf_get_nf_inst               github.com/free5gc/nrf/internal/sbi/processor.(*Processor).GetNFInstanceProcedure
  [uprobe] nrf_get_nf_inst_list          github.com/free5gc/nrf/internal/sbi/processor.(*Processor).GetNFInstancesProcedure
  [uprobe] nrf_update_nf_inst            github.com/free5gc/nrf/internal/sbi/processor.(*Processor).UpdateNFInstanceProcedure
  [uprobe] nrf_create_sub                github.com/free5gc/nrf/internal/sbi/processor.(*Processor).CreateSubscriptionProcedure
  [uprobe] nrf_remove_sub                github.com/free5gc/nrf/internal/sbi/processor.(*Processor).RemoveSubscriptionProcedure
  [uprobe] nrf_update_sub                github.com/free5gc/nrf/internal/sbi/processor.(*Processor).UpdateSubscriptionProcedure
  [uprobe] nrf_access_token              github.com/free5gc/nrf/internal/sbi/processor.(*Processor).AccessTokenProcedure
  [uprobe] nrf_nf_discovery              github.com/free5gc/nrf/internal/sbi/processor.(*Processor).NFDiscoveryProcedure
[*] Attaching tracepoints...
  [tp]     syscalls/sys_enter_connect
  [tp]     syscalls/sys_exit_connect
  [tp]     syscalls/sys_enter_accept4
  [tp]     syscalls/sys_exit_accept4
  [tp]     syscalls/sys_enter_write
  [tp]     syscalls/sys_exit_read

[*] Tracing NRF (pid=146207). Ctrl+C to stop.

TIMESTAMP               NF    EVENT      DETAIL
──────────────────────  ────  ─────────  ────────────────────────────────
[03:57:47.621049] NRF   WRITE    8      bytes  pid=146207
[03:57:47.621065] NRF   READ     8      bytes  pid=146207
[03:57:51.527060] NRF   READ     4      bytes  pid=146207
[03:57:51.527104] NRF   READ     319    bytes  pid=146207
[03:57:51.527551] NRF   WRITE    8      bytes  pid=146207
[03:57:51.527600] NRF   READ     8      bytes  pid=146207
[03:57:52.624164] NRF   WRITE    62     bytes  pid=146207
[03:57:52.624479] NRF   READ     4      bytes  pid=146207
[03:57:52.624491] NRF   READ     319    bytes  pid=146207
[03:57:52.624572] NRF   WRITE    8      bytes  pid=146207
[03:57:52.624632] NRF   READ     8      bytes  pid=146207
[03:57:52.638163] NRF   ACCEPT   ← 10.100.200.16:50896     pid=146207  fd=7
[03:57:52.638592] NRF   READ     70     bytes  pid=146207
[03:57:52.638675] NRF   WRITE    8      bytes  pid=146207
[03:57:52.638703] NRF   WRITE    39     bytes  pid=146207
[03:57:52.639039] NRF   READ     8      bytes  pid=146207
[03:57:52.639074] NRF   READ     9      bytes  pid=146207
[03:57:52.639079] NRF   READ     119    bytes  pid=146207
[03:57:52.639157] NRF   READ     9      bytes  pid=146207
[03:57:52.639160] NRF   READ     123    bytes  pid=146207
[03:57:52.639241] NRF   WRITE    85     bytes  pid=146207
[03:57:52.639670] NRF   API      AccessToken               pid=146207 tid=148452
[03:57:52.639770] NRF   READ     9      bytes  pid=146207
[03:57:52.639809] NRF   WRITE    22     bytes  pid=146207
[03:57:52.640133] NRF   WRITE    196    bytes  pid=146207
[03:57:52.640535] NRF   READ     4      bytes  pid=146207
[03:57:52.640550] NRF   READ     2418   bytes  pid=146207
[03:57:52.641739] NRF   READ     1302   bytes  pid=146207
[03:57:52.641839] NRF   WRITE    291    bytes  pid=146207
[03:57:52.644766] NRF   WRITE    112    bytes  pid=146207
[03:57:52.644869] NRF   WRITE    63     bytes  pid=146207
[03:57:52.645155] NRF   WRITE    8      bytes  pid=146207
[03:57:52.645179] NRF   WRITE    626    bytes  pid=146207
[03:57:52.648326] NRF   READ     8      bytes  pid=146207
[03:57:52.648335] NRF   READ     9      bytes  pid=146207
[03:57:52.648344] NRF   READ     514    bytes  pid=146207
[03:57:52.648470] NRF   WRITE    17     bytes  pid=146207
[03:57:52.648601] NRF   READ     1237   bytes  pid=146207
[03:57:52.648899] NRF   WRITE    84     bytes  pid=146207
[03:57:52.649275] NRF   API      NFDiscovery               pid=146207 tid=146207
[03:57:52.649494] NRF   WRITE    237    bytes  pid=146207
[03:57:52.653245] NRF   READ     4      bytes  pid=146207
[03:57:52.653263] NRF   READ     666    bytes  pid=146207
[03:57:52.653810] NRF   WRITE    167    bytes  pid=146207
[03:57:52.654234] NRF   WRITE    17     bytes  pid=146207
[03:57:52.654538] NRF   WRITE    8      bytes  pid=146207
[03:57:52.654551] NRF   WRITE    537    bytes  pid=146207
[03:57:52.654586] NRF   READ     8      bytes  pid=146207
[03:57:52.661171] NRF   ACCEPT   ← 10.100.200.16:50898     pid=146207  fd=7
[03:57:52.661484] NRF   READ     70     bytes  pid=146207
[03:57:52.661871] NRF   WRITE    8      bytes  pid=146207
[03:57:52.661893] NRF   READ     8      bytes  pid=146207
[03:57:52.661924] NRF   READ     9      bytes  pid=146207
[03:57:52.661929] NRF   READ     119    bytes  pid=146207
[03:57:52.661952] NRF   WRITE    39     bytes  pid=146207
[03:57:52.661985] NRF   WRITE    22     bytes  pid=146207
[03:57:52.662141] NRF   READ     9      bytes  pid=146207
[03:57:52.662145] NRF   READ     125    bytes  pid=146207
[03:57:52.662303] NRF   READ     9      bytes  pid=146207
[03:57:52.662821] NRF   WRITE    85     bytes  pid=146207
[03:57:52.663111] NRF   API      AccessToken               pid=146207 tid=146207
[03:57:52.663254] NRF   WRITE    196    bytes  pid=146207
[03:57:52.663722] NRF   READ     4      bytes  pid=146207
[03:57:52.663730] NRF   READ     2418   bytes  pid=146207
[03:57:52.665185] NRF   READ     1302   bytes  pid=146207
[03:57:52.665284] NRF   WRITE    291    bytes  pid=146207
[03:57:52.665621] NRF   WRITE    158    bytes  pid=146207
[03:57:52.666051] NRF   READ     4      bytes  pid=146207
[03:57:52.666057] NRF   READ     666    bytes  pid=146207
[03:57:52.673234] NRF   WRITE    112    bytes  pid=146207
[03:57:52.673781] NRF   WRITE    63     bytes  pid=146207
[03:57:52.674245] NRF   WRITE    8      bytes  pid=146207
[03:57:52.674272] NRF   READ     8      bytes  pid=146207
[03:57:52.674304] NRF   WRITE    628    bytes  pid=146207
[03:57:52.676268] NRF   WRITE    8      bytes  pid=146207
[03:57:52.676282] NRF   READ     8      bytes  pid=146207
[03:57:52.676333] NRF   WRITE    17     bytes  pid=146207
[03:57:52.678848] NRF   ACCEPT   ← 10.100.200.10:41652     pid=146207  fd=8
[03:57:52.678980] NRF   READ     70     bytes  pid=146207
[03:57:52.679156] NRF   WRITE    39     bytes  pid=146207
[03:57:52.679227] NRF   READ     9      bytes  pid=146207
[03:57:52.679233] NRF   READ     119    bytes  pid=146207
[03:57:52.679327] NRF   WRITE    85     bytes  pid=146207
[03:57:52.679329] NRF   READ     9      bytes  pid=146207
[03:57:52.679355] NRF   READ     124    bytes  pid=146207
[03:57:52.679532] NRF   READ     9      bytes  pid=146207
[03:57:52.679593] NRF   WRITE    22     bytes  pid=146207
[03:57:52.679694] NRF   API      AccessToken               pid=146207 tid=148452
[03:57:52.679860] NRF   WRITE    196    bytes  pid=146207
[03:57:52.680319] NRF   READ     4      bytes  pid=146207
[03:57:52.680326] NRF   READ     666    bytes  pid=146207
[03:57:52.680911] NRF   READ     1302   bytes  pid=146207
[03:57:52.681043] NRF   WRITE    291    bytes  pid=146207
[03:57:52.683939] NRF   WRITE    112    bytes  pid=146207
[03:57:52.684233] NRF   WRITE    63     bytes  pid=146207
[03:57:52.684381] NRF   WRITE    8      bytes  pid=146207
[03:57:52.684394] NRF   WRITE    626    bytes  pid=146207
[03:57:52.684432] NRF   READ     8      bytes  pid=146207
[03:57:52.685275] NRF   READ     9      bytes  pid=146207
[03:57:52.685291] NRF   READ     535    bytes  pid=146207
[03:57:52.685411] NRF   READ     1237   bytes  pid=146207
[03:57:52.685687] NRF   WRITE    84     bytes  pid=146207
[03:57:52.685706] NRF   API      NFDiscovery               pid=146207 tid=146207
[03:57:52.685911] NRF   WRITE    356    bytes  pid=146207
[03:57:52.686380] NRF   READ     4      bytes  pid=146207
[03:57:52.686387] NRF   READ     1951   bytes  pid=146207
[03:57:52.687563] NRF   WRITE    191    bytes  pid=146207
[03:57:52.687885] NRF   WRITE    17     bytes  pid=146207
[03:57:52.688077] NRF   WRITE    8      bytes  pid=146207
[03:57:52.688120] NRF   READ     8      bytes  pid=146207
[03:57:52.688181] NRF   WRITE    1688   bytes  pid=146207
[03:57:52.688734] NRF   READ     9      bytes  pid=146207
[03:57:52.688746] NRF   READ     9      bytes  pid=146207
[03:57:52.688797] NRF   READ     9      bytes  pid=146207
[03:57:52.688828] NRF   READ     124    bytes  pid=146207
[03:57:52.688888] NRF   WRITE    85     bytes  pid=146207
[03:57:52.689195] NRF   API      AccessToken               pid=146207 tid=146511
[03:57:52.689396] NRF   WRITE    196    bytes  pid=146207
[03:57:52.689803] NRF   READ     4      bytes  pid=146207
[03:57:52.689815] NRF   READ     666    bytes  pid=146207
[03:57:52.690346] NRF   READ     1302   bytes  pid=146207
[03:57:52.690444] NRF   WRITE    291    bytes  pid=146207
[03:57:52.690764] NRF   WRITE    157    bytes  pid=146207
[03:57:52.691209] NRF   READ     4      bytes  pid=146207
[03:57:52.691216] NRF   READ     1951   bytes  pid=146207
[03:57:52.694941] NRF   WRITE    112    bytes  pid=146207
[03:57:52.695280] NRF   WRITE    13     bytes  pid=146207
[03:57:52.695408] NRF   WRITE    8      bytes  pid=146207
[03:57:52.695427] NRF   READ     8      bytes  pid=146207
[03:57:52.695474] NRF   WRITE    626    bytes  pid=146207
[03:57:52.696534] NRF   WRITE    17     bytes  pid=146207
[03:57:52.698924] NRF   ACCEPT   ← 10.100.200.9:37716      pid=146207  fd=9
[03:57:52.699279] NRF   READ     70     bytes  pid=146207
[03:57:52.699400] NRF   WRITE    8      bytes  pid=146207
[03:57:52.699428] NRF   WRITE    39     bytes  pid=146207
[03:57:52.699463] NRF   WRITE    22     bytes  pid=146207
[03:57:52.699504] NRF   READ     8      bytes  pid=146207
[03:57:52.699736] NRF   READ     9      bytes  pid=146207
[03:57:52.699920] NRF   WRITE    8      bytes  pid=146207
[03:57:52.699933] NRF   READ     8      bytes  pid=146207
[03:57:52.700024] NRF   READ     9      bytes  pid=146207
[03:57:52.700052] NRF   READ     122    bytes  pid=146207
[03:57:52.700154] NRF   WRITE    85     bytes  pid=146207
[03:57:52.700465] NRF   READ     9      bytes  pid=146207
[03:57:52.700470] NRF   READ     121    bytes  pid=146207
[03:57:52.700551] NRF   API      AccessToken               pid=146207 tid=146207
[03:57:52.700725] NRF   WRITE    196    bytes  pid=146207
[03:57:52.701132] NRF   READ     4      bytes  pid=146207
[03:57:52.701138] NRF   READ     1951   bytes  pid=146207
[03:57:52.702106] NRF   READ     1302   bytes  pid=146207
[03:57:52.702195] NRF   WRITE    291    bytes  pid=146207
[03:57:52.702508] NRF   WRITE    157    bytes  pid=146207
[03:57:52.702859] NRF   READ     4      bytes  pid=146207
[03:57:52.702867] NRF   READ     730    bytes  pid=146207
[03:57:52.706145] NRF   WRITE    112    bytes  pid=146207
[03:57:52.706525] NRF   WRITE    62     bytes  pid=146207
[03:57:52.706764] NRF   WRITE    8      bytes  pid=146207
[03:57:52.706776] NRF   WRITE    621    bytes  pid=146207
[03:57:52.706996] NRF   READ     8      bytes  pid=146207
[03:57:52.708131] NRF   WRITE    17     bytes  pid=146207
[03:57:52.708191] NRF   WRITE    8      bytes  pid=146207
[03:57:52.708202] NRF   READ     8      bytes  pid=146207
[03:57:52.718936] NRF   ACCEPT   ← 10.100.200.16:50914     pid=146207  fd=10
[03:57:52.719082] NRF   READ     332    bytes  pid=146207
[03:57:52.719220] NRF   WRITE    8      bytes  pid=146207
[03:57:52.719229] NRF   READ     8      bytes  pid=146207
[03:57:52.719268] NRF   WRITE    39     bytes  pid=146207
[03:57:52.719453] NRF   WRITE    85     bytes  pid=146207
[03:57:52.719491] NRF   API      AccessToken               pid=146207 tid=148452
[03:57:52.719624] NRF   WRITE    196    bytes  pid=146207
[03:57:52.719695] NRF   WRITE    8      bytes  pid=146207
[03:57:52.719723] NRF   WRITE    22     bytes  pid=146207
[03:57:52.719791] NRF   READ     8      bytes  pid=146207
[03:57:52.719911] NRF   READ     9      bytes  pid=146207
[03:57:52.720287] NRF   WRITE    8      bytes  pid=146207
[03:57:52.720297] NRF   READ     8      bytes  pid=146207
[03:57:52.720324] NRF   READ     4      bytes  pid=146207
[03:57:52.720331] NRF   READ     2418   bytes  pid=146207
[03:57:52.721711] NRF   READ     1302   bytes  pid=146207
[03:57:52.721809] NRF   WRITE    291    bytes  pid=146207
[03:57:52.721865] NRF   WRITE    158    bytes  pid=146207
[03:57:52.722225] NRF   READ     4      bytes  pid=146207
[03:57:52.722230] NRF   READ     666    bytes  pid=146207
[03:57:52.726273] NRF   WRITE    112    bytes  pid=146207
[03:57:52.726358] NRF   WRITE    63     bytes  pid=146207
[03:57:52.726504] NRF   WRITE    8      bytes  pid=146207
[03:57:52.726528] NRF   READ     8      bytes  pid=146207
[03:57:52.726582] NRF   WRITE    628    bytes  pid=146207
[03:57:52.727604] NRF   WRITE    17     bytes  pid=146207
[03:57:52.727685] NRF   WRITE    8      bytes  pid=146207
[03:57:52.727706] NRF   READ     8      bytes  pid=146207
[03:57:52.730419] NRF   ACCEPT   ← 10.100.200.10:41662     pid=146207  fd=11
[03:57:52.730524] NRF   WRITE    8      bytes  pid=146207
[03:57:52.730543] NRF   READ     8      bytes  pid=146207
[03:57:52.730754] NRF   READ     70     bytes  pid=146207
[03:57:52.730893] NRF   WRITE    8      bytes  pid=146207
[03:57:52.730907] NRF   READ     8      bytes  pid=146207
[03:57:52.730952] NRF   WRITE    39     bytes  pid=146207
[03:57:52.731050] NRF   WRITE    13     bytes  pid=146207
[03:57:52.731144] NRF   WRITE    9      bytes  pid=146207
[03:57:52.731363] NRF   READ     9      bytes  pid=146207
[03:57:52.731572] NRF   READ     9      bytes  pid=146207
[03:57:52.731611] NRF   READ     122    bytes  pid=146207
[03:57:52.731738] NRF   WRITE    85     bytes  pid=146207
[03:57:52.731794] NRF   WRITE    8      bytes  pid=146207
[03:57:52.731812] NRF   READ     8      bytes  pid=146207
[03:57:52.732050] NRF   READ     9      bytes  pid=146207
[03:57:52.732064] NRF   READ     124    bytes  pid=146207
[03:57:52.732145] NRF   API      AccessToken               pid=146207 tid=148452
[03:57:52.732366] NRF   WRITE    196    bytes  pid=146207
[03:57:52.732823] NRF   READ     4      bytes  pid=146207
[03:57:52.732830] NRF   READ     666    bytes  pid=146207
[03:57:52.733363] NRF   READ     1302   bytes  pid=146207
[03:57:52.733470] NRF   WRITE    291    bytes  pid=146207
[03:57:52.733528] NRF   WRITE    157    bytes  pid=146207
[03:57:52.733861] NRF   READ     4      bytes  pid=146207
[03:57:52.733867] NRF   READ     1951   bytes  pid=146207
[03:57:52.738421] NRF   WRITE    112    bytes  pid=146207
[03:57:52.738513] NRF   WRITE    63     bytes  pid=146207
[03:57:52.738626] NRF   WRITE    8      bytes  pid=146207
[03:57:52.738637] NRF   READ     8      bytes  pid=146207
[03:57:52.738655] NRF   WRITE    626    bytes  pid=146207
[03:57:52.739728] NRF   WRITE    17     bytes  pid=146207
[03:57:52.739796] NRF   WRITE    8      bytes  pid=146207
[03:57:52.739810] NRF   READ     8      bytes  pid=146207
[03:57:52.742137] NRF   ACCEPT   ← 10.100.200.9:37730      pid=146207  fd=12
[03:57:52.742259] NRF   READ     70     bytes  pid=146207
[03:57:52.742489] NRF   READ     9      bytes  pid=146207
[03:57:52.742492] NRF   READ     119    bytes  pid=146207
[03:57:52.742522] NRF   WRITE    39     bytes  pid=146207
[03:57:52.742750] NRF   WRITE    22     bytes  pid=146207
[03:57:52.742837] NRF   READ     9      bytes  pid=146207
[03:57:52.742841] NRF   READ     121    bytes  pid=146207
[03:57:52.742855] NRF   READ     9      bytes  pid=146207
[03:57:52.742937] NRF   WRITE    85     bytes  pid=146207
[03:57:52.743071] NRF   API      AccessToken               pid=146207 tid=146508
[03:57:52.743268] NRF   WRITE    196    bytes  pid=146207
[03:57:52.743733] NRF   READ     4      bytes  pid=146207
[03:57:52.743753] NRF   READ     1951   bytes  pid=146207
[03:57:52.744987] NRF   READ     1302   bytes  pid=146207
[03:57:52.745171] NRF   WRITE    291    bytes  pid=146207
[03:57:52.745353] NRF   WRITE    157    bytes  pid=146207
[03:57:52.745932] NRF   READ     4      bytes  pid=146207
[03:57:52.745947] NRF   READ     730    bytes  pid=146207
[03:57:52.749869] NRF   WRITE    112    bytes  pid=146207
[03:57:52.750076] NRF   WRITE    62     bytes  pid=146207
[03:57:52.750222] NRF   WRITE    8      bytes  pid=146207
[03:57:52.750240] NRF   READ     8      bytes  pid=146207
[03:57:52.750260] NRF   WRITE    621    bytes  pid=146207
[03:57:52.751358] NRF   WRITE    17     bytes  pid=146207
[03:57:52.751418] NRF   WRITE    8      bytes  pid=146207
[03:57:52.751433] NRF   READ     8      bytes  pid=146207
[03:57:52.760530] NRF   ACCEPT   ← 10.100.200.16:50928     pid=146207  fd=13
[03:57:52.760747] NRF   WRITE    8      bytes  pid=146207
[03:57:52.760778] NRF   READ     8      bytes  pid=146207
[03:57:52.761085] NRF   READ     330    bytes  pid=146207
[03:57:52.761259] NRF   WRITE    39     bytes  pid=146207
[03:57:52.761336] NRF   WRITE    85     bytes  pid=146207
[03:57:52.761401] NRF   API      AccessToken               pid=146207 tid=146511
[03:57:52.761978] NRF   WRITE    22     bytes  pid=146207
[03:57:52.762035] NRF   READ     9      bytes  pid=146207
[03:57:52.762124] NRF   WRITE    196    bytes  pid=146207
[03:57:52.762736] NRF   READ     4      bytes  pid=146207
[03:57:52.762774] NRF   READ     2418   bytes  pid=146207
[03:57:52.763794] NRF   WRITE    8      bytes  pid=146207
[03:57:52.763826] NRF   READ     8      bytes  pid=146207
[03:57:52.764828] NRF   READ     1302   bytes  pid=146207
[03:57:52.765027] NRF   WRITE    291    bytes  pid=146207
[03:57:52.769599] NRF   WRITE    112    bytes  pid=146207
[03:57:52.770157] NRF   WRITE    63     bytes  pid=146207
[03:57:52.770402] NRF   WRITE    8      bytes  pid=146207
[03:57:52.770432] NRF   READ     8      bytes  pid=146207
[03:57:52.770477] NRF   WRITE    626    bytes  pid=146207
[03:57:52.771053] NRF   READ     9      bytes  pid=146207
[03:57:52.771081] NRF   READ     531    bytes  pid=146207
[03:57:52.771231] NRF   READ     1237   bytes  pid=146207
[03:57:52.771523] NRF   WRITE    84     bytes  pid=146207
[03:57:52.772014] NRF   API      NFDiscovery               pid=146207 tid=146511
[03:57:52.772200] NRF   WRITE    511    bytes  pid=146207
[03:57:52.772711] NRF   READ     4      bytes  pid=146207
[03:57:52.772750] NRF   READ     1951   bytes  pid=146207
[03:57:52.779139] NRF   WRITE    192    bytes  pid=146207
[03:57:52.779746] NRF   WRITE    17     bytes  pid=146207
[03:57:52.779998] NRF   WRITE    8      bytes  pid=146207
[03:57:52.780069] NRF   WRITE    1688   bytes  pid=146207
[03:57:52.780130] NRF   READ     8      bytes  pid=146207
[03:57:52.780683] NRF   READ     9      bytes  pid=146207
[03:57:52.780746] NRF   READ     12     bytes  pid=146207
[03:57:52.780839] NRF   READ     9      bytes  pid=146207
[03:57:52.780894] NRF   READ     122    bytes  pid=146207
[03:57:52.780960] NRF   WRITE    85     bytes  pid=146207
[03:57:52.781426] NRF   API      AccessToken               pid=146207 tid=146511
[03:57:52.781626] NRF   WRITE    196    bytes  pid=146207
[03:57:52.782278] NRF   READ     4      bytes  pid=146207
[03:57:52.782342] NRF   READ     2418   bytes  pid=146207
[03:57:52.786339] NRF   READ     1302   bytes  pid=146207
[03:57:52.786511] NRF   WRITE    291    bytes  pid=146207
[03:57:52.786910] NRF   WRITE    157    bytes  pid=146207
[03:57:52.787472] NRF   READ     4      bytes  pid=146207
[03:57:52.787515] NRF   READ     1951   bytes  pid=146207
[03:57:52.811677] NRF   WRITE    112    bytes  pid=146207
[03:57:52.811755] NRF   WRITE    17     bytes  pid=146207
[03:57:52.811880] NRF   WRITE    8      bytes  pid=146207
[03:57:52.811903] NRF   WRITE    623    bytes  pid=146207
[03:57:52.812547] NRF   READ     8      bytes  pid=146207
[03:57:52.813938] NRF   WRITE    17     bytes  pid=146207
[03:57:52.814081] NRF   WRITE    8      bytes  pid=146207
[03:57:52.814100] NRF   READ     8      bytes  pid=146207
[03:57:52.815745] NRF   ACCEPT   ← 10.100.200.9:37734      pid=146207  fd=14
[03:57:52.816079] NRF   READ     198    bytes  pid=146207
[03:57:52.816278] NRF   WRITE    8      bytes  pid=146207
[03:57:52.816294] NRF   READ     8      bytes  pid=146207
[03:57:52.816326] NRF   WRITE    39     bytes  pid=146207
[03:57:52.816420] NRF   WRITE    22     bytes  pid=146207
[03:57:52.816454] NRF   WRITE    85     bytes  pid=146207
[03:57:52.816680] NRF   READ     9      bytes  pid=146207
[03:57:52.816692] NRF   READ     121    bytes  pid=146207
[03:57:52.816719] NRF   READ     9      bytes  pid=146207
[03:57:52.816808] NRF   API      AccessToken               pid=146207 tid=146508
[03:57:52.816983] NRF   WRITE    196    bytes  pid=146207
[03:57:52.817485] NRF   READ     4      bytes  pid=146207
[03:57:52.817511] NRF   READ     1951   bytes  pid=146207
[03:57:52.818619] NRF   READ     1302   bytes  pid=146207
[03:57:52.818732] NRF   WRITE    291    bytes  pid=146207
[03:57:52.818905] NRF   WRITE    157    bytes  pid=146207
[03:57:52.819285] NRF   READ     4      bytes  pid=146207
[03:57:52.819297] NRF   READ     730    bytes  pid=146207
[03:57:52.822737] NRF   WRITE    112    bytes  pid=146207
[03:57:52.822874] NRF   WRITE    62     bytes  pid=146207
[03:57:52.823019] NRF   WRITE    8      bytes  pid=146207
[03:57:52.823055] NRF   WRITE    621    bytes  pid=146207
[03:57:52.824217] NRF   READ     8      bytes  pid=146207
[03:57:52.824253] NRF   WRITE    17     bytes  pid=146207
[03:57:52.824326] NRF   WRITE    8      bytes  pid=146207
[03:57:52.824343] NRF   READ     8      bytes  pid=146207
[03:57:52.829363] NRF   ACCEPT   ← 10.100.200.16:50944     pid=146207  fd=26
[03:57:52.829521] NRF   READ     330    bytes  pid=146207
[03:57:52.829622] NRF   WRITE    8      bytes  pid=146207
[03:57:52.829635] NRF   READ     8      bytes  pid=146207
[03:57:52.829662] NRF   WRITE    39     bytes  pid=146207
[03:57:52.829768] NRF   WRITE    22     bytes  pid=146207
[03:57:52.829876] NRF   WRITE    85     bytes  pid=146207
[03:57:52.829996] NRF   READ     9      bytes  pid=146207
[03:57:52.830119] NRF   API      AccessToken               pid=146207 tid=146508
[03:57:52.830253] NRF   WRITE    196    bytes  pid=146207
[03:57:52.830829] NRF   READ     4      bytes  pid=146207
[03:57:52.830969] NRF   READ     2418   bytes  pid=146207
[03:57:52.833215] NRF   READ     1302   bytes  pid=146207
[03:57:52.833333] NRF   WRITE    291    bytes  pid=146207
[03:57:52.836684] NRF   WRITE    112    bytes  pid=146207
[03:57:52.836899] NRF   WRITE    63     bytes  pid=146207
[03:57:52.836994] NRF   WRITE    8      bytes  pid=146207
[03:57:52.837024] NRF   WRITE    626    bytes  pid=146207
[03:57:52.837201] NRF   READ     8      bytes  pid=146207
[03:57:52.837577] NRF   READ     9      bytes  pid=146207
[03:57:52.837587] NRF   READ     531    bytes  pid=146207
[03:57:52.837764] NRF   READ     1237   bytes  pid=146207
[03:57:52.838126] NRF   WRITE    84     bytes  pid=146207
[03:57:52.838143] NRF   API      NFDiscovery               pid=146207 tid=146207
[03:57:52.838355] NRF   WRITE    511    bytes  pid=146207
[03:57:52.838953] NRF   READ     4      bytes  pid=146207
[03:57:52.838959] NRF   READ     1951   bytes  pid=146207
[03:57:52.840099] NRF   WRITE    192    bytes  pid=146207
[03:57:52.840151] NRF   WRITE    17     bytes  pid=146207
[03:57:52.840244] NRF   WRITE    8      bytes  pid=146207
[03:57:52.840256] NRF   WRITE    1688   bytes  pid=146207
[03:57:52.840257] NRF   READ     8      bytes  pid=146207
[03:57:52.840798] NRF   READ     9      bytes  pid=146207
[03:57:52.840803] NRF   READ     9      bytes  pid=146207
[03:57:52.840855] NRF   READ     9      bytes  pid=146207
[03:57:52.840900] NRF   WRITE    85     bytes  pid=146207
[03:57:52.840912] NRF   READ     123    bytes  pid=146207
[03:57:52.840960] NRF   API      AccessToken               pid=146207 tid=146508
[03:57:52.841120] NRF   WRITE    196    bytes  pid=146207
[03:57:52.841594] NRF   READ     4      bytes  pid=146207
[03:57:52.841602] NRF   READ     2418   bytes  pid=146207
[03:57:52.843407] NRF   READ     1302   bytes  pid=146207
[03:57:52.843541] NRF   WRITE    291    bytes  pid=146207
[03:57:52.843618] NRF   WRITE    157    bytes  pid=146207
[03:57:52.844024] NRF   READ     4      bytes  pid=146207
[03:57:52.844032] NRF   READ     1951   bytes  pid=146207
[03:57:52.848525] NRF   WRITE    112    bytes  pid=146207
[03:57:52.848588] NRF   WRITE    13     bytes  pid=146207
[03:57:52.848690] NRF   WRITE    8      bytes  pid=146207
[03:57:52.848701] NRF   READ     8      bytes  pid=146207
[03:57:52.848723] NRF   WRITE    626    bytes  pid=146207
[03:57:52.849841] NRF   WRITE    17     bytes  pid=146207
[03:57:52.849902] NRF   WRITE    8      bytes  pid=146207
[03:57:52.849914] NRF   READ     8      bytes  pid=146207
[03:57:52.852930] NRF   ACCEPT   ← 10.100.200.9:37738      pid=146207  fd=27
[03:57:52.853034] NRF   READ     328    bytes  pid=146207
[03:57:52.853110] NRF   WRITE    8      bytes  pid=146207
[03:57:52.853190] NRF   WRITE    39     bytes  pid=146207
[03:57:52.853250] NRF   WRITE    22     bytes  pid=146207
[03:57:52.853329] NRF   WRITE    85     bytes  pid=146207
[03:57:52.853614] NRF   READ     8      bytes  pid=146207
[03:57:52.853619] NRF   READ     9      bytes  pid=146207
[03:57:52.853720] NRF   API      AccessToken               pid=146207 tid=146509
[03:57:52.853892] NRF   WRITE    196    bytes  pid=146207
[03:57:52.854346] NRF   READ     4      bytes  pid=146207
[03:57:52.854352] NRF   READ     1951   bytes  pid=146207
[03:57:52.855546] NRF   READ     1302   bytes  pid=146207
[03:57:52.855647] NRF   WRITE    291    bytes  pid=146207
[03:57:52.855975] NRF   WRITE    157    bytes  pid=146207
[03:57:52.856340] NRF   READ     4      bytes  pid=146207
[03:57:52.856347] NRF   READ     730    bytes  pid=146207
[03:57:52.860080] NRF   WRITE    112    bytes  pid=146207
[03:57:52.860349] NRF   WRITE    62     bytes  pid=146207
[03:57:52.860565] NRF   WRITE    8      bytes  pid=146207
[03:57:52.860575] NRF   READ     8      bytes  pid=146207
[03:57:52.860593] NRF   WRITE    621    bytes  pid=146207
[03:57:52.861667] NRF   WRITE    17     bytes  pid=146207
[03:57:52.861758] NRF   WRITE    8      bytes  pid=146207
[03:57:52.861772] NRF   READ     8      bytes  pid=146207
[03:57:52.887189] NRF   ACCEPT   ← 10.100.200.16:50948     pid=146207  fd=28
[03:57:52.888762] NRF   READ     329    bytes  pid=146207
[03:57:52.888858] NRF   WRITE    8      bytes  pid=146207
[03:57:52.888938] NRF   WRITE    39     bytes  pid=146207
[03:57:52.889064] NRF   READ     8      bytes  pid=146207
[03:57:52.889121] NRF   WRITE    85     bytes  pid=146207
[03:57:52.889163] NRF   API      AccessToken               pid=146207 tid=146511
[03:57:52.889281] NRF   WRITE    196    bytes  pid=146207
[03:57:52.889821] NRF   READ     4      bytes  pid=146207
[03:57:52.889829] NRF   READ     2418   bytes  pid=146207
[03:57:52.892222] NRF   READ     9      bytes  pid=146207
[03:57:52.892284] NRF   WRITE    22     bytes  pid=146207
[03:57:52.895473] NRF   READ     1302   bytes  pid=146207
[03:57:52.895651] NRF   WRITE    291    bytes  pid=146207
[03:57:52.895851] NRF   WRITE    157    bytes  pid=146207
[03:57:52.898390] NRF   READ     4      bytes  pid=146207
[03:57:52.898413] NRF   READ     1951   bytes  pid=146207
[03:57:52.902442] NRF   WRITE    112    bytes  pid=146207
[03:57:52.902531] NRF   WRITE    63     bytes  pid=146207
[03:57:52.902663] NRF   WRITE    8      bytes  pid=146207
[03:57:52.902679] NRF   READ     8      bytes  pid=146207
[03:57:52.902699] NRF   WRITE    623    bytes  pid=146207
[03:57:52.903822] NRF   WRITE    17     bytes  pid=146207
[03:57:52.903887] NRF   WRITE    8      bytes  pid=146207
[03:57:52.903898] NRF   READ     8      bytes  pid=146207
[03:57:52.906340] NRF   ACCEPT   ← 10.100.200.9:38730      pid=146207  fd=29
[03:57:52.906439] NRF   READ     328    bytes  pid=146207
[03:57:52.906522] NRF   WRITE    8      bytes  pid=146207
[03:57:52.906568] NRF   READ     8      bytes  pid=146207
[03:57:52.906575] NRF   WRITE    39     bytes  pid=146207
[03:57:52.906640] NRF   WRITE    22     bytes  pid=146207
[03:57:52.906681] NRF   WRITE    85     bytes  pid=146207
[03:57:52.906720] NRF   API      AccessToken               pid=146207 tid=146207
[03:57:52.906849] NRF   WRITE    196    bytes  pid=146207
[03:57:52.906924] NRF   READ     9      bytes  pid=146207
[03:57:52.907397] NRF   READ     4      bytes  pid=146207
[03:57:52.907430] NRF   READ     1951   bytes  pid=146207
[03:57:52.908834] NRF   READ     1302   bytes  pid=146207
[03:57:52.908956] NRF   WRITE    291    bytes  pid=146207
[03:57:52.911096] NRF   WRITE    157    bytes  pid=146207
[03:57:52.911492] NRF   READ     4      bytes  pid=146207
[03:57:52.911499] NRF   READ     730    bytes  pid=146207
[03:57:52.914890] NRF   WRITE    112    bytes  pid=146207
[03:57:52.914958] NRF   WRITE    62     bytes  pid=146207
[03:57:52.915058] NRF   WRITE    8      bytes  pid=146207
[03:57:52.915074] NRF   READ     8      bytes  pid=146207
[03:57:52.915104] NRF   WRITE    621    bytes  pid=146207
[03:57:52.916167] NRF   WRITE    17     bytes  pid=146207
[03:57:52.917372] NRF   WRITE    8      bytes  pid=146207
[03:57:52.917394] NRF   READ     8      bytes  pid=146207
[03:57:52.922488] NRF   ACCEPT   ← 10.100.200.16:53668     pid=146207  fd=30
[03:57:52.922582] NRF   WRITE    8      bytes  pid=146207
[03:57:52.922598] NRF   READ     8      bytes  pid=146207
[03:57:52.922805] NRF   READ     70     bytes  pid=146207
[03:57:52.922917] NRF   WRITE    8      bytes  pid=146207
[03:57:52.922943] NRF   WRITE    39     bytes  pid=146207
[03:57:52.922974] NRF   WRITE    22     bytes  pid=146207
[03:57:52.923039] NRF   READ     8      bytes  pid=146207
[03:57:52.923344] NRF   READ     9      bytes  pid=146207
[03:57:52.923349] NRF   READ     119    bytes  pid=146207
[03:57:52.923464] NRF   WRITE    85     bytes  pid=146207
[03:57:52.923781] NRF   READ     9      bytes  pid=146207
[03:57:52.923808] NRF   READ     122    bytes  pid=146207
[03:57:52.923850] NRF   API      AccessToken               pid=146207 tid=146511
[03:57:52.923974] NRF   WRITE    196    bytes  pid=146207
[03:57:52.924046] NRF   WRITE    8      bytes  pid=146207
[03:57:52.924056] NRF   READ     8      bytes  pid=146207
[03:57:52.924363] NRF   READ     4      bytes  pid=146207
[03:57:52.924370] NRF   READ     2418   bytes  pid=146207
[03:57:52.925524] NRF   READ     1302   bytes  pid=146207
[03:57:52.925627] NRF   WRITE    291    bytes  pid=146207
[03:57:52.925702] NRF   WRITE    157    bytes  pid=146207
[03:57:52.926177] NRF   READ     4      bytes  pid=146207
[03:57:52.926184] NRF   READ     1951   bytes  pid=146207
[03:57:52.930055] NRF   WRITE    112    bytes  pid=146207
[03:57:52.930179] NRF   WRITE    63     bytes  pid=146207
[03:57:52.930273] NRF   WRITE    8      bytes  pid=146207
[03:57:52.930288] NRF   READ     8      bytes  pid=146207
[03:57:52.930311] NRF   WRITE    623    bytes  pid=146207
[03:57:52.931379] NRF   WRITE    17     bytes  pid=146207
[03:57:52.934172] NRF   READ     9      bytes  pid=146207
[03:57:52.934258] NRF   WRITE    8      bytes  pid=146207
[03:57:52.934272] NRF   READ     8      bytes  pid=146207
[03:57:52.937441] NRF   ACCEPT   ← 10.100.200.9:38742      pid=146207  fd=30
[03:57:52.937807] NRF   READ     70     bytes  pid=146207
[03:57:52.938073] NRF   WRITE    8      bytes  pid=146207
[03:57:52.938187] NRF   READ     8      bytes  pid=146207
[03:57:52.938223] NRF   READ     9      bytes  pid=146207
[03:57:52.938227] NRF   READ     119    bytes  pid=146207
[03:57:52.938248] NRF   WRITE    39     bytes  pid=146207
[03:57:52.938339] NRF   WRITE    22     bytes  pid=146207
[03:57:52.938651] NRF   WRITE    85     bytes  pid=146207
[03:57:52.939023] NRF   READ     9      bytes  pid=146207
[03:57:52.939027] NRF   READ     121    bytes  pid=146207
[03:57:52.939046] NRF   READ     9      bytes  pid=146207
[03:57:52.939081] NRF   API      AccessToken               pid=146207 tid=146207
[03:57:52.939206] NRF   WRITE    196    bytes  pid=146207
[03:57:52.939896] NRF   READ     4      bytes  pid=146207
[03:57:52.939904] NRF   READ     1951   bytes  pid=146207
[03:57:52.941360] NRF   READ     1302   bytes  pid=146207
[03:57:52.941480] NRF   WRITE    291    bytes  pid=146207
[03:57:52.941589] NRF   WRITE    157    bytes  pid=146207
[03:57:52.944595] NRF   READ     4      bytes  pid=146207
[03:57:52.944607] NRF   READ     730    bytes  pid=146207
[03:57:52.947938] NRF   WRITE    112    bytes  pid=146207
[03:57:52.948009] NRF   WRITE    62     bytes  pid=146207
[03:57:52.948078] NRF   WRITE    8      bytes  pid=146207
[03:57:52.948092] NRF   WRITE    621    bytes  pid=146207
[03:57:52.953287] NRF   WRITE    17     bytes  pid=146207
[03:57:52.953512] NRF   READ     8      bytes  pid=146207
[03:57:52.953539] NRF   ACCEPT   ← 10.100.200.16:53684     pid=146207  fd=31
[03:57:52.953748] NRF   READ     70     bytes  pid=146207
[03:57:52.953850] NRF   WRITE    39     bytes  pid=146207
[03:57:52.953903] NRF   WRITE    22     bytes  pid=146207
[03:57:52.953933] NRF   READ     9      bytes  pid=146207
[03:57:52.953937] NRF   READ     119    bytes  pid=146207
[03:57:52.953995] NRF   READ     9      bytes  pid=146207
[03:57:52.953999] NRF   READ     122    bytes  pid=146207
[03:57:52.954028] NRF   READ     9      bytes  pid=146207
[03:57:52.954080] NRF   WRITE    85     bytes  pid=146207
[03:57:52.954328] NRF   API      AccessToken               pid=146207 tid=146508
[03:57:52.954487] NRF   WRITE    196    bytes  pid=146207
[03:57:52.988406] NRF   READ     4      bytes  pid=146207
[03:57:52.988429] NRF   READ     2418   bytes  pid=146207
[03:57:52.989884] NRF   READ     1302   bytes  pid=146207
[03:57:52.990022] NRF   WRITE    291    bytes  pid=146207
[03:57:52.990410] NRF   WRITE    157    bytes  pid=146207
[03:57:52.990886] NRF   READ     4      bytes  pid=146207
[03:57:52.990898] NRF   READ     1951   bytes  pid=146207
[03:57:52.995205] NRF   WRITE    112    bytes  pid=146207
[03:57:52.995540] NRF   WRITE    63     bytes  pid=146207
[03:57:52.995656] NRF   WRITE    8      bytes  pid=146207
[03:57:52.995671] NRF   READ     8      bytes  pid=146207
[03:57:52.995689] NRF   WRITE    623    bytes  pid=146207
[03:57:52.996756] NRF   WRITE    17     bytes  pid=146207
[03:57:53.017922] NRF   ACCEPT   ← 10.100.200.9:38750      pid=146207  fd=31
[03:57:53.018053] NRF   READ     328    bytes  pid=146207
[03:57:53.018223] NRF   WRITE    8      bytes  pid=146207
[03:57:53.018243] NRF   READ     8      bytes  pid=146207
[03:57:53.018251] NRF   WRITE    39     bytes  pid=146207
[03:57:53.018409] NRF   WRITE    85     bytes  pid=146207
[03:57:53.018435] NRF   WRITE    22     bytes  pid=146207
[03:57:53.018755] NRF   READ     9      bytes  pid=146207
[03:57:53.018799] NRF   API      AccessToken               pid=146207 tid=146510
[03:57:53.018928] NRF   WRITE    196    bytes  pid=146207
[03:57:53.019357] NRF   READ     4      bytes  pid=146207
[03:57:53.019363] NRF   READ     1951   bytes  pid=146207
[03:57:53.020582] NRF   READ     1302   bytes  pid=146207
[03:57:53.020687] NRF   WRITE    291    bytes  pid=146207
[03:57:53.021124] NRF   WRITE    157    bytes  pid=146207
[03:57:53.021555] NRF   READ     4      bytes  pid=146207
[03:57:53.021559] NRF   READ     730    bytes  pid=146207
[03:57:53.025538] NRF   WRITE    112    bytes  pid=146207
[03:57:53.025883] NRF   WRITE    62     bytes  pid=146207
[03:57:53.025997] NRF   WRITE    8      bytes  pid=146207
[03:57:53.026021] NRF   READ     8      bytes  pid=146207
[03:57:53.026042] NRF   WRITE    621    bytes  pid=146207
[03:57:53.027155] NRF   WRITE    17     bytes  pid=146207
[03:57:53.031158] NRF   ACCEPT   ← 10.100.200.16:53686     pid=146207  fd=32
[03:57:53.031278] NRF   READ     70     bytes  pid=146207
[03:57:53.031487] NRF   WRITE    8      bytes  pid=146207
[03:57:53.031499] NRF   READ     8      bytes  pid=146207
[03:57:53.031540] NRF   READ     9      bytes  pid=146207
[03:57:53.031560] NRF   WRITE    39     bytes  pid=146207
[03:57:53.031823] NRF   READ     119    bytes  pid=146207
[03:57:53.031968] NRF   WRITE    85     bytes  pid=146207
[03:57:53.032031] NRF   WRITE    22     bytes  pid=146207
[03:57:53.032073] NRF   READ     9      bytes  pid=146207
[03:57:53.032077] NRF   READ     122    bytes  pid=146207
[03:57:53.032090] NRF   READ     9      bytes  pid=146207
[03:57:53.032352] NRF   API      AccessToken               pid=146207 tid=146207
[03:57:53.032608] NRF   WRITE    196    bytes  pid=146207
[03:57:53.033117] NRF   READ     4      bytes  pid=146207
[03:57:53.033123] NRF   READ     2418   bytes  pid=146207
[03:57:53.034571] NRF   READ     1302   bytes  pid=146207
[03:57:53.034676] NRF   WRITE    291    bytes  pid=146207
[03:57:53.034744] NRF   WRITE    157    bytes  pid=146207
[03:57:53.035336] NRF   READ     4      bytes  pid=146207
[03:57:53.035347] NRF   READ     1951   bytes  pid=146207
[03:57:53.042998] NRF   WRITE    112    bytes  pid=146207
[03:57:53.043087] NRF   WRITE    63     bytes  pid=146207
[03:57:53.043173] NRF   WRITE    8      bytes  pid=146207
[03:57:53.043216] NRF   READ     8      bytes  pid=146207
[03:57:53.043248] NRF   WRITE    623    bytes  pid=146207
[03:57:53.046171] NRF   WRITE    17     bytes  pid=146207
[03:57:53.046400] NRF   WRITE    8      bytes  pid=146207
[03:57:53.046412] NRF   READ     8      bytes  pid=146207
[03:57:53.048342] NRF   ACCEPT   ← 10.100.200.9:38764      pid=146207  fd=33
[03:57:53.048641] NRF   READ     328    bytes  pid=146207
[03:57:53.048744] NRF   WRITE    8      bytes  pid=146207
[03:57:53.048827] NRF   WRITE    39     bytes  pid=146207
[03:57:53.048982] NRF   WRITE    85     bytes  pid=146207
[03:57:53.049102] NRF   API      AccessToken               pid=146207 tid=146508
[03:57:53.049158] NRF   READ     8      bytes  pid=146207
[03:57:53.049337] NRF   READ     9      bytes  pid=146207
[03:57:53.049443] NRF   WRITE    22     bytes  pid=146207
[03:57:53.049596] NRF   WRITE    196    bytes  pid=146207
[03:57:53.050080] NRF   READ     4      bytes  pid=146207
[03:57:53.050087] NRF   READ     1951   bytes  pid=146207
[03:57:53.051430] NRF   READ     1302   bytes  pid=146207
[03:57:53.051548] NRF   WRITE    291    bytes  pid=146207
[03:57:53.051696] NRF   WRITE    157    bytes  pid=146207
[03:57:53.052062] NRF   READ     4      bytes  pid=146207
[03:57:53.052112] NRF   READ     730    bytes  pid=146207
[03:57:53.056134] NRF   WRITE    112    bytes  pid=146207
[03:57:53.056214] NRF   WRITE    62     bytes  pid=146207
[03:57:53.056357] NRF   WRITE    8      bytes  pid=146207
[03:57:53.056368] NRF   READ     8      bytes  pid=146207
[03:57:53.056385] NRF   WRITE    621    bytes  pid=146207
[03:57:53.057478] NRF   WRITE    17     bytes  pid=146207
[03:57:53.062195] NRF   ACCEPT   ← 10.100.200.16:53688     pid=146207  fd=34
[03:57:53.062280] NRF   READ     330    bytes  pid=146207
[03:57:53.062380] NRF   WRITE    8      bytes  pid=146207
[03:57:53.062389] NRF   READ     8      bytes  pid=146207
[03:57:53.062452] NRF   WRITE    39     bytes  pid=146207
[03:57:53.062536] NRF   WRITE    22     bytes  pid=146207
[03:57:53.062632] NRF   WRITE    85     bytes  pid=146207
[03:57:53.062673] NRF   API      AccessToken               pid=146207 tid=146510
[03:57:53.062804] NRF   WRITE    196    bytes  pid=146207
[03:57:53.063140] NRF   READ     9      bytes  pid=146207
[03:57:53.063338] NRF   WRITE    8      bytes  pid=146207
[03:57:53.063350] NRF   READ     8      bytes  pid=146207
[03:57:53.069840] NRF   READ     4      bytes  pid=146207
[03:57:53.069852] NRF   READ     2418   bytes  pid=146207
[03:57:53.071343] NRF   READ     1302   bytes  pid=146207
[03:57:53.071458] NRF   WRITE    291    bytes  pid=146207
[03:57:53.075133] NRF   WRITE    112    bytes  pid=146207
[03:57:53.075211] NRF   WRITE    63     bytes  pid=146207
[03:57:53.075359] NRF   WRITE    8      bytes  pid=146207
[03:57:53.075370] NRF   READ     8      bytes  pid=146207
[03:57:53.075387] NRF   WRITE    626    bytes  pid=146207
[03:57:53.076160] NRF   READ     9      bytes  pid=146207
[03:57:53.076170] NRF   READ     549    bytes  pid=146207
[03:57:53.076301] NRF   READ     1237   bytes  pid=146207
[03:57:53.076584] NRF   WRITE    84     bytes  pid=146207
[03:57:53.076601] NRF   API      NFDiscovery               pid=146207 tid=146509
[03:57:53.076744] NRF   WRITE    449    bytes  pid=146207
[03:57:53.077286] NRF   READ     4      bytes  pid=146207
[03:57:53.077292] NRF   READ     2464   bytes  pid=146207
[03:57:53.078381] NRF   WRITE    217    bytes  pid=146207
[03:57:53.078438] NRF   WRITE    17     bytes  pid=146207
[03:57:53.078557] NRF   WRITE    8      bytes  pid=146207
[03:57:53.078572] NRF   READ     8      bytes  pid=146207
[03:57:53.078589] NRF   WRITE    2152   bytes  pid=146207
[03:57:53.079672] NRF   WRITE    17     bytes  pid=146207
[03:57:53.079757] NRF   WRITE    8      bytes  pid=146207
[03:57:53.079778] NRF   READ     8      bytes  pid=146207
[03:57:53.081727] NRF   ACCEPT   ← 10.100.200.16:53704     pid=146207  fd=35
[03:57:53.082147] NRF   READ     70     bytes  pid=146207
[03:57:53.082255] NRF   WRITE    39     bytes  pid=146207
[03:57:53.082297] NRF   WRITE    22     bytes  pid=146207
[03:57:53.082504] NRF   READ     9      bytes  pid=146207
[03:57:53.082591] NRF   WRITE    8      bytes  pid=146207
[03:57:53.082608] NRF   READ     8      bytes  pid=146207
[03:57:53.082771] NRF   READ     9      bytes  pid=146207
[03:57:53.082807] NRF   READ     123    bytes  pid=146207
[03:57:53.082911] NRF   WRITE    85     bytes  pid=146207
[03:57:53.083495] NRF   READ     9      bytes  pid=146207
[03:57:53.083507] NRF   READ     136    bytes  pid=146207
[03:57:53.083557] NRF   API      AccessToken               pid=146207 tid=146207
[03:57:53.083743] NRF   WRITE    196    bytes  pid=146207
[03:57:53.084315] NRF   READ     4      bytes  pid=146207
[03:57:53.084331] NRF   READ     2418   bytes  pid=146207
[03:57:53.085523] NRF   READ     1302   bytes  pid=146207
[03:57:53.085632] NRF   WRITE    291    bytes  pid=146207
[03:57:53.085687] NRF   WRITE    157    bytes  pid=146207
[03:57:53.086499] NRF   READ     4      bytes  pid=146207
[03:57:53.086520] NRF   READ     2464   bytes  pid=146207
[03:57:53.090927] NRF   WRITE    112    bytes  pid=146207
[03:57:53.091592] NRF   WRITE    63     bytes  pid=146207
[03:57:53.091726] NRF   WRITE    8      bytes  pid=146207
[03:57:53.091758] NRF   READ     8      bytes  pid=146207
[03:57:53.091781] NRF   WRITE    656    bytes  pid=146207
[03:57:53.092858] NRF   WRITE    17     bytes  pid=146207
[03:57:53.092928] NRF   WRITE    8      bytes  pid=146207
[03:57:53.092947] NRF   READ     8      bytes  pid=146207
[03:57:53.098129] NRF   ACCEPT   ← 10.100.200.11:57562     pid=146207  fd=36
[03:57:53.098284] NRF   READ     328    bytes  pid=146207
[03:57:53.098365] NRF   WRITE    8      bytes  pid=146207
[03:57:53.098441] NRF   WRITE    39     bytes  pid=146207
[03:57:53.098519] NRF   WRITE    22     bytes  pid=146207
[03:57:53.098611] NRF   WRITE    85     bytes  pid=146207
[03:57:53.098659] NRF   API      AccessToken               pid=146207 tid=146509
[03:57:53.098795] NRF   WRITE    196    bytes  pid=146207
[03:57:53.099500] NRF   READ     8      bytes  pid=146207
[03:57:53.099518] NRF   READ     9      bytes  pid=146207
[03:57:53.099567] NRF   WRITE    8      bytes  pid=146207
[03:57:53.099579] NRF   READ     8      bytes  pid=146207
[03:57:53.099636] NRF   READ     4      bytes  pid=146207
[03:57:53.099647] NRF   READ     2464   bytes  pid=146207
[03:57:53.100742] NRF   READ     1302   bytes  pid=146207
[03:57:53.100845] NRF   WRITE    291    bytes  pid=146207
[03:57:53.101163] NRF   WRITE    157    bytes  pid=146207
[03:57:53.101568] NRF   READ     4      bytes  pid=146207
[03:57:53.101584] NRF   READ     730    bytes  pid=146207
[03:57:53.105094] NRF   WRITE    112    bytes  pid=146207
[03:57:53.105413] NRF   WRITE    62     bytes  pid=146207
[03:57:53.105513] NRF   WRITE    8      bytes  pid=146207
[03:57:53.105536] NRF   READ     8      bytes  pid=146207
[03:57:53.105586] NRF   WRITE    621    bytes  pid=146207
[03:57:53.106723] NRF   WRITE    17     bytes  pid=146207
[03:57:53.106860] NRF   WRITE    8      bytes  pid=146207
[03:57:53.106886] NRF   READ     8      bytes  pid=146207
[03:57:53.324939] NRF   ACCEPT   ← 10.100.200.16:53720     pid=146207  fd=37
[03:57:53.325506] NRF   READ     70     bytes  pid=146207
[03:57:53.325617] NRF   WRITE    39     bytes  pid=146207
[03:57:53.325653] NRF   WRITE    22     bytes  pid=146207
[03:57:53.325960] NRF   READ     9      bytes  pid=146207
[03:57:53.325970] NRF   READ     119    bytes  pid=146207
[03:57:53.326101] NRF   READ     9      bytes  pid=146207
[03:57:53.326180] NRF   WRITE    85     bytes  pid=146207
[03:57:53.326230] NRF   READ     123    bytes  pid=146207
[03:57:53.326291] NRF   READ     9      bytes  pid=146207
[03:57:53.326353] NRF   API      AccessToken               pid=146207 tid=146510
[03:57:53.326610] NRF   WRITE    196    bytes  pid=146207
[03:57:53.327081] NRF   READ     4      bytes  pid=146207
[03:57:53.327087] NRF   READ     2418   bytes  pid=146207
[03:57:53.328517] NRF   READ     1302   bytes  pid=146207
[03:57:53.328623] NRF   WRITE    291    bytes  pid=146207
[03:57:53.331710] NRF   WRITE    112    bytes  pid=146207
[03:57:53.331796] NRF   WRITE    63     bytes  pid=146207
[03:57:53.331916] NRF   WRITE    8      bytes  pid=146207
[03:57:53.331933] NRF   READ     8      bytes  pid=146207
[03:57:53.331953] NRF   WRITE    626    bytes  pid=146207
[03:57:53.332622] NRF   READ     9      bytes  pid=146207
[03:57:53.332638] NRF   READ     514    bytes  pid=146207
[03:57:53.332803] NRF   READ     1237   bytes  pid=146207
[03:57:53.333104] NRF   WRITE    84     bytes  pid=146207
[03:57:53.333125] NRF   API      NFDiscovery               pid=146207 tid=146508
[03:57:53.333262] NRF   WRITE    237    bytes  pid=146207
[03:57:53.333741] NRF   READ     4      bytes  pid=146207
[03:57:53.333753] NRF   READ     1019   bytes  pid=146207
[03:57:53.334567] NRF   WRITE    167    bytes  pid=146207
[03:57:53.334633] NRF   WRITE    17     bytes  pid=146207
[03:57:53.334964] NRF   WRITE    8      bytes  pid=146207
[03:57:53.335173] NRF   WRITE    856    bytes  pid=146207
[03:57:53.335274] NRF   READ     8      bytes  pid=146207
[03:57:53.335767] NRF   READ     9      bytes  pid=146207
[03:57:53.335779] NRF   READ     12     bytes  pid=146207
[03:57:53.335868] NRF   READ     9      bytes  pid=146207
[03:57:53.335907] NRF   READ     132    bytes  pid=146207
[03:57:53.335968] NRF   WRITE    85     bytes  pid=146207
[03:57:53.336134] NRF   API      AccessToken               pid=146207 tid=146207
[03:57:53.336288] NRF   WRITE    196    bytes  pid=146207
[03:57:53.336720] NRF   READ     4      bytes  pid=146207
[03:57:53.336756] NRF   READ     2418   bytes  pid=146207
[03:57:53.338137] NRF   READ     1302   bytes  pid=146207
[03:57:53.338241] NRF   WRITE    291    bytes  pid=146207
[03:57:53.338311] NRF   WRITE    158    bytes  pid=146207
[03:57:53.338686] NRF   READ     4      bytes  pid=146207
[03:57:53.338717] NRF   READ     1019   bytes  pid=146207
[03:57:53.341201] NRF   WRITE    112    bytes  pid=146207
[03:57:53.341255] NRF   WRITE    17     bytes  pid=146207
[03:57:53.341405] NRF   WRITE    8      bytes  pid=146207
[03:57:53.341422] NRF   WRITE    644    bytes  pid=146207
[03:57:53.341485] NRF   READ     8      bytes  pid=146207
[03:57:53.342727] NRF   WRITE    17     bytes  pid=146207
[03:57:53.342796] NRF   WRITE    8      bytes  pid=146207
[03:57:53.342814] NRF   READ     8      bytes  pid=146207
[03:57:53.344263] NRF   ACCEPT   ← 10.100.200.16:53732     pid=146207  fd=38
[03:57:53.344340] NRF   READ     70     bytes  pid=146207
[03:57:53.344431] NRF   WRITE    39     bytes  pid=146207
[03:57:53.344444] NRF   READ     9      bytes  pid=146207
[03:57:53.344447] NRF   READ     119    bytes  pid=146207
[03:57:53.344579] NRF   WRITE    85     bytes  pid=146207
[03:57:53.344714] NRF   WRITE    22     bytes  pid=146207
[03:57:53.344781] NRF   READ     9      bytes  pid=146207
[03:57:53.344807] NRF   READ     123    bytes  pid=146207
[03:57:53.344853] NRF   READ     9      bytes  pid=146207
[03:57:53.344906] NRF   API      AccessToken               pid=146207 tid=146508
[03:57:53.345167] NRF   WRITE    196    bytes  pid=146207
[03:57:53.345564] NRF   READ     4      bytes  pid=146207
[03:57:53.345573] NRF   READ     2418   bytes  pid=146207
[03:57:53.346825] NRF   READ     1302   bytes  pid=146207
[03:57:53.346933] NRF   WRITE    291    bytes  pid=146207
[03:57:53.349845] NRF   WRITE    112    bytes  pid=146207
[03:57:53.349932] NRF   WRITE    63     bytes  pid=146207
[03:57:53.350561] NRF   WRITE    8      bytes  pid=146207
[03:57:53.350583] NRF   READ     8      bytes  pid=146207
[03:57:53.350588] NRF   WRITE    626    bytes  pid=146207
[03:57:53.350890] NRF   READ     9      bytes  pid=146207
[03:57:53.350903] NRF   READ     658    bytes  pid=146207
[03:57:53.351351] NRF   READ     1237   bytes  pid=146207
[03:57:53.353130] NRF   WRITE    8      bytes  pid=146207
[03:57:53.353155] NRF   READ     8      bytes  pid=146207
[03:57:53.353426] NRF   WRITE    84     bytes  pid=146207
[03:57:53.353444] NRF   API      NFDiscovery               pid=146207 tid=146511
[03:57:53.353624] NRF   WRITE    698    bytes  pid=146207
[03:57:53.354225] NRF   READ     4      bytes  pid=146207
[03:57:53.354235] NRF   READ     2007   bytes  pid=146207
[03:57:53.355104] NRF   WRITE    368    bytes  pid=146207
[03:57:53.355154] NRF   WRITE    17     bytes  pid=146207
[03:57:53.355219] NRF   WRITE    8      bytes  pid=146207
[03:57:53.355397] NRF   WRITE    1734   bytes  pid=146207
[03:57:53.355538] NRF   READ     8      bytes  pid=146207
[03:57:53.355816] NRF   READ     9      bytes  pid=146207
[03:57:53.355824] NRF   READ     12     bytes  pid=146207
[03:57:53.355878] NRF   READ     9      bytes  pid=146207
[03:57:53.355907] NRF   READ     129    bytes  pid=146207
[03:57:53.355930] NRF   WRITE    85     bytes  pid=146207
[03:57:53.355966] NRF   API      AccessToken               pid=146207 tid=146509
[03:57:53.356312] NRF   WRITE    196    bytes  pid=146207
[03:57:53.356657] NRF   READ     4      bytes  pid=146207
[03:57:53.356665] NRF   READ     2418   bytes  pid=146207
[03:57:53.357674] NRF   READ     1302   bytes  pid=146207
[03:57:53.357757] NRF   WRITE    291    bytes  pid=146207
[03:57:53.357826] NRF   WRITE    157    bytes  pid=146207
[03:57:53.358162] NRF   READ     4      bytes  pid=146207
[03:57:53.358173] NRF   READ     2007   bytes  pid=146207
[03:57:53.360876] NRF   WRITE    112    bytes  pid=146207
[03:57:53.360924] NRF   WRITE    17     bytes  pid=146207
[03:57:53.360977] NRF   WRITE    8      bytes  pid=146207
[03:57:53.360997] NRF   WRITE    640    bytes  pid=146207
[03:57:53.361050] NRF   READ     8      bytes  pid=146207
[03:57:53.363082] NRF   WRITE    17     bytes  pid=146207
[03:57:53.364558] NRF   ACCEPT   ← 10.100.200.6:45792      pid=146207  fd=39
[03:57:53.364761] NRF   READ     70     bytes  pid=146207
[03:57:53.364857] NRF   WRITE    8      bytes  pid=146207
[03:57:53.364886] NRF   READ     9      bytes  pid=146207
[03:57:53.364889] NRF   READ     120    bytes  pid=146207
[03:57:53.364944] NRF   READ     9      bytes  pid=146207
[03:57:53.364951] NRF   READ     134    bytes  pid=146207
[03:57:53.364963] NRF   WRITE    39     bytes  pid=146207
[03:57:53.365149] NRF   WRITE    85     bytes  pid=146207
[03:57:53.365199] NRF   API      AccessToken               pid=146207 tid=146207
[03:57:53.365330] NRF   WRITE    196    bytes  pid=146207
[03:57:53.365379] NRF   READ     8      bytes  pid=146207
[03:57:53.365407] NRF   READ     9      bytes  pid=146207
[03:57:53.365444] NRF   WRITE    22     bytes  pid=146207
[03:57:53.365718] NRF   READ     4      bytes  pid=146207
[03:57:53.365726] NRF   READ     2007   bytes  pid=146207
[03:57:53.366666] NRF   READ     1302   bytes  pid=146207
[03:57:53.366764] NRF   WRITE    291    bytes  pid=146207
[03:57:53.367189] NRF   WRITE    157    bytes  pid=146207
[03:57:53.367602] NRF   READ     4      bytes  pid=146207
[03:57:53.367626] NRF   READ     2464   bytes  pid=146207
[03:57:53.370376] NRF   WRITE    112    bytes  pid=146207
[03:57:53.370433] NRF   WRITE    63     bytes  pid=146207
[03:57:53.370546] NRF   WRITE    8      bytes  pid=146207
[03:57:53.370585] NRF   WRITE    651    bytes  pid=146207
[03:57:53.370613] NRF   READ     8      bytes  pid=146207
[03:57:53.371785] NRF   WRITE    17     bytes  pid=146207
[03:57:53.373086] NRF   ACCEPT   ← 10.100.200.11:57574     pid=146207  fd=40
[03:57:53.373185] NRF   WRITE    8      bytes  pid=146207
[03:57:53.373202] NRF   READ     8      bytes  pid=146207
[03:57:53.373209] NRF   READ     70     bytes  pid=146207
[03:57:53.373293] NRF   WRITE    8      bytes  pid=146207
[03:57:53.373328] NRF   WRITE    39     bytes  pid=146207
[03:57:53.373384] NRF   READ     8      bytes  pid=146207
[03:57:53.373420] NRF   WRITE    22     bytes  pid=146207
[03:57:53.373472] NRF   READ     9      bytes  pid=146207
[03:57:53.373482] NRF   READ     119    bytes  pid=146207
[03:57:53.373538] NRF   READ     9      bytes  pid=146207
[03:57:53.373569] NRF   READ     121    bytes  pid=146207
[03:57:53.373582] NRF   READ     9      bytes  pid=146207
[03:57:53.373636] NRF   WRITE    85     bytes  pid=146207
[03:57:53.373671] NRF   API      AccessToken               pid=146207 tid=146510
[03:57:53.373896] NRF   WRITE    196    bytes  pid=146207
[03:57:53.374326] NRF   READ     4      bytes  pid=146207
[03:57:53.374342] NRF   READ     2464   bytes  pid=146207
[03:57:53.375694] NRF   READ     1302   bytes  pid=146207
[03:57:53.375798] NRF   WRITE    291    bytes  pid=146207
[03:57:53.375863] NRF   WRITE    157    bytes  pid=146207
[03:57:53.376177] NRF   READ     4      bytes  pid=146207
[03:57:53.376192] NRF   READ     730    bytes  pid=146207
[03:57:53.378421] NRF   WRITE    112    bytes  pid=146207
[03:57:53.378511] NRF   WRITE    62     bytes  pid=146207
[03:57:53.378617] NRF   WRITE    8      bytes  pid=146207
[03:57:53.378635] NRF   WRITE    621    bytes  pid=146207
[03:57:53.378653] NRF   READ     8      bytes  pid=146207
[03:57:53.379840] NRF   WRITE    17     bytes  pid=146207
[03:57:53.384423] NRF   ACCEPT   ← 10.100.200.6:45794      pid=146207  fd=41
[03:57:53.384526] NRF   READ     70     bytes  pid=146207
[03:57:53.384624] NRF   WRITE    39     bytes  pid=146207
[03:57:53.384683] NRF   WRITE    22     bytes  pid=146207
[03:57:53.384773] NRF   READ     9      bytes  pid=146207
[03:57:53.384785] NRF   READ     119    bytes  pid=146207
[03:57:53.384847] NRF   READ     9      bytes  pid=146207
[03:57:53.384855] NRF   READ     122    bytes  pid=146207
[03:57:53.384887] NRF   READ     9      bytes  pid=146207
[03:57:53.384905] NRF   WRITE    85     bytes  pid=146207
[03:57:53.384971] NRF   API      AccessToken               pid=146207 tid=146511
[03:57:53.385139] NRF   WRITE    196    bytes  pid=146207
[03:57:53.385542] NRF   READ     4      bytes  pid=146207
[03:57:53.385550] NRF   READ     2007   bytes  pid=146207
[03:57:53.386354] NRF   READ     1302   bytes  pid=146207
[03:57:53.386431] NRF   WRITE    291    bytes  pid=146207
[03:57:53.386499] NRF   WRITE    157    bytes  pid=146207
[03:57:53.386843] NRF   READ     4      bytes  pid=146207
[03:57:53.386894] NRF   READ     1951   bytes  pid=146207
[03:57:53.389726] NRF   WRITE    112    bytes  pid=146207
[03:57:53.389793] NRF   WRITE    63     bytes  pid=146207
[03:57:53.390017] NRF   WRITE    8      bytes  pid=146207
[03:57:53.390036] NRF   READ     8      bytes  pid=146207
[03:57:53.390060] NRF   WRITE    623    bytes  pid=146207
[03:57:53.391106] NRF   WRITE    17     bytes  pid=146207
[03:57:53.396154] NRF   ACCEPT   ← 10.100.200.6:45808      pid=146207  fd=42
[03:57:53.396242] NRF   READ     344    bytes  pid=146207
[03:57:53.396391] NRF   WRITE    39     bytes  pid=146207
[03:57:53.396489] NRF   WRITE    22     bytes  pid=146207
[03:57:53.396574] NRF   WRITE    85     bytes  pid=146207
[03:57:53.396781] NRF   READ     9      bytes  pid=146207
[03:57:53.396914] NRF   API      AccessToken               pid=146207 tid=146511
[03:57:53.397086] NRF   WRITE    196    bytes  pid=146207
[03:57:53.397502] NRF   READ     4      bytes  pid=146207
[03:57:53.397548] NRF   READ     2007   bytes  pid=146207
[03:57:53.399210] NRF   READ     1302   bytes  pid=146207
[03:57:53.399397] NRF   WRITE    291    bytes  pid=146207
[03:57:53.399531] NRF   WRITE    157    bytes  pid=146207
[03:57:53.400269] NRF   READ     4      bytes  pid=146207
[03:57:53.400282] NRF   READ     102    bytes  pid=146207
[03:57:53.400335] NRF   WRITE    99     bytes  pid=146207
[03:57:53.400351] NRF   WRITE    103    bytes  pid=146207
[03:57:53.400388] NRF   WRITE    112    bytes  pid=146207
[03:57:53.400432] NRF   WRITE    62     bytes  pid=146207
[03:57:53.400602] NRF   WRITE    8      bytes  pid=146207
[03:57:53.400624] NRF   WRITE    35     bytes  pid=146207
[03:57:53.400673] NRF   READ     8      bytes  pid=146207
[03:57:53.401046] NRF   READ     9      bytes  pid=146207
[03:57:53.401065] NRF   READ     15     bytes  pid=146207
[03:57:53.401115] NRF   READ     9      bytes  pid=146207
[03:57:53.401149] NRF   READ     122    bytes  pid=146207
[03:57:53.401173] NRF   WRITE    85     bytes  pid=146207
[03:57:53.401213] NRF   API      AccessToken               pid=146207 tid=146511
[03:57:53.401330] NRF   WRITE    196    bytes  pid=146207
[03:57:53.401749] NRF   READ     4      bytes  pid=146207
[03:57:53.401760] NRF   READ     2007   bytes  pid=146207
[03:57:53.402807] NRF   READ     1302   bytes  pid=146207
[03:57:53.402908] NRF   WRITE    291    bytes  pid=146207
[03:57:53.402967] NRF   WRITE    157    bytes  pid=146207
[03:57:53.403448] NRF   READ     4      bytes  pid=146207
[03:57:53.403458] NRF   READ     1951   bytes  pid=146207
[03:57:53.406157] NRF   WRITE    112    bytes  pid=146207
[03:57:53.406271] NRF   WRITE    17     bytes  pid=146207
[03:57:53.406394] NRF   WRITE    8      bytes  pid=146207
[03:57:53.406419] NRF   READ     8      bytes  pid=146207
[03:57:53.406545] NRF   WRITE    623    bytes  pid=146207
[03:57:53.406969] NRF   READ     9      bytes  pid=146207
[03:57:53.406977] NRF   READ     12     bytes  pid=146207
[03:57:53.407072] NRF   READ     9      bytes  pid=146207
[03:57:53.407109] NRF   READ     123    bytes  pid=146207
[03:57:53.407126] NRF   WRITE    85     bytes  pid=146207
[03:57:53.407183] NRF   API      AccessToken               pid=146207 tid=146207
[03:57:53.407378] NRF   WRITE    196    bytes  pid=146207
[03:57:53.407717] NRF   READ     4      bytes  pid=146207
[03:57:53.407725] NRF   READ     2007   bytes  pid=146207
[03:57:53.408496] NRF   READ     1302   bytes  pid=146207
[03:57:53.408571] NRF   WRITE    291    bytes  pid=146207
[03:57:53.410634] NRF   WRITE    112    bytes  pid=146207
[03:57:53.410685] NRF   WRITE    17     bytes  pid=146207
[03:57:53.410801] NRF   WRITE    8      bytes  pid=146207
[03:57:53.410817] NRF   WRITE    626    bytes  pid=146207
[03:57:53.410866] NRF   READ     8      bytes  pid=146207
[03:57:53.411269] NRF   READ     9      bytes  pid=146207
[03:57:53.411279] NRF   READ     514    bytes  pid=146207
[03:57:53.411394] NRF   READ     1237   bytes  pid=146207
[03:57:53.411642] NRF   WRITE    84     bytes  pid=146207
[03:57:53.411705] NRF   API      NFDiscovery               pid=146207 tid=146511
[03:57:53.412334] NRF   WRITE    236    bytes  pid=146207
[03:57:53.412869] NRF   READ     4      bytes  pid=146207
[03:57:53.412881] NRF   READ     1951   bytes  pid=146207
[03:57:53.413823] NRF   WRITE    166    bytes  pid=146207
[03:57:53.413958] NRF   WRITE    17     bytes  pid=146207
[03:57:53.414341] NRF   WRITE    8      bytes  pid=146207
[03:57:53.414365] NRF   WRITE    1688   bytes  pid=146207
[03:57:53.415575] NRF   READ     8      bytes  pid=146207
[03:57:53.415644] NRF   READ     9      bytes  pid=146207
[03:57:53.415651] NRF   READ     9      bytes  pid=146207
[03:57:53.415674] NRF   READ     9      bytes  pid=146207
[03:57:53.415704] NRF   READ     122    bytes  pid=146207
[03:57:53.415738] NRF   WRITE    17     bytes  pid=146207
[03:57:53.417383] NRF   ACCEPT   ← 10.100.200.6:45818      pid=146207  fd=43
[03:57:53.417459] NRF   READ     329    bytes  pid=146207
[03:57:53.417494] NRF   READ     9      bytes  pid=146207
[03:57:53.417605] NRF   WRITE    39     bytes  pid=146207
[03:57:53.417719] NRF   WRITE    85     bytes  pid=146207
[03:57:53.417800] NRF   READ     9      bytes  pid=146207
[03:57:53.417862] NRF   WRITE    22     bytes  pid=146207
[03:57:53.418155] NRF   READ     4      bytes  pid=146207
[03:57:53.419146] NRF   API      AccessToken               pid=146207 tid=146511
[03:57:53.424466] NRF   WRITE    196    bytes  pid=146207
[03:57:53.424858] NRF   READ     4      bytes  pid=146207
[03:57:53.424876] NRF   READ     2007   bytes  pid=146207
[03:57:53.425752] NRF   WRITE    8      bytes  pid=146207
[03:57:53.426290] NRF   READ     1302   bytes  pid=146207
[03:57:53.426430] NRF   WRITE    291    bytes  pid=146207
[03:57:53.426461] NRF   READ     8      bytes  pid=146207
[03:57:53.426806] NRF   WRITE    157    bytes  pid=146207
[03:57:53.427524] NRF   READ     4      bytes  pid=146207
[03:57:53.427542] NRF   READ     1951   bytes  pid=146207
[03:57:53.436360] NRF   WRITE    112    bytes  pid=146207
[03:57:53.436802] NRF   WRITE    63     bytes  pid=146207
[03:57:53.436930] NRF   WRITE    8      bytes  pid=146207
[03:57:53.436965] NRF   WRITE    623    bytes  pid=146207
[03:57:53.436985] NRF   READ     8      bytes  pid=146207
[03:57:53.438144] NRF   WRITE    17     bytes  pid=146207
[03:57:53.438900] NRF   WRITE    8      bytes  pid=146207
[03:57:53.438922] NRF   READ     8      bytes  pid=146207
[03:57:53.440414] NRF   ACCEPT   ← 10.100.200.9:38768      pid=146207  fd=42
[03:57:53.440797] NRF   READ     328    bytes  pid=146207
[03:57:53.440952] NRF   WRITE    39     bytes  pid=146207
[03:57:53.441086] NRF   WRITE    22     bytes  pid=146207
[03:57:53.441165] NRF   READ     9      bytes  pid=146207
[03:57:53.441223] NRF   WRITE    85     bytes  pid=146207
[03:57:53.441636] NRF   API      AccessToken               pid=146207 tid=146510
[03:57:53.441779] NRF   WRITE    196    bytes  pid=146207
[03:57:53.442205] NRF   READ     4      bytes  pid=146207
[03:57:53.442217] NRF   READ     1951   bytes  pid=146207
[03:57:53.443464] NRF   READ     1302   bytes  pid=146207
[03:57:53.443584] NRF   WRITE    291    bytes  pid=146207
[03:57:53.444083] NRF   WRITE    157    bytes  pid=146207
[03:57:53.444482] NRF   READ     4      bytes  pid=146207
[03:57:53.444496] NRF   READ     730    bytes  pid=146207
[03:57:53.448199] NRF   WRITE    112    bytes  pid=146207
[03:57:53.448595] NRF   WRITE    62     bytes  pid=146207
[03:57:53.448830] NRF   WRITE    8      bytes  pid=146207
[03:57:53.448856] NRF   WRITE    621    bytes  pid=146207
[03:57:53.448859] NRF   READ     8      bytes  pid=146207
[03:57:53.449969] NRF   WRITE    17     bytes  pid=146207
[03:57:53.453101] NRF   ACCEPT   ← 10.100.200.6:45834      pid=146207  fd=44
[03:57:53.453410] NRF   READ     330    bytes  pid=146207
[03:57:53.453524] NRF   WRITE    39     bytes  pid=146207
[03:57:53.453624] NRF   READ     9      bytes  pid=146207
[03:57:53.453628] NRF   WRITE    22     bytes  pid=146207
[03:57:53.453710] NRF   WRITE    85     bytes  pid=146207
[03:57:53.453752] NRF   API      AccessToken               pid=146207 tid=146207
[03:57:53.453876] NRF   WRITE    196    bytes  pid=146207
[03:57:53.454410] NRF   READ     4      bytes  pid=146207
[03:57:53.454420] NRF   READ     2007   bytes  pid=146207
[03:57:53.455470] NRF   READ     1302   bytes  pid=146207
[03:57:53.455582] NRF   WRITE    291    bytes  pid=146207
[03:57:53.458672] NRF   WRITE    112    bytes  pid=146207
[03:57:53.458730] NRF   WRITE    63     bytes  pid=146207
[03:57:53.458796] NRF   WRITE    8      bytes  pid=146207
[03:57:53.458832] NRF   WRITE    626    bytes  pid=146207
[03:57:53.458925] NRF   READ     8      bytes  pid=146207
[03:57:53.459329] NRF   READ     9      bytes  pid=146207
[03:57:53.459340] NRF   READ     558    bytes  pid=146207
[03:57:53.459461] NRF   READ     1237   bytes  pid=146207
[03:57:53.459728] NRF   WRITE    84     bytes  pid=146207
[03:57:53.459742] NRF   API      NFDiscovery               pid=146207 tid=146511
[03:57:53.459879] NRF   WRITE    299    bytes  pid=146207
[03:57:53.460327] NRF   READ     4      bytes  pid=146207
[03:57:53.460338] NRF   READ     2418   bytes  pid=146207
[03:57:53.461381] NRF   WRITE    225    bytes  pid=146207
[03:57:53.461491] NRF   WRITE    17     bytes  pid=146207
[03:57:53.461549] NRF   WRITE    8      bytes  pid=146207
[03:57:53.461846] NRF   READ     8      bytes  pid=146207
[03:57:53.461904] NRF   WRITE    2089   bytes  pid=146207
[03:57:53.463242] NRF   WRITE    17     bytes  pid=146207
[03:57:53.464694] NRF   ACCEPT   ← 10.100.200.6:45846      pid=146207  fd=45
[03:57:53.464810] NRF   WRITE    8      bytes  pid=146207
[03:57:53.464827] NRF   READ     8      bytes  pid=146207
[03:57:53.465301] NRF   READ     330    bytes  pid=146207
[03:57:53.465391] NRF   WRITE    8      bytes  pid=146207
[03:57:53.465482] NRF   WRITE    39     bytes  pid=146207
[03:57:53.465549] NRF   READ     8      bytes  pid=146207
[03:57:53.465590] NRF   WRITE    22     bytes  pid=146207
[03:57:53.465685] NRF   WRITE    85     bytes  pid=146207
[03:57:53.465721] NRF   READ     9      bytes  pid=146207
[03:57:53.465755] NRF   API      AccessToken               pid=146207 tid=146509
[03:57:53.465859] NRF   WRITE    196    bytes  pid=146207
[03:57:53.466477] NRF   READ     4      bytes  pid=146207
[03:57:53.466505] NRF   READ     2007   bytes  pid=146207
[03:57:53.467448] NRF   READ     1302   bytes  pid=146207
[03:57:53.467581] NRF   WRITE    291    bytes  pid=146207
[03:57:53.469601] NRF   WRITE    112    bytes  pid=146207
[03:57:53.469668] NRF   WRITE    63     bytes  pid=146207
[03:57:53.469786] NRF   WRITE    8      bytes  pid=146207
[03:57:53.469819] NRF   READ     8      bytes  pid=146207
[03:57:53.469858] NRF   WRITE    626    bytes  pid=146207
[03:57:53.470354] NRF   READ     9      bytes  pid=146207
[03:57:53.470368] NRF   READ     517    bytes  pid=146207
[03:57:53.470480] NRF   READ     1237   bytes  pid=146207
[03:57:53.470700] NRF   WRITE    84     bytes  pid=146207
[03:57:53.470713] NRF   API      NFDiscovery               pid=146207 tid=146207
[03:57:53.470860] NRF   WRITE    236    bytes  pid=146207
[03:57:53.471322] NRF   READ     4      bytes  pid=146207
[03:57:53.471333] NRF   READ     102    bytes  pid=146207
[03:57:53.471405] NRF   WRITE    166    bytes  pid=146207
[03:57:53.471507] NRF   WRITE    16     bytes  pid=146207
[03:57:53.471579] NRF   WRITE    8      bytes  pid=146207
[03:57:53.471591] NRF   WRITE    50     bytes  pid=146207
[03:57:53.471650] NRF   READ     8      bytes  pid=146207
[03:57:53.472191] NRF   READ     9      bytes  pid=146207
[03:57:53.472203] NRF   READ     9      bytes  pid=146207
[03:57:53.472258] NRF   READ     9      bytes  pid=146207
[03:57:53.472298] NRF   READ     123    bytes  pid=146207
[03:57:53.472313] NRF   WRITE    85     bytes  pid=146207
[03:57:53.472378] NRF   API      AccessToken               pid=146207 tid=146509
[03:57:53.472530] NRF   WRITE    196    bytes  pid=146207
[03:57:53.472891] NRF   READ     4      bytes  pid=146207
[03:57:53.472903] NRF   READ     2007   bytes  pid=146207
[03:57:53.473752] NRF   READ     1302   bytes  pid=146207
[03:57:53.473836] NRF   WRITE    291    bytes  pid=146207
[03:57:53.475869] NRF   WRITE    112    bytes  pid=146207
[03:57:53.475923] NRF   WRITE    13     bytes  pid=146207
[03:57:53.476103] NRF   WRITE    8      bytes  pid=146207
[03:57:53.476121] NRF   WRITE    626    bytes  pid=146207
[03:57:53.476263] NRF   READ     8      bytes  pid=146207
[03:57:53.476443] NRF   READ     9      bytes  pid=146207
[03:57:53.476451] NRF   READ     77     bytes  pid=146207
[03:57:53.476555] NRF   READ     1237   bytes  pid=146207
[03:57:53.476760] NRF   WRITE    84     bytes  pid=146207
[03:57:53.476776] NRF   API      NFDiscovery               pid=146207 tid=146510
[03:57:53.476883] NRF   WRITE    264    bytes  pid=146207
[03:57:53.477305] NRF   READ     4      bytes  pid=146207
[03:57:53.477313] NRF   READ     2464   bytes  pid=146207
[03:57:53.478240] NRF   WRITE    191    bytes  pid=146207
[03:57:53.478515] NRF   WRITE    17     bytes  pid=146207
[03:57:53.478653] NRF   WRITE    8      bytes  pid=146207
[03:57:53.478670] NRF   WRITE    2152   bytes  pid=146207
[03:57:53.478744] NRF   READ     8      bytes  pid=146207
[03:57:53.479230] NRF   READ     9      bytes  pid=146207
[03:57:53.479247] NRF   READ     13     bytes  pid=146207
[03:57:53.479309] NRF   READ     9      bytes  pid=146207
[03:57:53.479350] NRF   READ     134    bytes  pid=146207
[03:57:53.479418] NRF   WRITE    85     bytes  pid=146207
[03:57:53.479566] NRF   API      AccessToken               pid=146207 tid=146511
[03:57:53.479912] NRF   WRITE    196    bytes  pid=146207
[03:57:53.480409] NRF   READ     4      bytes  pid=146207
[03:57:53.480421] NRF   READ     2007   bytes  pid=146207
[03:57:53.481602] NRF   READ     1302   bytes  pid=146207
[03:57:53.481700] NRF   WRITE    291    bytes  pid=146207
[03:57:53.482036] NRF   WRITE    157    bytes  pid=146207
[03:57:53.482457] NRF   READ     4      bytes  pid=146207
[03:57:53.482475] NRF   READ     2464   bytes  pid=146207
[03:57:53.485809] NRF   WRITE    112    bytes  pid=146207
[03:57:53.485883] NRF   WRITE    17     bytes  pid=146207
[03:57:53.485943] NRF   WRITE    8      bytes  pid=146207
[03:57:53.485962] NRF   WRITE    651    bytes  pid=146207
[03:57:53.485984] NRF   READ     8      bytes  pid=146207
[03:57:53.486071] NRF   WRITE    8      bytes  pid=146207
[03:57:53.486086] NRF   READ     8      bytes  pid=146207
[03:57:53.486167] NRF   WRITE    8      bytes  pid=146207
[03:57:53.486340] NRF   READ     8      bytes  pid=146207
[03:57:53.487458] NRF   WRITE    17     bytes  pid=146207
[03:57:53.491125] NRF   ACCEPT   ← 10.100.200.11:57588     pid=146207  fd=46
[03:57:53.491250] NRF   READ     70     bytes  pid=146207
[03:57:53.491360] NRF   WRITE    8      bytes  pid=146207
[03:57:53.491373] NRF   READ     8      bytes  pid=146207
[03:57:53.491410] NRF   WRITE    39     bytes  pid=146207
[03:57:53.491411] NRF   READ     9      bytes  pid=146207
[03:57:53.491414] NRF   READ     119    bytes  pid=146207
[03:57:53.491508] NRF   WRITE    85     bytes  pid=146207
[03:57:53.491604] NRF   READ     9      bytes  pid=146207
[03:57:53.491612] NRF   WRITE    22     bytes  pid=146207
[03:57:53.491630] NRF   READ     121    bytes  pid=146207
[03:57:53.491758] NRF   READ     9      bytes  pid=146207
[03:57:53.491818] NRF   API      AccessToken               pid=146207 tid=146207
[03:57:53.491981] NRF   WRITE    196    bytes  pid=146207
[03:57:53.492341] NRF   READ     4      bytes  pid=146207
[03:57:53.492348] NRF   READ     2464   bytes  pid=146207
[03:57:53.493611] NRF   READ     1302   bytes  pid=146207
[03:57:53.493777] NRF   WRITE    291    bytes  pid=146207
[03:57:53.494038] NRF   WRITE    157    bytes  pid=146207
[03:57:53.494384] NRF   READ     4      bytes  pid=146207
[03:57:53.494394] NRF   READ     730    bytes  pid=146207
[03:57:53.497148] NRF   WRITE    112    bytes  pid=146207
[03:57:53.497465] NRF   WRITE    62     bytes  pid=146207
[03:57:53.497567] NRF   WRITE    8      bytes  pid=146207
[03:57:53.497585] NRF   WRITE    621    bytes  pid=146207
[03:57:53.498019] NRF   READ     8      bytes  pid=146207
[03:57:53.499133] NRF   WRITE    17     bytes  pid=146207
[03:57:53.505473] NRF   ACCEPT   ← 10.100.200.11:57594     pid=146207  fd=47
[03:57:53.505583] NRF   READ     70     bytes  pid=146207
[03:57:53.505693] NRF   WRITE    39     bytes  pid=146207
[03:57:53.505752] NRF   WRITE    22     bytes  pid=146207
[03:57:53.505823] NRF   READ     9      bytes  pid=146207
[03:57:53.505840] NRF   READ     119    bytes  pid=146207
[03:57:53.505936] NRF   READ     9      bytes  pid=146207
[03:57:53.505942] NRF   READ     121    bytes  pid=146207
[03:57:53.505981] NRF   READ     9      bytes  pid=146207
[03:57:53.505986] NRF   WRITE    85     bytes  pid=146207
[03:57:53.506102] NRF   API      AccessToken               pid=146207 tid=146207
[03:57:53.506216] NRF   WRITE    196    bytes  pid=146207
[03:57:53.506600] NRF   READ     4      bytes  pid=146207
[03:57:53.506611] NRF   READ     2464   bytes  pid=146207
[03:57:53.509638] NRF   READ     1302   bytes  pid=146207
[03:57:53.509748] NRF   WRITE    291    bytes  pid=146207
[03:57:53.509813] NRF   WRITE    157    bytes  pid=146207
[03:57:53.510223] NRF   READ     4      bytes  pid=146207
[03:57:53.510237] NRF   READ     730    bytes  pid=146207
[03:57:53.513145] NRF   WRITE    112    bytes  pid=146207
[03:57:53.513271] NRF   WRITE    62     bytes  pid=146207
[03:57:53.513359] NRF   WRITE    8      bytes  pid=146207
[03:57:53.513377] NRF   WRITE    621    bytes  pid=146207
[03:57:53.513415] NRF   READ     8      bytes  pid=146207
[03:57:53.514741] NRF   WRITE    17     bytes  pid=146207
[03:57:53.517654] NRF   ACCEPT   ← 10.100.200.11:57596     pid=146207  fd=48
[03:57:53.517752] NRF   READ     70     bytes  pid=146207
[03:57:53.517869] NRF   WRITE    8      bytes  pid=146207
[03:57:53.517882] NRF   READ     8      bytes  pid=146207
[03:57:53.517896] NRF   READ     9      bytes  pid=146207
[03:57:53.517901] NRF   WRITE    39     bytes  pid=146207
[03:57:53.517901] NRF   READ     119    bytes  pid=146207
[03:57:53.517944] NRF   WRITE    22     bytes  pid=146207
[03:57:53.518098] NRF   READ     9      bytes  pid=146207
[03:57:53.518110] NRF   READ     121    bytes  pid=146207
[03:57:53.518157] NRF   WRITE    85     bytes  pid=146207
[03:57:53.518418] NRF   READ     9      bytes  pid=146207
[03:57:53.518473] NRF   API      AccessToken               pid=146207 tid=146207
[03:57:53.518627] NRF   WRITE    196    bytes  pid=146207
[03:57:53.518940] NRF   READ     4      bytes  pid=146207
[03:57:53.519534] NRF   READ     2464   bytes  pid=146207
[03:57:53.520588] NRF   READ     1302   bytes  pid=146207
[03:57:53.520679] NRF   WRITE    291    bytes  pid=146207
[03:57:53.520739] NRF   WRITE    157    bytes  pid=146207
[03:57:53.521082] NRF   READ     4      bytes  pid=146207
[03:57:53.521094] NRF   READ     730    bytes  pid=146207
[03:57:53.523659] NRF   WRITE    112    bytes  pid=146207
[03:57:53.523725] NRF   WRITE    62     bytes  pid=146207
[03:57:53.523814] NRF   WRITE    8      bytes  pid=146207
[03:57:53.523831] NRF   WRITE    621    bytes  pid=146207
[03:57:53.523840] NRF   READ     8      bytes  pid=146207
[03:57:53.524934] NRF   WRITE    17     bytes  pid=146207
[03:57:53.526793] NRF   ACCEPT   ← 10.100.200.6:45848      pid=146207  fd=49
[03:57:53.526937] NRF   READ     70     bytes  pid=146207
[03:57:53.527295] NRF   WRITE    8      bytes  pid=146207
[03:57:53.527324] NRF   READ     9      bytes  pid=146207
[03:57:53.527329] NRF   READ     119    bytes  pid=146207
[03:57:53.527352] NRF   WRITE    39     bytes  pid=146207
[03:57:53.527380] NRF   READ     8      bytes  pid=146207
[03:57:53.527434] NRF   WRITE    85     bytes  pid=146207
[03:57:53.527513] NRF   READ     9      bytes  pid=146207
[03:57:53.527543] NRF   READ     123    bytes  pid=146207
[03:57:53.527574] NRF   WRITE    22     bytes  pid=146207
[03:57:53.527608] NRF   READ     9      bytes  pid=146207
[03:57:53.527662] NRF   API      AccessToken               pid=146207 tid=146510
[03:57:53.528167] NRF   WRITE    196    bytes  pid=146207
[03:57:53.528520] NRF   READ     4      bytes  pid=146207
[03:57:53.528536] NRF   READ     2007   bytes  pid=146207
[03:57:53.530174] NRF   READ     1302   bytes  pid=146207
[03:57:53.530276] NRF   WRITE    291    bytes  pid=146207
[03:57:53.533053] NRF   WRITE    112    bytes  pid=146207
[03:57:53.533204] NRF   WRITE    63     bytes  pid=146207
[03:57:53.533288] NRF   WRITE    8      bytes  pid=146207
[03:57:53.533548] NRF   READ     8      bytes  pid=146207
[03:57:53.533597] NRF   WRITE    626    bytes  pid=146207
[03:57:53.535231] NRF   READ     9      bytes  pid=146207
[03:57:53.535252] NRF   READ     517    bytes  pid=146207
[03:57:53.535377] NRF   READ     1237   bytes  pid=146207
[03:57:53.535586] NRF   WRITE    84     bytes  pid=146207
[03:57:53.535604] NRF   API      NFDiscovery               pid=146207 tid=146207
[03:57:53.535708] NRF   WRITE    236    bytes  pid=146207
[03:57:53.536155] NRF   READ     4      bytes  pid=146207
[03:57:53.536165] NRF   READ     102    bytes  pid=146207
[03:57:53.536250] NRF   WRITE    166    bytes  pid=146207
[03:57:53.536311] NRF   WRITE    16     bytes  pid=146207
[03:57:53.536374] NRF   WRITE    50     bytes  pid=146207
[03:57:53.542418] NRF   WRITE    17     bytes  pid=146207
[03:57:53.553162] NRF   ACCEPT   ← 10.100.200.16:53748     pid=146207  fd=50
[03:57:53.553809] NRF   READ     70     bytes  pid=146207
[03:57:53.553946] NRF   WRITE    8      bytes  pid=146207
[03:57:53.553980] NRF   WRITE    39     bytes  pid=146207
[03:57:53.553983] NRF   READ     8      bytes  pid=146207
[03:57:53.554135] NRF   WRITE    22     bytes  pid=146207
[03:57:53.554248] NRF   READ     9      bytes  pid=146207
[03:57:53.554259] NRF   READ     119    bytes  pid=146207
[03:57:53.554348] NRF   READ     9      bytes  pid=146207
[03:57:53.554389] NRF   READ     132    bytes  pid=146207
[03:57:53.554420] NRF   WRITE    85     bytes  pid=146207
[03:57:53.554566] NRF   API      AccessToken               pid=146207 tid=146511
[03:57:53.554772] NRF   WRITE    196    bytes  pid=146207
[03:57:53.554838] NRF   READ     9      bytes  pid=146207
[03:57:53.555437] NRF   READ     4      bytes  pid=146207
[03:57:53.555483] NRF   READ     2418   bytes  pid=146207
[03:57:53.556668] NRF   READ     1302   bytes  pid=146207
[03:57:53.556763] NRF   WRITE    291    bytes  pid=146207
[03:57:53.556987] NRF   WRITE    158    bytes  pid=146207
[03:57:53.557402] NRF   READ     4      bytes  pid=146207
[03:57:53.557412] NRF   READ     1019   bytes  pid=146207
[03:57:53.560755] NRF   WRITE    112    bytes  pid=146207
[03:57:53.560886] NRF   WRITE    63     bytes  pid=146207
[03:57:53.560963] NRF   WRITE    8      bytes  pid=146207
[03:57:53.561057] NRF   READ     8      bytes  pid=146207
[03:57:53.561352] NRF   WRITE    644    bytes  pid=146207
[03:57:53.562423] NRF   WRITE    17     bytes  pid=146207
[03:57:53.565153] NRF   ACCEPT   ← 10.100.200.6:45854      pid=146207  fd=51
[03:57:53.565426] NRF   WRITE    8      bytes  pid=146207
[03:57:53.565495] NRF   READ     8      bytes  pid=146207
[03:57:53.565729] NRF   READ     70     bytes  pid=146207
[03:57:53.566078] NRF   READ     9      bytes  pid=146207
[03:57:53.566088] NRF   READ     119    bytes  pid=146207
[03:57:53.566127] NRF   READ     9      bytes  pid=146207
[03:57:53.566130] NRF   READ     123    bytes  pid=146207
[03:57:53.566142] NRF   WRITE    39     bytes  pid=146207
[03:57:53.566309] NRF   WRITE    22     bytes  pid=146207
[03:57:53.566405] NRF   READ     9      bytes  pid=146207
[03:57:53.566479] NRF   WRITE    85     bytes  pid=146207
[03:57:53.566593] NRF   API      AccessToken               pid=146207 tid=146510
[03:57:53.566767] NRF   WRITE    196    bytes  pid=146207
[03:57:53.567267] NRF   READ     4      bytes  pid=146207
[03:57:53.567282] NRF   READ     2007   bytes  pid=146207
[03:57:53.568487] NRF   READ     1302   bytes  pid=146207
[03:57:53.568593] NRF   WRITE    291    bytes  pid=146207
[03:57:53.568720] NRF   WRITE    157    bytes  pid=146207
[03:57:53.569221] NRF   READ     4      bytes  pid=146207
[03:57:53.569240] NRF   READ     2418   bytes  pid=146207
[03:57:53.571644] NRF   ACCEPT   ← 10.100.200.16:53750     pid=146207  fd=52
[03:57:53.571949] NRF   READ     70     bytes  pid=146207
[03:57:53.572142] NRF   WRITE    8      bytes  pid=146207
[03:57:53.572168] NRF   READ     8      bytes  pid=146207
[03:57:53.572232] NRF   WRITE    39     bytes  pid=146207
[03:57:53.572301] NRF   WRITE    22     bytes  pid=146207
[03:57:53.572579] NRF   READ     9      bytes  pid=146207
[03:57:53.572606] NRF   READ     119    bytes  pid=146207
[03:57:53.572736] NRF   WRITE    85     bytes  pid=146207
[03:57:53.573313] NRF   READ     9      bytes  pid=146207
[03:57:53.573368] NRF   READ     123    bytes  pid=146207
[03:57:53.573461] NRF   API      AccessToken               pid=146207 tid=146207
[03:57:53.573638] NRF   WRITE    196    bytes  pid=146207
[03:57:53.573745] NRF   WRITE    112    bytes  pid=146207
[03:57:53.573805] NRF   WRITE    63     bytes  pid=146207
[03:57:53.574008] NRF   WRITE    8      bytes  pid=146207
[03:57:53.574036] NRF   WRITE    626    bytes  pid=146207
[03:57:53.574041] NRF   READ     8      bytes  pid=146207
[03:57:53.574429] NRF   READ     4      bytes  pid=146207
[03:57:53.574443] NRF   READ     2418   bytes  pid=146207
[03:57:53.575578] NRF   WRITE    17     bytes  pid=146207
[03:57:53.576031] NRF   READ     1302   bytes  pid=146207
[03:57:53.576123] NRF   WRITE    291    bytes  pid=146207
[03:57:53.576528] NRF   READ     9      bytes  pid=146207
[03:57:53.579148] NRF   WRITE    112    bytes  pid=146207
[03:57:53.579339] NRF   WRITE    63     bytes  pid=146207
[03:57:53.579438] NRF   WRITE    8      bytes  pid=146207
[03:57:53.579473] NRF   READ     8      bytes  pid=146207
[03:57:53.579499] NRF   WRITE    626    bytes  pid=146207
[03:57:53.579934] NRF   READ     9      bytes  pid=146207
[03:57:53.579959] NRF   READ     658    bytes  pid=146207
[03:57:53.580137] NRF   READ     1237   bytes  pid=146207
[03:57:53.580404] NRF   WRITE    84     bytes  pid=146207
[03:57:53.580477] NRF   API      NFDiscovery               pid=146207 tid=146511
[03:57:53.580718] NRF   WRITE    698    bytes  pid=146207
[03:57:53.583848] NRF   READ     4      bytes  pid=146207
[03:57:53.583860] NRF   READ     2007   bytes  pid=146207
[03:57:53.584785] NRF   WRITE    368    bytes  pid=146207
[03:57:53.585424] NRF   WRITE    17     bytes  pid=146207
[03:57:53.585611] NRF   WRITE    8      bytes  pid=146207
[03:57:53.585630] NRF   WRITE    1734   bytes  pid=146207
[03:57:53.585640] NRF   READ     8      bytes  pid=146207
[03:57:53.586050] NRF   READ     9      bytes  pid=146207
[03:57:53.586059] NRF   READ     12     bytes  pid=146207
[03:57:53.586165] NRF   WRITE    85     bytes  pid=146207
[03:57:53.586172] NRF   READ     9      bytes  pid=146207
[03:57:53.586201] NRF   READ     129    bytes  pid=146207
[03:57:53.586323] NRF   API      AccessToken               pid=146207 tid=146510
[03:57:53.586713] NRF   WRITE    196    bytes  pid=146207
[03:57:53.587109] NRF   READ     4      bytes  pid=146207
[03:57:53.587123] NRF   READ     2418   bytes  pid=146207
[03:57:53.588237] NRF   READ     1302   bytes  pid=146207
[03:57:53.588322] NRF   WRITE    291    bytes  pid=146207
[03:57:53.588473] NRF   WRITE    157    bytes  pid=146207
[03:57:53.588882] NRF   READ     4      bytes  pid=146207
[03:57:53.588895] NRF   READ     2007   bytes  pid=146207
[03:57:53.591943] NRF   WRITE    112    bytes  pid=146207
[03:57:53.592386] NRF   WRITE    17     bytes  pid=146207
[03:57:53.592561] NRF   WRITE    8      bytes  pid=146207
[03:57:53.592576] NRF   READ     8      bytes  pid=146207
[03:57:53.592608] NRF   WRITE    640    bytes  pid=146207
[03:57:53.593671] NRF   WRITE    17     bytes  pid=146207
[03:57:53.599225] NRF   ACCEPT   ← 10.100.200.6:45866      pid=146207  fd=53
[03:57:53.599366] NRF   READ     342    bytes  pid=146207
[03:57:53.599603] NRF   WRITE    39     bytes  pid=146207
[03:57:53.599881] NRF   WRITE    85     bytes  pid=146207
[03:57:53.599930] NRF   WRITE    22     bytes  pid=146207
[03:57:53.599950] NRF   READ     9      bytes  pid=146207
[03:57:53.600082] NRF   API      AccessToken               pid=146207 tid=146509
[03:57:53.600478] NRF   WRITE    196    bytes  pid=146207
[03:57:53.600876] NRF   READ     4      bytes  pid=146207
[03:57:53.600885] NRF   READ     2007   bytes  pid=146207
[03:57:53.601833] NRF   READ     1302   bytes  pid=146207
[03:57:53.601915] NRF   WRITE    291    bytes  pid=146207
[03:57:53.601970] NRF   WRITE    157    bytes  pid=146207
[03:57:53.602701] NRF   READ     4      bytes  pid=146207
[03:57:53.602716] NRF   READ     2464   bytes  pid=146207
[03:57:53.607724] NRF   WRITE    112    bytes  pid=146207
[03:57:53.608120] NRF   WRITE    63     bytes  pid=146207
[03:57:53.608428] NRF   WRITE    8      bytes  pid=146207
[03:57:53.608462] NRF   WRITE    651    bytes  pid=146207
[03:57:53.608652] NRF   READ     8      bytes  pid=146207
[03:57:53.609910] NRF   WRITE    17     bytes  pid=146207
[03:57:53.614550] NRF   ACCEPT   ← 10.100.200.11:57610     pid=146207  fd=54
[03:57:53.614864] NRF   READ     328    bytes  pid=146207
[03:57:53.615179] NRF   WRITE    8      bytes  pid=146207
[03:57:53.615212] NRF   WRITE    39     bytes  pid=146207
[03:57:53.615236] NRF   READ     8      bytes  pid=146207
[03:57:53.615448] NRF   WRITE    85     bytes  pid=146207
[03:57:53.615613] NRF   READ     9      bytes  pid=146207
[03:57:53.615657] NRF   API      AccessToken               pid=146207 tid=146207
[03:57:53.615682] NRF   WRITE    22     bytes  pid=146207
[03:57:53.615902] NRF   WRITE    196    bytes  pid=146207
[03:57:53.616317] NRF   READ     4      bytes  pid=146207
[03:57:53.616324] NRF   READ     2464   bytes  pid=146207
[03:57:53.617459] NRF   READ     1302   bytes  pid=146207
[03:57:53.617557] NRF   WRITE    291    bytes  pid=146207
[03:57:53.617629] NRF   WRITE    157    bytes  pid=146207
[03:57:53.620066] NRF   READ     4      bytes  pid=146207
[03:57:53.620074] NRF   READ     730    bytes  pid=146207
[03:57:53.623310] NRF   WRITE    112    bytes  pid=146207
[03:57:53.623390] NRF   WRITE    62     bytes  pid=146207
[03:57:53.623529] NRF   WRITE    8      bytes  pid=146207
[03:57:53.623540] NRF   READ     8      bytes  pid=146207
[03:57:53.623556] NRF   WRITE    621    bytes  pid=146207
[03:57:53.624629] NRF   WRITE    17     bytes  pid=146207
[03:57:53.624691] NRF   WRITE    8      bytes  pid=146207
[03:57:53.624704] NRF   READ     8      bytes  pid=146207
[03:57:53.629780] NRF   ACCEPT   ← 10.100.200.6:45878      pid=146207  fd=55
[03:57:53.629938] NRF   WRITE    8      bytes  pid=146207
[03:57:53.629972] NRF   READ     8      bytes  pid=146207
[03:57:53.630377] NRF   READ     329    bytes  pid=146207
[03:57:53.630555] NRF   WRITE    39     bytes  pid=146207
[03:57:53.630630] NRF   WRITE    85     bytes  pid=146207
[03:57:53.630683] NRF   API      AccessToken               pid=146207 tid=146207
[03:57:53.630820] NRF   WRITE    196    bytes  pid=146207
[03:57:53.630980] NRF   WRITE    8      bytes  pid=146207
[03:57:53.631015] NRF   READ     8      bytes  pid=146207
[03:57:53.631061] NRF   WRITE    22     bytes  pid=146207
[03:57:53.631301] NRF   READ     9      bytes  pid=146207
[03:57:53.631755] NRF   READ     4      bytes  pid=146207
[03:57:53.631787] NRF   READ     2007   bytes  pid=146207
[03:57:53.632707] NRF   READ     1302   bytes  pid=146207
[03:57:53.632869] NRF   WRITE    291    bytes  pid=146207
[03:57:53.632964] NRF   WRITE    157    bytes  pid=146207
[03:57:53.633567] NRF   READ     4      bytes  pid=146207
[03:57:53.633613] NRF   READ     1951   bytes  pid=146207
[03:57:53.637334] NRF   WRITE    112    bytes  pid=146207
[03:57:53.637462] NRF   WRITE    63     bytes  pid=146207
[03:57:53.637603] NRF   WRITE    8      bytes  pid=146207
[03:57:53.637637] NRF   READ     8      bytes  pid=146207
[03:57:53.637695] NRF   WRITE    623    bytes  pid=146207
[03:57:53.638996] NRF   WRITE    17     bytes  pid=146207
[03:57:53.645130] NRF   ACCEPT   ← 10.100.200.6:45890      pid=146207  fd=56
[03:57:53.645281] NRF   READ     344    bytes  pid=146207
[03:57:53.645377] NRF   WRITE    8      bytes  pid=146207
[03:57:53.645420] NRF   READ     8      bytes  pid=146207
[03:57:53.645476] NRF   WRITE    39     bytes  pid=146207
[03:57:53.645580] NRF   WRITE    22     bytes  pid=146207
[03:57:53.645722] NRF   WRITE    85     bytes  pid=146207
[03:57:53.645891] NRF   API      AccessToken               pid=146207 tid=146510
[03:57:53.646049] NRF   WRITE    196    bytes  pid=146207
[03:57:53.646712] NRF   READ     4      bytes  pid=146207
[03:57:53.646746] NRF   READ     2007   bytes  pid=146207
[03:57:53.647608] NRF   READ     1302   bytes  pid=146207
[03:57:53.647706] NRF   WRITE    291    bytes  pid=146207
[03:57:53.648053] NRF   WRITE    157    bytes  pid=146207
[03:57:53.648418] NRF   READ     4      bytes  pid=146207
[03:57:53.648439] NRF   READ     102    bytes  pid=146207
[03:57:53.648483] NRF   WRITE    99     bytes  pid=146207
[03:57:53.648529] NRF   WRITE    103    bytes  pid=146207
[03:57:53.648568] NRF   WRITE    112    bytes  pid=146207
[03:57:53.648626] NRF   WRITE    62     bytes  pid=146207
[03:57:53.648693] NRF   WRITE    8      bytes  pid=146207
[03:57:53.648720] NRF   READ     8      bytes  pid=146207
[03:57:53.648754] NRF   WRITE    35     bytes  pid=146207
[03:57:53.649153] NRF   READ     9      bytes  pid=146207
[03:57:53.649473] NRF   READ     9      bytes  pid=146207
[03:57:53.649499] NRF   READ     15     bytes  pid=146207
[03:57:53.649562] NRF   READ     9      bytes  pid=146207
[03:57:53.649621] NRF   WRITE    85     bytes  pid=146207
[03:57:53.649662] NRF   READ     122    bytes  pid=146207
[03:57:53.649740] NRF   API      AccessToken               pid=146207 tid=3658330
[03:57:53.649900] NRF   WRITE    196    bytes  pid=146207
[03:57:53.650458] NRF   READ     4      bytes  pid=146207
[03:57:53.650475] NRF   READ     2007   bytes  pid=146207
[03:57:53.651360] NRF   READ     1302   bytes  pid=146207
[03:57:53.651471] NRF   WRITE    291    bytes  pid=146207
[03:57:53.651621] NRF   WRITE    157    bytes  pid=146207
[03:57:53.652035] NRF   READ     4      bytes  pid=146207
[03:57:53.652041] NRF   READ     1951   bytes  pid=146207
[03:57:53.655507] NRF   WRITE    112    bytes  pid=146207
[03:57:53.655662] NRF   WRITE    17     bytes  pid=146207
[03:57:53.655848] NRF   WRITE    8      bytes  pid=146207
[03:57:53.655925] NRF   READ     8      bytes  pid=146207
[03:57:53.655947] NRF   WRITE    623    bytes  pid=146207
[03:57:53.657332] NRF   WRITE    17     bytes  pid=146207
[03:57:53.658919] NRF   ACCEPT   ← 10.100.200.9:38782      pid=146207  fd=57
[03:57:53.659049] NRF   READ     70     bytes  pid=146207
[03:57:53.659189] NRF   WRITE    8      bytes  pid=146207
[03:57:53.659219] NRF   READ     8      bytes  pid=146207
[03:57:53.659262] NRF   WRITE    39     bytes  pid=146207
[03:57:53.659262] NRF   READ     9      bytes  pid=146207
[03:57:53.659265] NRF   READ     119    bytes  pid=146207
[03:57:53.659402] NRF   WRITE    22     bytes  pid=146207
[03:57:53.659447] NRF   READ     9      bytes  pid=146207
[03:57:53.659469] NRF   READ     121    bytes  pid=146207
[03:57:53.659489] NRF   WRITE    85     bytes  pid=146207
[03:57:53.659523] NRF   READ     9      bytes  pid=146207
[03:57:53.659577] NRF   API      AccessToken               pid=146207 tid=146509
[03:57:53.659783] NRF   WRITE    196    bytes  pid=146207
[03:57:53.660202] NRF   READ     4      bytes  pid=146207
[03:57:53.660212] NRF   READ     1951   bytes  pid=146207
[03:57:53.661066] NRF   READ     1302   bytes  pid=146207
[03:57:53.661152] NRF   WRITE    291    bytes  pid=146207
[03:57:53.661212] NRF   WRITE    157    bytes  pid=146207
[03:57:53.661645] NRF   READ     4      bytes  pid=146207
[03:57:53.661660] NRF   READ     730    bytes  pid=146207
[03:57:53.665044] NRF   WRITE    112    bytes  pid=146207
[03:57:53.665446] NRF   WRITE    62     bytes  pid=146207
[03:57:53.665522] NRF   WRITE    8      bytes  pid=146207
[03:57:53.665543] NRF   WRITE    621    bytes  pid=146207
[03:57:53.665546] NRF   READ     8      bytes  pid=146207
[03:57:53.666681] NRF   WRITE    17     bytes  pid=146207
[03:57:53.670535] NRF   ACCEPT   ← 10.100.200.6:45898      pid=146207  fd=58
[03:57:53.670773] NRF   READ     70     bytes  pid=146207
[03:57:53.670895] NRF   WRITE    8      bytes  pid=146207
[03:57:53.670931] NRF   WRITE    39     bytes  pid=146207
[03:57:53.671073] NRF   READ     8      bytes  pid=146207
[03:57:53.671122] NRF   WRITE    22     bytes  pid=146207
[03:57:53.671227] NRF   READ     9      bytes  pid=146207
[03:57:53.671237] NRF   READ     119    bytes  pid=146207
[03:57:53.671350] NRF   WRITE    85     bytes  pid=146207
[03:57:53.671421] NRF   READ     9      bytes  pid=146207
[03:57:53.671427] NRF   READ     123    bytes  pid=146207
[03:57:53.671464] NRF   READ     9      bytes  pid=146207
[03:57:53.671519] NRF   API      AccessToken               pid=146207 tid=146207
[03:57:53.671664] NRF   WRITE    196    bytes  pid=146207
[03:57:53.672129] NRF   READ     4      bytes  pid=146207
[03:57:53.672161] NRF   READ     2007   bytes  pid=146207
[03:57:53.672934] NRF   READ     1302   bytes  pid=146207
[03:57:53.673039] NRF   WRITE    291    bytes  pid=146207
[03:57:53.675154] NRF   WRITE    112    bytes  pid=146207
[03:57:53.675232] NRF   WRITE    63     bytes  pid=146207
[03:57:53.675480] NRF   WRITE    8      bytes  pid=146207
[03:57:53.675535] NRF   READ     8      bytes  pid=146207
[03:57:53.675575] NRF   WRITE    626    bytes  pid=146207
[03:57:53.676012] NRF   READ     9      bytes  pid=146207
[03:57:53.676039] NRF   READ     517    bytes  pid=146207
[03:57:53.676145] NRF   READ     1237   bytes  pid=146207
[03:57:53.676371] NRF   WRITE    84     bytes  pid=146207
[03:57:53.676403] NRF   API      NFDiscovery               pid=146207 tid=146509
[03:57:53.676563] NRF   WRITE    236    bytes  pid=146207
[03:57:53.677209] NRF   READ     4      bytes  pid=146207
[03:57:53.677238] NRF   READ     1951   bytes  pid=146207
[03:57:53.678210] NRF   WRITE    166    bytes  pid=146207
[03:57:53.678260] NRF   WRITE    17     bytes  pid=146207
[03:57:53.678720] NRF   WRITE    8      bytes  pid=146207
[03:57:53.678745] NRF   READ     8      bytes  pid=146207
[03:57:53.678746] NRF   WRITE    1688   bytes  pid=146207
[03:57:53.679791] NRF   READ     9      bytes  pid=146207
[03:57:53.679810] NRF   READ     12     bytes  pid=146207
[03:57:53.679871] NRF   READ     9      bytes  pid=146207
[03:57:53.679899] NRF   READ     122    bytes  pid=146207
[03:57:53.679950] NRF   WRITE    85     bytes  pid=146207
[03:57:53.679983] NRF   API      AccessToken               pid=146207 tid=146510
[03:57:53.680222] NRF   WRITE    196    bytes  pid=146207
[03:57:53.680606] NRF   READ     4      bytes  pid=146207
[03:57:53.680610] NRF   READ     2007   bytes  pid=146207
[03:57:53.681243] NRF   READ     1302   bytes  pid=146207
[03:57:53.681342] NRF   WRITE    291    bytes  pid=146207
[03:57:53.681652] NRF   WRITE    157    bytes  pid=146207
[03:57:53.682257] NRF   READ     4      bytes  pid=146207
[03:57:53.682316] NRF   READ     1951   bytes  pid=146207
[03:57:53.685504] NRF   WRITE    112    bytes  pid=146207
[03:57:53.685775] NRF   WRITE    17     bytes  pid=146207
[03:57:53.686008] NRF   WRITE    8      bytes  pid=146207
[03:57:53.686038] NRF   READ     8      bytes  pid=146207
[03:57:53.686068] NRF   WRITE    623    bytes  pid=146207
[03:57:53.687231] NRF   WRITE    17     bytes  pid=146207
[03:57:53.688617] NRF   ACCEPT   ← 10.100.200.9:38784      pid=146207  fd=7
[03:57:53.688952] NRF   READ     70     bytes  pid=146207
[03:57:53.689062] NRF   WRITE    39     bytes  pid=146207
[03:57:53.689103] NRF   WRITE    22     bytes  pid=146207
[03:57:53.689436] NRF   READ     9      bytes  pid=146207
[03:57:53.689480] NRF   READ     9      bytes  pid=146207
[03:57:53.689485] NRF   READ     122    bytes  pid=146207
[03:57:53.689571] NRF   WRITE    85     bytes  pid=146207
[03:57:53.689658] NRF   READ     9      bytes  pid=146207
[03:57:53.689699] NRF   READ     121    bytes  pid=146207
[03:57:53.689771] NRF   API      AccessToken               pid=146207 tid=146510
[03:57:53.690033] NRF   WRITE    196    bytes  pid=146207
[03:57:53.690373] NRF   READ     4      bytes  pid=146207
[03:57:53.690380] NRF   READ     1951   bytes  pid=146207
[03:57:53.691213] NRF   READ     1302   bytes  pid=146207
[03:57:53.691294] NRF   WRITE    291    bytes  pid=146207
[03:57:53.691444] NRF   WRITE    157    bytes  pid=146207
[03:57:53.691869] NRF   READ     4      bytes  pid=146207
[03:57:53.691875] NRF   READ     730    bytes  pid=146207
[03:57:53.694146] NRF   WRITE    112    bytes  pid=146207
[03:57:53.694246] NRF   WRITE    62     bytes  pid=146207
[03:57:53.694560] NRF   WRITE    8      bytes  pid=146207
[03:57:53.694575] NRF   READ     8      bytes  pid=146207
[03:57:53.694592] NRF   WRITE    621    bytes  pid=146207
[03:57:53.697239] NRF   READ     9      bytes  pid=146207
[03:57:53.697287] NRF   READ     8      bytes  pid=146207
[03:57:53.701961] NRF   WRITE    8      bytes  pid=146207
[03:57:53.702833] NRF   READ     8      bytes  pid=146207
[03:57:53.702899] NRF   ACCEPT   ← 10.100.200.6:45900      pid=146207  fd=8
[03:57:53.702968] NRF   READ     330    bytes  pid=146207
[03:57:53.703115] NRF   WRITE    39     bytes  pid=146207
[03:57:53.703208] NRF   WRITE    17     bytes  pid=146207
[03:57:53.703304] NRF   WRITE    85     bytes  pid=146207
[03:57:53.703308] NRF   READ     9      bytes  pid=146207
[03:57:53.703351] NRF   API      AccessToken               pid=146207 tid=146510
[03:57:53.703471] NRF   WRITE    196    bytes  pid=146207
[03:57:53.704062] NRF   WRITE    22     bytes  pid=146207
[03:57:53.704387] NRF   READ     4      bytes  pid=146207
[03:57:53.704410] NRF   READ     2007   bytes  pid=146207
[03:57:53.705234] NRF   READ     1302   bytes  pid=146207
[03:57:53.705327] NRF   WRITE    291    bytes  pid=146207
[03:57:53.707390] NRF   WRITE    112    bytes  pid=146207
[03:57:53.707532] NRF   WRITE    63     bytes  pid=146207
[03:57:53.707872] NRF   WRITE    626    bytes  pid=146207
[03:57:53.708297] NRF   READ     9      bytes  pid=146207
[03:57:53.708305] NRF   READ     558    bytes  pid=146207
[03:57:53.708497] NRF   READ     9      bytes  pid=146207
[03:57:53.708503] NRF   READ     8      bytes  pid=146207
[03:57:53.708525] NRF   WRITE    17     bytes  pid=146207
[03:57:53.708831] NRF   READ     1237   bytes  pid=146207
[03:57:53.709081] NRF   WRITE    84     bytes  pid=146207
[03:57:53.709097] NRF   API      NFDiscovery               pid=146207 tid=148452
[03:57:53.709563] NRF   WRITE    299    bytes  pid=146207
[03:57:53.710027] NRF   READ     4      bytes  pid=146207
[03:57:53.710063] NRF   READ     2418   bytes  pid=146207
[03:57:53.711269] NRF   WRITE    225    bytes  pid=146207
[03:57:53.714444] NRF   WRITE    17     bytes  pid=146207
[03:57:53.714709] NRF   WRITE    8      bytes  pid=146207
[03:57:53.714763] NRF   WRITE    2089   bytes  pid=146207
[03:57:53.716343] NRF   WRITE    17     bytes  pid=146207
[03:57:53.716471] NRF   READ     8      bytes  pid=146207
[03:57:53.718671] NRF   ACCEPT   ← 10.100.200.6:45904      pid=146207  fd=9
[03:57:53.719309] NRF   READ     330    bytes  pid=146207
[03:57:53.719515] NRF   WRITE    8      bytes  pid=146207
[03:57:53.719548] NRF   WRITE    39     bytes  pid=146207
[03:57:53.719707] NRF   READ     9      bytes  pid=146207
[03:57:53.719709] NRF   WRITE    22     bytes  pid=146207
[03:57:53.719801] NRF   WRITE    85     bytes  pid=146207
[03:57:53.719808] NRF   READ     8      bytes  pid=146207
[03:57:53.719850] NRF   API      AccessToken               pid=146207 tid=146207
[03:57:53.719977] NRF   WRITE    196    bytes  pid=146207
[03:57:53.720440] NRF   READ     4      bytes  pid=146207
[03:57:53.720466] NRF   READ     2007   bytes  pid=146207
[03:57:53.721273] NRF   READ     1302   bytes  pid=146207
[03:57:53.721369] NRF   WRITE    291    bytes  pid=146207
[03:57:53.723416] NRF   WRITE    112    bytes  pid=146207
[03:57:53.723505] NRF   WRITE    63     bytes  pid=146207
[03:57:53.723806] NRF   WRITE    8      bytes  pid=146207
[03:57:53.723847] NRF   WRITE    626    bytes  pid=146207
[03:57:53.723877] NRF   READ     8      bytes  pid=146207
[03:57:53.724294] NRF   READ     9      bytes  pid=146207
[03:57:53.724307] NRF   READ     517    bytes  pid=146207
[03:57:53.724430] NRF   READ     1237   bytes  pid=146207
[03:57:53.724653] NRF   WRITE    84     bytes  pid=146207
[03:57:53.724669] NRF   API      NFDiscovery               pid=146207 tid=3658330
[03:57:53.724804] NRF   WRITE    236    bytes  pid=146207
[03:57:53.725202] NRF   READ     4      bytes  pid=146207
[03:57:53.725223] NRF   READ     102    bytes  pid=146207
[03:57:53.725299] NRF   WRITE    166    bytes  pid=146207
[03:57:53.725371] NRF   WRITE    16     bytes  pid=146207
[03:57:53.725434] NRF   WRITE    8      bytes  pid=146207
[03:57:53.725451] NRF   WRITE    50     bytes  pid=146207
[03:57:53.725928] NRF   READ     8      bytes  pid=146207
[03:57:53.725952] NRF   READ     9      bytes  pid=146207
[03:57:53.725974] NRF   READ     9      bytes  pid=146207
[03:57:53.726034] NRF   READ     9      bytes  pid=146207
[03:57:53.726079] NRF   READ     123    bytes  pid=146207
[03:57:53.726083] NRF   WRITE    85     bytes  pid=146207
[03:57:53.726142] NRF   API      AccessToken               pid=146207 tid=146511
[03:57:53.726275] NRF   WRITE    196    bytes  pid=146207
[03:57:53.726955] NRF   READ     4      bytes  pid=146207
[03:57:53.726966] NRF   READ     2007   bytes  pid=146207
[03:57:53.728206] NRF   READ     9      bytes  pid=146207
[03:57:53.728240] NRF   READ     8      bytes  pid=146207
[03:57:53.728296] NRF   WRITE    17     bytes  pid=146207
[03:57:53.728829] NRF   READ     1302   bytes  pid=146207
[03:57:53.729044] NRF   WRITE    291    bytes  pid=146207
[03:57:53.732219] NRF   WRITE    112    bytes  pid=146207
[03:57:53.732651] NRF   WRITE    13     bytes  pid=146207
[03:57:53.732973] NRF   WRITE    8      bytes  pid=146207
[03:57:53.733058] NRF   READ     8      bytes  pid=146207
[03:57:53.733101] NRF   WRITE    626    bytes  pid=146207
[03:57:53.733740] NRF   READ     9      bytes  pid=146207
[03:57:53.733805] NRF   READ     77     bytes  pid=146207
[03:57:53.733905] NRF   READ     1237   bytes  pid=146207
[03:57:53.734220] NRF   WRITE    84     bytes  pid=146207
[03:57:53.734561] NRF   API      NFDiscovery               pid=146207 tid=146510
[03:57:53.734732] NRF   WRITE    264    bytes  pid=146207
[03:57:53.735256] NRF   READ     4      bytes  pid=146207
[03:57:53.735313] NRF   READ     2464   bytes  pid=146207
[03:57:53.736663] NRF   WRITE    191    bytes  pid=146207
[03:57:53.737047] NRF   WRITE    17     bytes  pid=146207
[03:57:53.737280] NRF   WRITE    8      bytes  pid=146207
[03:57:53.737326] NRF   READ     8      bytes  pid=146207
[03:57:53.737379] NRF   WRITE    2152   bytes  pid=146207
[03:57:53.738178] NRF   READ     9      bytes  pid=146207
[03:57:53.738225] NRF   READ     13     bytes  pid=146207
[03:57:53.738303] NRF   READ     9      bytes  pid=146207
[03:57:53.738378] NRF   WRITE    85     bytes  pid=146207
[03:57:53.738431] NRF   READ     134    bytes  pid=146207
[03:57:53.738536] NRF   API      AccessToken               pid=146207 tid=146207
[03:57:53.738746] NRF   WRITE    196    bytes  pid=146207
[03:57:53.739460] NRF   READ     4      bytes  pid=146207
[03:57:53.739475] NRF   READ     2007   bytes  pid=146207
[03:57:53.740581] NRF   READ     1302   bytes  pid=146207
[03:57:53.740826] NRF   WRITE    291    bytes  pid=146207
[03:57:53.740924] NRF   WRITE    157    bytes  pid=146207
[03:57:53.741613] NRF   READ     4      bytes  pid=146207
[03:57:53.741629] NRF   READ     2464   bytes  pid=146207
[03:57:53.746227] NRF   WRITE    112    bytes  pid=146207
[03:57:53.746354] NRF   WRITE    17     bytes  pid=146207
[03:57:53.746504] NRF   WRITE    8      bytes  pid=146207
[03:57:53.746536] NRF   READ     8      bytes  pid=146207
[03:57:53.746597] NRF   WRITE    651    bytes  pid=146207
[03:57:53.747666] NRF   WRITE    17     bytes  pid=146207
[03:57:53.750825] NRF   ACCEPT   ← 10.100.200.11:57624     pid=146207  fd=10
[03:57:53.750955] NRF   READ     328    bytes  pid=146207
[03:57:53.751135] NRF   WRITE    39     bytes  pid=146207
[03:57:53.751222] NRF   WRITE    85     bytes  pid=146207
[03:57:53.751278] NRF   API      AccessToken               pid=146207 tid=146207
[03:57:53.751478] NRF   WRITE    196    bytes  pid=146207
[03:57:53.751568] NRF   WRITE    22     bytes  pid=146207
[03:57:53.751879] NRF   READ     9      bytes  pid=146207
[03:57:53.751927] NRF   WRITE    8      bytes  pid=146207
[03:57:53.751951] NRF   READ     8      bytes  pid=146207
[03:57:53.753217] NRF   READ     4      bytes  pid=146207
[03:57:53.753255] NRF   READ     2464   bytes  pid=146207
[03:57:53.754719] NRF   READ     1302   bytes  pid=146207
[03:57:53.754846] NRF   WRITE    291    bytes  pid=146207
[03:57:53.754941] NRF   WRITE    157    bytes  pid=146207
[03:57:53.755695] NRF   READ     4      bytes  pid=146207
[03:57:53.755741] NRF   READ     730    bytes  pid=146207
[03:57:53.759900] NRF   WRITE    112    bytes  pid=146207
[03:57:53.760047] NRF   WRITE    62     bytes  pid=146207
[03:57:53.760190] NRF   WRITE    8      bytes  pid=146207
[03:57:53.760241] NRF   READ     8      bytes  pid=146207
[03:57:53.760293] NRF   WRITE    621    bytes  pid=146207
[03:57:53.761884] NRF   WRITE    17     bytes  pid=146207
[03:57:53.770830] NRF   ACCEPT   ← 10.100.200.11:57636     pid=146207  fd=11
[03:57:53.770897] NRF   READ     328    bytes  pid=146207
[03:57:53.771029] NRF   WRITE    39     bytes  pid=146207
[03:57:53.771163] NRF   WRITE    85     bytes  pid=146207
[03:57:53.771204] NRF   READ     9      bytes  pid=146207
[03:57:53.771261] NRF   WRITE    22     bytes  pid=146207
[03:57:53.771280] NRF   API      AccessToken               pid=146207 tid=3658330
[03:57:53.771455] NRF   WRITE    196    bytes  pid=146207
[03:57:53.771955] NRF   READ     4      bytes  pid=146207
[03:57:53.772019] NRF   READ     2464   bytes  pid=146207
[03:57:53.773361] NRF   READ     1302   bytes  pid=146207
[03:57:53.773492] NRF   WRITE    291    bytes  pid=146207
[03:57:53.773612] NRF   WRITE    157    bytes  pid=146207
[03:57:53.774194] NRF   READ     4      bytes  pid=146207
[03:57:53.774258] NRF   READ     730    bytes  pid=146207
[03:57:53.777182] NRF   WRITE    112    bytes  pid=146207
[03:57:53.777277] NRF   WRITE    62     bytes  pid=146207
[03:57:53.777586] NRF   WRITE    8      bytes  pid=146207
[03:57:53.777621] NRF   READ     8      bytes  pid=146207
[03:57:53.777644] NRF   WRITE    621    bytes  pid=146207
[03:57:53.778928] NRF   WRITE    17     bytes  pid=146207
[03:57:53.782784] NRF   ACCEPT   ← 10.100.200.11:57648     pid=146207  fd=12
[03:57:53.782868] NRF   READ     70     bytes  pid=146207
[03:57:53.782990] NRF   READ     9      bytes  pid=146207
[03:57:53.782995] NRF   READ     119    bytes  pid=146207
[03:57:53.783671] NRF   WRITE    39     bytes  pid=146207
[03:57:53.783744] NRF   WRITE    22     bytes  pid=146207
[03:57:53.783863] NRF   READ     9      bytes  pid=146207
[03:57:53.783868] NRF   READ     121    bytes  pid=146207
[03:57:53.783952] NRF   WRITE    85     bytes  pid=146207
[03:57:53.784049] NRF   API      AccessToken               pid=146207 tid=3658330
[03:57:53.784227] NRF   WRITE    196    bytes  pid=146207
[03:57:53.784334] NRF   READ     9      bytes  pid=146207
[03:57:53.785058] NRF   READ     4      bytes  pid=146207
[03:57:53.785072] NRF   READ     2464   bytes  pid=146207
[03:57:53.786061] NRF   READ     1302   bytes  pid=146207
[03:57:53.786149] NRF   WRITE    291    bytes  pid=146207
[03:57:53.786218] NRF   WRITE    157    bytes  pid=146207
[03:57:53.786659] NRF   READ     4      bytes  pid=146207
[03:57:53.786674] NRF   READ     730    bytes  pid=146207
[03:57:53.788976] NRF   WRITE    112    bytes  pid=146207
[03:57:53.789089] NRF   WRITE    62     bytes  pid=146207
[03:57:53.789236] NRF   WRITE    8      bytes  pid=146207
[03:57:53.789269] NRF   WRITE    621    bytes  pid=146207
[03:57:53.789295] NRF   READ     8      bytes  pid=146207
[03:57:53.790495] NRF   WRITE    17     bytes  pid=146207
[03:57:53.793280] NRF   ACCEPT   ← 10.100.200.6:45912      pid=146207  fd=59
[03:57:53.793583] NRF   READ     198    bytes  pid=146207
[03:57:53.793724] NRF   WRITE    39     bytes  pid=146207
[03:57:53.793850] NRF   WRITE    22     bytes  pid=146207
[03:57:53.793877] NRF   READ     9      bytes  pid=146207
[03:57:53.793916] NRF   READ     123    bytes  pid=146207
[03:57:53.793917] NRF   WRITE    85     bytes  pid=146207
[03:57:53.794075] NRF   READ     9      bytes  pid=146207
[03:57:53.794192] NRF   API      AccessToken               pid=146207 tid=146510
[03:57:53.794432] NRF   WRITE    196    bytes  pid=146207
[03:57:53.794879] NRF   READ     4      bytes  pid=146207
[03:57:53.794961] NRF   READ     2007   bytes  pid=146207
[03:57:53.796077] NRF   READ     1302   bytes  pid=146207
[03:57:53.796192] NRF   WRITE    291    bytes  pid=146207
[03:57:53.798912] NRF   WRITE    112    bytes  pid=146207
[03:57:53.799056] NRF   WRITE    63     bytes  pid=146207
[03:57:53.799210] NRF   WRITE    8      bytes  pid=146207
[03:57:53.799231] NRF   READ     8      bytes  pid=146207
[03:57:53.799255] NRF   WRITE    626    bytes  pid=146207
[03:57:53.799851] NRF   READ     9      bytes  pid=146207
[03:57:53.799869] NRF   READ     517    bytes  pid=146207
[03:57:53.800103] NRF   READ     1237   bytes  pid=146207
[03:57:53.800308] NRF   WRITE    84     bytes  pid=146207
[03:57:53.800325] NRF   API      NFDiscovery               pid=146207 tid=146511
[03:57:53.800439] NRF   WRITE    236    bytes  pid=146207
[03:57:53.800952] NRF   READ     4      bytes  pid=146207
[03:57:53.800967] NRF   READ     102    bytes  pid=146207
[03:57:53.801092] NRF   WRITE    166    bytes  pid=146207
[03:57:53.801192] NRF   WRITE    16     bytes  pid=146207
[03:57:53.801451] NRF   WRITE    8      bytes  pid=146207
[03:57:53.801468] NRF   READ     8      bytes  pid=146207
[03:57:53.801473] NRF   WRITE    50     bytes  pid=146207
[03:57:53.802568] NRF   WRITE    17     bytes  pid=146207
[03:57:53.814389] NRF   READ     9      bytes  pid=146207
[03:57:53.814407] NRF   READ     8      bytes  pid=146207
[03:57:53.814443] NRF   WRITE    17     bytes  pid=146207
[03:57:53.815270] NRF   ACCEPT   ← 10.100.200.9:38788      pid=146207  fd=13
[03:57:53.815710] NRF   READ     328    bytes  pid=146207
[03:57:53.815810] NRF   WRITE    8      bytes  pid=146207
[03:57:53.815889] NRF   WRITE    39     bytes  pid=146207
[03:57:53.815949] NRF   WRITE    22     bytes  pid=146207
[03:57:53.816024] NRF   READ     8      bytes  pid=146207
[03:57:53.816029] NRF   READ     9      bytes  pid=146207
[03:57:53.816085] NRF   WRITE    85     bytes  pid=146207
[03:57:53.816189] NRF   API      AccessToken               pid=146207 tid=146510
[03:57:53.816352] NRF   WRITE    196    bytes  pid=146207
[03:57:53.816813] NRF   READ     4      bytes  pid=146207
[03:57:53.816819] NRF   READ     1951   bytes  pid=146207
[03:57:53.818133] NRF   READ     1302   bytes  pid=146207
[03:57:53.818234] NRF   WRITE    291    bytes  pid=146207
[03:57:53.818363] NRF   WRITE    157    bytes  pid=146207
[03:57:53.818789] NRF   READ     4      bytes  pid=146207
[03:57:53.818793] NRF   READ     730    bytes  pid=146207
[03:57:53.825904] NRF   WRITE    112    bytes  pid=146207
[03:57:53.826047] NRF   WRITE    62     bytes  pid=146207
[03:57:53.826241] NRF   WRITE    8      bytes  pid=146207
[03:57:53.826260] NRF   WRITE    621    bytes  pid=146207
[03:57:53.826338] NRF   READ     8      bytes  pid=146207
[03:57:53.827413] NRF   WRITE    17     bytes  pid=146207
[03:57:53.827493] NRF   WRITE    8      bytes  pid=146207
[03:57:53.827513] NRF   READ     8      bytes  pid=146207
[03:57:53.834608] NRF   ACCEPT   ← 10.100.200.16:53754     pid=146207  fd=14
[03:57:53.834734] NRF   READ     70     bytes  pid=146207
[03:57:53.834856] NRF   WRITE    8      bytes  pid=146207
[03:57:53.834882] NRF   READ     9      bytes  pid=146207
[03:57:53.834886] NRF   READ     119    bytes  pid=146207
[03:57:53.834931] NRF   READ     9      bytes  pid=146207
[03:57:53.834936] NRF   READ     129    bytes  pid=146207
[03:57:53.834949] NRF   WRITE    39     bytes  pid=146207
[03:57:53.835016] NRF   WRITE    22     bytes  pid=146207
[03:57:53.835107] NRF   WRITE    85     bytes  pid=146207
[03:57:53.835197] NRF   READ     8      bytes  pid=146207
[03:57:53.835202] NRF   READ     9      bytes  pid=146207
[03:57:53.835280] NRF   API      AccessToken               pid=146207 tid=146510
[03:57:53.835462] NRF   WRITE    196    bytes  pid=146207
[03:57:53.835982] NRF   READ     4      bytes  pid=146207
[03:57:53.835989] NRF   READ     2418   bytes  pid=146207
[03:57:53.837022] NRF   ACCEPT   ← 10.100.200.6:45920      pid=146207  fd=60
[03:57:53.837098] NRF   READ     330    bytes  pid=146207
[03:57:53.837191] NRF   WRITE    8      bytes  pid=146207
[03:57:53.837211] NRF   READ     8      bytes  pid=146207
[03:57:53.837269] NRF   WRITE    39     bytes  pid=146207
[03:57:53.837370] NRF   WRITE    22     bytes  pid=146207
[03:57:53.837517] NRF   WRITE    85     bytes  pid=146207
[03:57:53.837522] NRF   READ     1302   bytes  pid=146207
[03:57:53.837565] NRF   API      AccessToken               pid=146207 tid=146509
[03:57:53.837613] NRF   WRITE    291    bytes  pid=146207
[03:57:53.837681] NRF   WRITE    157    bytes  pid=146207
[03:57:53.837682] NRF   WRITE    196    bytes  pid=146207
[03:57:53.837910] NRF   READ     9      bytes  pid=146207
[03:57:53.838052] NRF   READ     4      bytes  pid=146207
[03:57:53.838059] NRF   READ     2007   bytes  pid=146207
[03:57:53.838162] NRF   READ     4      bytes  pid=146207
[03:57:53.838168] NRF   READ     2007   bytes  pid=146207
[03:57:53.843665] NRF   READ     1302   bytes  pid=146207
[03:57:53.843757] NRF   WRITE    291    bytes  pid=146207
[03:57:53.843867] NRF   WRITE    157    bytes  pid=146207
[03:57:53.844729] NRF   READ     4      bytes  pid=146207
[03:57:53.844736] NRF   READ     2418   bytes  pid=146207
[03:57:53.850097] NRF   WRITE    112    bytes  pid=146207
[03:57:53.850218] NRF   WRITE    63     bytes  pid=146207
[03:57:53.850350] NRF   WRITE    626    bytes  pid=146207
[03:57:53.851620] NRF   WRITE    17     bytes  pid=146207
[03:57:53.853660] NRF   WRITE    112    bytes  pid=146207
[03:57:53.854615] NRF   WRITE    63     bytes  pid=146207
[03:57:53.854725] NRF   WRITE    8      bytes  pid=146207
[03:57:53.854740] NRF   READ     8      bytes  pid=146207
[03:57:53.854766] NRF   WRITE    640    bytes  pid=146207
[03:57:53.855848] NRF   WRITE    17     bytes  pid=146207
[03:57:53.855920] NRF   WRITE    8      bytes  pid=146207
[03:57:53.855938] NRF   READ     8      bytes  pid=146207
[03:57:53.869416] NRF   ACCEPT   ← 10.100.200.16:53760     pid=146207  fd=26
[03:57:53.869543] NRF   WRITE    8      bytes  pid=146207
[03:57:53.869558] NRF   READ     8      bytes  pid=146207
[03:57:53.869849] NRF   READ     70     bytes  pid=146207
[03:57:53.869981] NRF   WRITE    8      bytes  pid=146207
[03:57:53.870018] NRF   WRITE    39     bytes  pid=146207
[03:57:53.870054] NRF   WRITE    22     bytes  pid=146207
[03:57:53.870096] NRF   READ     8      bytes  pid=146207
[03:57:53.870251] NRF   READ     9      bytes  pid=146207
[03:57:53.870334] NRF   WRITE    8      bytes  pid=146207
[03:57:53.870352] NRF   READ     8      bytes  pid=146207
[03:57:53.870517] NRF   READ     9      bytes  pid=146207
[03:57:53.870558] NRF   READ     122    bytes  pid=146207
[03:57:53.870695] NRF   WRITE    85     bytes  pid=146207
[03:57:53.870734] NRF   WRITE    8      bytes  pid=146207
[03:57:53.870755] NRF   READ     8      bytes  pid=146207
[03:57:53.871341] NRF   READ     9      bytes  pid=146207
[03:57:53.871358] NRF   READ     129    bytes  pid=146207
[03:57:53.871437] NRF   API      AccessToken               pid=146207 tid=146207
[03:57:53.871627] NRF   WRITE    196    bytes  pid=146207
[03:57:53.872078] NRF   READ     4      bytes  pid=146207
[03:57:53.872092] NRF   READ     2418   bytes  pid=146207
[03:57:53.873211] NRF   READ     1302   bytes  pid=146207
[03:57:53.873328] NRF   WRITE    291    bytes  pid=146207
[03:57:53.873425] NRF   WRITE    157    bytes  pid=146207
[03:57:53.873805] NRF   READ     4      bytes  pid=146207
[03:57:53.873820] NRF   READ     2007   bytes  pid=146207
[03:57:53.876855] NRF   WRITE    112    bytes  pid=146207
[03:57:53.876912] NRF   WRITE    63     bytes  pid=146207
[03:57:53.877030] NRF   WRITE    8      bytes  pid=146207
[03:57:53.877096] NRF   READ     8      bytes  pid=146207
[03:57:53.877227] NRF   WRITE    640    bytes  pid=146207
[03:57:53.878203] NRF   WRITE    17     bytes  pid=146207
[03:57:53.953837] NRF   READ     9      bytes  pid=146207
[03:57:53.953849] NRF   READ     8      bytes  pid=146207
[03:57:53.953895] NRF   WRITE    17     bytes  pid=146207
[03:57:54.047204] NRF   READ     9      bytes  pid=146207
[03:57:54.047216] NRF   READ     8      bytes  pid=146207
[03:57:54.047272] NRF   WRITE    17     bytes  pid=146207
[03:57:54.107230] NRF   READ     9      bytes  pid=146207
[03:57:54.107272] NRF   READ     8      bytes  pid=146207
[03:57:54.107308] NRF   WRITE    17     bytes  pid=146207
[03:57:54.343188] NRF   READ     9      bytes  pid=146207
[03:57:54.343199] NRF   READ     8      bytes  pid=146207
[03:57:54.380171] NRF   READ     9      bytes  pid=146207
[03:57:54.380182] NRF   READ     8      bytes  pid=146207
[03:57:54.500125] NRF   READ     9      bytes  pid=146207
[03:57:54.500137] NRF   READ     8      bytes  pid=146207
[03:57:54.500172] NRF   WRITE    17     bytes  pid=146207
[03:57:54.610474] NRF   WRITE    8      bytes  pid=146207
[03:57:54.610490] NRF   READ     8      bytes  pid=146207
[03:57:54.640116] NRF   READ     9      bytes  pid=146207
[03:57:54.640129] NRF   READ     8      bytes  pid=146207
[03:57:54.667401] NRF   READ     9      bytes  pid=146207
[03:57:54.667453] NRF   READ     8      bytes  pid=146207
[03:57:54.667533] NRF   WRITE    17     bytes  pid=146207
[03:57:54.703674] NRF   WRITE    8      bytes  pid=146207
[03:57:54.703767] NRF   READ     8      bytes  pid=146207
[03:57:54.803711] NRF   READ     9      bytes  pid=146207
[03:57:57.620039] NRF   WRITE    8      bytes  pid=146207
[03:57:57.620054] NRF   READ     8      bytes  pid=146207
[03:58:01.536500] NRF   READ     4      bytes  pid=146207
[03:58:01.536551] NRF   READ     319    bytes  pid=146207
[03:58:01.536825] NRF   WRITE    8      bytes  pid=146207
[03:58:01.536878] NRF   READ     8      bytes  pid=146207
[03:58:02.624241] NRF   WRITE    62     bytes  pid=146207
[03:58:02.626353] NRF   READ     4      bytes  pid=146207
[03:58:02.626368] NRF   READ     319    bytes  pid=146207

[*] Detaching...
