/* SPDX-License-Identifier: (LGPL-2.1 OR BSD-2-Clause) */

/* THIS FILE IS AUTOGENERATED BY BPFTOOL! */
#ifndef __NRF_TRACER_BPF_SKEL_H__
#define __NRF_TRACER_BPF_SKEL_H__

#include <errno.h>
#include <stdlib.h>
#include <bpf/libbpf.h>

#define BPF_SKEL_SUPPORTS_MAP_AUTO_ATTACH 1

struct nrf_tracer_bpf {
	struct bpf_object_skeleton *skeleton;
	struct bpf_object *obj;
	struct {
		struct bpf_map *connect_scratch;
		struct bpf_map *accept_scratch;
		struct bpf_map *events;
		struct bpf_map *nrf_cgroup_map;
		struct bpf_map *rodata_str1_1;
	} maps;
	struct {
		struct bpf_program *nrf_nf_register;
		struct bpf_program *nrf_nf_deregister;
		struct bpf_program *nrf_get_nf_inst;
		struct bpf_program *nrf_get_nf_inst_list;
		struct bpf_program *nrf_update_nf_inst;
		struct bpf_program *nrf_create_sub;
		struct bpf_program *nrf_remove_sub;
		struct bpf_program *nrf_update_sub;
		struct bpf_program *nrf_access_token;
		struct bpf_program *nrf_nf_discovery;
		struct bpf_program *trace_connect_enter;
		struct bpf_program *trace_connect_exit;
		struct bpf_program *trace_accept_enter;
		struct bpf_program *trace_accept_exit;
		struct bpf_program *trace_write_enter;
		struct bpf_program *trace_read_exit;
	} progs;
	struct {
		struct bpf_link *nrf_nf_register;
		struct bpf_link *nrf_nf_deregister;
		struct bpf_link *nrf_get_nf_inst;
		struct bpf_link *nrf_get_nf_inst_list;
		struct bpf_link *nrf_update_nf_inst;
		struct bpf_link *nrf_create_sub;
		struct bpf_link *nrf_remove_sub;
		struct bpf_link *nrf_update_sub;
		struct bpf_link *nrf_access_token;
		struct bpf_link *nrf_nf_discovery;
		struct bpf_link *trace_connect_enter;
		struct bpf_link *trace_connect_exit;
		struct bpf_link *trace_accept_enter;
		struct bpf_link *trace_accept_exit;
		struct bpf_link *trace_write_enter;
		struct bpf_link *trace_read_exit;
	} links;

#ifdef __cplusplus
	static inline struct nrf_tracer_bpf *open(const struct bpf_object_open_opts *opts = nullptr);
	static inline struct nrf_tracer_bpf *open_and_load();
	static inline int load(struct nrf_tracer_bpf *skel);
	static inline int attach(struct nrf_tracer_bpf *skel);
	static inline void detach(struct nrf_tracer_bpf *skel);
	static inline void destroy(struct nrf_tracer_bpf *skel);
	static inline const void *elf_bytes(size_t *sz);
#endif /* __cplusplus */
};

static void
nrf_tracer_bpf__destroy(struct nrf_tracer_bpf *obj)
{
	if (!obj)
		return;
	if (obj->skeleton)
		bpf_object__destroy_skeleton(obj->skeleton);
	free(obj);
}

static inline int
nrf_tracer_bpf__create_skeleton(struct nrf_tracer_bpf *obj);

static inline struct nrf_tracer_bpf *
nrf_tracer_bpf__open_opts(const struct bpf_object_open_opts *opts)
{
	struct nrf_tracer_bpf *obj;
	int err;

	obj = (struct nrf_tracer_bpf *)calloc(1, sizeof(*obj));
	if (!obj) {
		errno = ENOMEM;
		return NULL;
	}

	err = nrf_tracer_bpf__create_skeleton(obj);
	if (err)
		goto err_out;

	err = bpf_object__open_skeleton(obj->skeleton, opts);
	if (err)
		goto err_out;

	return obj;
err_out:
	nrf_tracer_bpf__destroy(obj);
	errno = -err;
	return NULL;
}

static inline struct nrf_tracer_bpf *
nrf_tracer_bpf__open(void)
{
	return nrf_tracer_bpf__open_opts(NULL);
}

static inline int
nrf_tracer_bpf__load(struct nrf_tracer_bpf *obj)
{
	return bpf_object__load_skeleton(obj->skeleton);
}

static inline struct nrf_tracer_bpf *
nrf_tracer_bpf__open_and_load(void)
{
	struct nrf_tracer_bpf *obj;
	int err;

	obj = nrf_tracer_bpf__open();
	if (!obj)
		return NULL;
	err = nrf_tracer_bpf__load(obj);
	if (err) {
		nrf_tracer_bpf__destroy(obj);
		errno = -err;
		return NULL;
	}
	return obj;
}

static inline int
nrf_tracer_bpf__attach(struct nrf_tracer_bpf *obj)
{
	return bpf_object__attach_skeleton(obj->skeleton);
}

static inline void
nrf_tracer_bpf__detach(struct nrf_tracer_bpf *obj)
{
	bpf_object__detach_skeleton(obj->skeleton);
}

static inline const void *nrf_tracer_bpf__elf_bytes(size_t *sz);

static inline int
nrf_tracer_bpf__create_skeleton(struct nrf_tracer_bpf *obj)
{
	struct bpf_object_skeleton *s;
	struct bpf_map_skeleton *map __attribute__((unused));
	int err;

	s = (struct bpf_object_skeleton *)calloc(1, sizeof(*s));
	if (!s)	{
		err = -ENOMEM;
		goto err;
	}

	s->sz = sizeof(*s);
	s->name = "nrf_tracer_bpf";
	s->obj = &obj->obj;

	/* maps */
	s->map_cnt = 5;
	s->map_skel_sz = 24;
	s->maps = (struct bpf_map_skeleton *)calloc(s->map_cnt,
			sizeof(*s->maps) > 24 ? sizeof(*s->maps) : 24);
	if (!s->maps) {
		err = -ENOMEM;
		goto err;
	}

	map = (struct bpf_map_skeleton *)((char *)s->maps + 0 * s->map_skel_sz);
	map->name = "connect_scratch";
	map->map = &obj->maps.connect_scratch;

	map = (struct bpf_map_skeleton *)((char *)s->maps + 1 * s->map_skel_sz);
	map->name = "accept_scratch";
	map->map = &obj->maps.accept_scratch;

	map = (struct bpf_map_skeleton *)((char *)s->maps + 2 * s->map_skel_sz);
	map->name = "events";
	map->map = &obj->maps.events;

	map = (struct bpf_map_skeleton *)((char *)s->maps + 3 * s->map_skel_sz);
	map->name = "nrf_cgroup_map";
	map->map = &obj->maps.nrf_cgroup_map;

	map = (struct bpf_map_skeleton *)((char *)s->maps + 4 * s->map_skel_sz);
	map->name = ".rodata.str1.1";
	map->map = &obj->maps.rodata_str1_1;

	/* programs */
	s->prog_cnt = 16;
	s->prog_skel_sz = sizeof(*s->progs);
	s->progs = (struct bpf_prog_skeleton *)calloc(s->prog_cnt, s->prog_skel_sz);
	if (!s->progs) {
		err = -ENOMEM;
		goto err;
	}

	s->progs[0].name = "nrf_nf_register";
	s->progs[0].prog = &obj->progs.nrf_nf_register;
	s->progs[0].link = &obj->links.nrf_nf_register;

	s->progs[1].name = "nrf_nf_deregister";
	s->progs[1].prog = &obj->progs.nrf_nf_deregister;
	s->progs[1].link = &obj->links.nrf_nf_deregister;

	s->progs[2].name = "nrf_get_nf_inst";
	s->progs[2].prog = &obj->progs.nrf_get_nf_inst;
	s->progs[2].link = &obj->links.nrf_get_nf_inst;

	s->progs[3].name = "nrf_get_nf_inst_list";
	s->progs[3].prog = &obj->progs.nrf_get_nf_inst_list;
	s->progs[3].link = &obj->links.nrf_get_nf_inst_list;

	s->progs[4].name = "nrf_update_nf_inst";
	s->progs[4].prog = &obj->progs.nrf_update_nf_inst;
	s->progs[4].link = &obj->links.nrf_update_nf_inst;

	s->progs[5].name = "nrf_create_sub";
	s->progs[5].prog = &obj->progs.nrf_create_sub;
	s->progs[5].link = &obj->links.nrf_create_sub;

	s->progs[6].name = "nrf_remove_sub";
	s->progs[6].prog = &obj->progs.nrf_remove_sub;
	s->progs[6].link = &obj->links.nrf_remove_sub;

	s->progs[7].name = "nrf_update_sub";
	s->progs[7].prog = &obj->progs.nrf_update_sub;
	s->progs[7].link = &obj->links.nrf_update_sub;

	s->progs[8].name = "nrf_access_token";
	s->progs[8].prog = &obj->progs.nrf_access_token;
	s->progs[8].link = &obj->links.nrf_access_token;

	s->progs[9].name = "nrf_nf_discovery";
	s->progs[9].prog = &obj->progs.nrf_nf_discovery;
	s->progs[9].link = &obj->links.nrf_nf_discovery;

	s->progs[10].name = "trace_connect_enter";
	s->progs[10].prog = &obj->progs.trace_connect_enter;
	s->progs[10].link = &obj->links.trace_connect_enter;

	s->progs[11].name = "trace_connect_exit";
	s->progs[11].prog = &obj->progs.trace_connect_exit;
	s->progs[11].link = &obj->links.trace_connect_exit;

	s->progs[12].name = "trace_accept_enter";
	s->progs[12].prog = &obj->progs.trace_accept_enter;
	s->progs[12].link = &obj->links.trace_accept_enter;

	s->progs[13].name = "trace_accept_exit";
	s->progs[13].prog = &obj->progs.trace_accept_exit;
	s->progs[13].link = &obj->links.trace_accept_exit;

	s->progs[14].name = "trace_write_enter";
	s->progs[14].prog = &obj->progs.trace_write_enter;
	s->progs[14].link = &obj->links.trace_write_enter;

	s->progs[15].name = "trace_read_exit";
	s->progs[15].prog = &obj->progs.trace_read_exit;
	s->progs[15].link = &obj->links.trace_read_exit;

	s->data = nrf_tracer_bpf__elf_bytes(&s->data_sz);

	obj->skeleton = s;
	return 0;
err:
	bpf_object__destroy_skeleton(s);
	return err;
}

static inline const void *nrf_tracer_bpf__elf_bytes(size_t *sz)
{
	static const char data[] __attribute__((__aligned__(8))) = "\
\x7f\x45\x4c\x46\x02\x01\x01\0\0\0\0\0\0\0\0\0\x01\0\xf7\0\x01\0\0\0\0\0\0\0\0\
\0\0\0\0\0\0\0\0\0\0\0\x90\xd4\0\0\0\0\0\0\0\0\0\0\x40\0\0\0\0\0\x40\0\x3b\0\
\x01\0\xb7\x06\0\0\0\0\0\0\x18\x01\0\0\0\0\0\0\0\0\0\0\0\0\0\0\xb7\x02\0\0\x88\
\x02\0\0\xb7\x03\0\0\0\0\0\0\x85\0\0\0\x83\0\0\0\x15\0\x74\0\0\0\0\0\x7b\x60\
\x80\x02\0\0\0\0\x7b\x60\x78\x02\0\0\0\0\x7b\x60\x70\x02\0\0\0\0\x7b\x60\x68\
\x02\0\0\0\0\x7b\x60\x60\x02\0\0\0\0\x7b\x60\x58\x02\0\0\0\0\x7b\x60\x50\x02\0\
\0\0\0\x7b\x60\x48\x02\0\0\0\0\x7b\x60\x40\x02\0\0\0\0\x7b\x60\x38\x02\0\0\0\0\
\x7b\x60\x30\x02\0\0\0\0\x7b\x60\x28\x02\0\0\0\0\x7b\x60\x20\x02\0\0\0\0\x7b\
\x60\x18\x02\0\0\0\0\x7b\x60\x10\x02\0\0\0\0\x7b\x60\x08\x02\0\0\0\0\x7b\x60\0\
\x02\0\0\0\0\x7b\x60\xf8\x01\0\0\0\0\x7b\x60\xf0\x01\0\0\0\0\x7b\x60\xe8\x01\0\
\0\0\0\x7b\x60\xe0\x01\0\0\0\0\x7b\x60\xd8\x01\0\0\0\0\x7b\x60\xd0\x01\0\0\0\0\
\x7b\x60\xc8\x01\0\0\0\0\x7b\x60\xc0\x01\0\0\0\0\x7b\x60\xb8\x01\0\0\0\0\x7b\
\x60\xb0\x01\0\0\0\0\x7b\x60\xa8\x01\0\0\0\0\x7b\x60\xa0\x01\0\0\0\0\x7b\x60\
\x98\x01\0\0\0\0\x7b\x60\x90\x01\0\0\0\0\x7b\x60\x88\x01\0\0\0\0\x7b\x60\x80\
\x01\0\0\0\0\x7b\x60\x78\x01\0\0\0\0\x7b\x60\x70\x01\0\0\0\0\x7b\x60\x68\x01\0\
\0\0\0\x7b\x60\x60\x01\0\0\0\0\x7b\x60\x58\x01\0\0\0\0\x7b\x60\x50\x01\0\0\0\0\
\x7b\x60\x48\x01\0\0\0\0\x7b\x60\x40\x01\0\0\0\0\x7b\x60\x38\x01\0\0\0\0\x7b\
\x60\x30\x01\0\0\0\0\x7b\x60\x28\x01\0\0\0\0\x7b\x60\x20\x01\0\0\0\0\x7b\x60\
\x18\x01\0\0\0\0\x7b\x60\x10\x01\0\0\0\0\x7b\x60\x08\x01\0\0\0\0\x7b\x60\0\x01\
\0\0\0\0\x7b\x60\xf8\0\0\0\0\0\x7b\x60\xf0\0\0\0\0\0\x7b\x60\xe8\0\0\0\0\0\x7b\
\x60\xe0\0\0\0\0\0\x7b\x60\xd8\0\0\0\0\0\x7b\x60\xd0\0\0\0\0\0\x7b\x60\xc8\0\0\
\0\0\0\x7b\x60\xc0\0\0\0\0\0\x7b\x60\xb8\0\0\0\0\0\x7b\x60\xb0\0\0\0\0\0\x7b\
\x60\xa8\0\0\0\0\0\x7b\x60\xa0\0\0\0\0\0\x7b\x60\x98\0\0\0\0\0\x7b\x60\x90\0\0\
\0\0\0\x7b\x60\x88\0\0\0\0\0\x7b\x60\x80\0\0\0\0\0\x7b\x60\x78\0\0\0\0\0\x7b\
\x60\x70\0\0\0\0\0\x7b\x60\x68\0\0\0\0\0\x7b\x60\x60\0\0\0\0\0\x7b\x60\x58\0\0\
\0\0\0\x7b\x60\x50\0\0\0\0\0\x7b\x60\x48\0\0\0\0\0\x7b\x60\x40\0\0\0\0\0\x7b\
\x60\x38\0\0\0\0\0\x7b\x60\x30\0\0\0\0\0\x7b\x60\x28\0\0\0\0\0\x7b\x60\x20\0\0\
\0\0\0\x7b\x60\x18\0\0\0\0\0\x7b\x60\x10\0\0\0\0\0\x7b\x60\x08\0\0\0\0\0\x7b\
\x60\0\0\0\0\0\0\xbf\x06\0\0\0\0\0\0\x85\0\0\0\x05\0\0\0\x7b\x06\x08\0\0\0\0\0\
\x85\0\0\0\x0e\0\0\0\xbf\x01\0\0\0\0\0\0\x67\x01\0\0\x20\0\0\0\x77\0\0\0\x20\0\
\0\0\x4f\x10\0\0\0\0\0\0\x7b\x06\x10\0\0\0\0\0\x85\0\0\0\x50\0\0\0\xb7\x01\0\0\
\x74\0\0\0\x73\x16\x2f\0\0\0\0\0\xb7\x01\0\0\x73\0\0\0\x73\x16\x2e\0\0\0\0\0\
\xb7\x01\0\0\x69\0\0\0\x73\x16\x2d\0\0\0\0\0\xb7\x01\0\0\x67\0\0\0\x73\x16\x2c\
\0\0\0\0\0\xb7\x01\0\0\x52\0\0\0\x73\x16\x2a\0\0\0\0\0\xb7\x01\0\0\x46\0\0\0\
\x73\x16\x29\0\0\0\0\0\xb7\x01\0\0\x4e\0\0\0\x73\x16\x28\0\0\0\0\0\xb7\x01\0\0\
\x72\0\0\0\x73\x16\x31\0\0\0\0\0\xb7\x01\0\0\x65\0\0\0\x73\x16\x2b\0\0\0\0\0\
\x73\x16\x30\0\0\0\0\0\xb7\x01\0\0\x4e\x52\x46\0\x63\x16\x20\0\0\0\0\0\x7b\x06\
\x18\0\0\0\0\0\xbf\x61\0\0\0\0\0\0\xb7\x02\0\0\0\0\0\0\x85\0\0\0\x84\0\0\0\xb7\
\0\0\0\0\0\0\0\x95\0\0\0\0\0\0\0\xb7\x06\0\0\0\0\0\0\x18\x01\0\0\0\0\0\0\0\0\0\
\0\0\0\0\0\xb7\x02\0\0\x88\x02\0\0\xb7\x03\0\0\0\0\0\0\x85\0\0\0\x83\0\0\0\x15\
\0\x76\0\0\0\0\0\x7b\x60\x80\x02\0\0\0\0\x7b\x60\x78\x02\0\0\0\0\x7b\x60\x70\
\x02\0\0\0\0\x7b\x60\x68\x02\0\0\0\0\x7b\x60\x60\x02\0\0\0\0\x7b\x60\x58\x02\0\
\0\0\0\x7b\x60\x50\x02\0\0\0\0\x7b\x60\x48\x02\0\0\0\0\x7b\x60\x40\x02\0\0\0\0\
\x7b\x60\x38\x02\0\0\0\0\x7b\x60\x30\x02\0\0\0\0\x7b\x60\x28\x02\0\0\0\0\x7b\
\x60\x20\x02\0\0\0\0\x7b\x60\x18\x02\0\0\0\0\x7b\x60\x10\x02\0\0\0\0\x7b\x60\
\x08\x02\0\0\0\0\x7b\x60\0\x02\0\0\0\0\x7b\x60\xf8\x01\0\0\0\0\x7b\x60\xf0\x01\
\0\0\0\0\x7b\x60\xe8\x01\0\0\0\0\x7b\x60\xe0\x01\0\0\0\0\x7b\x60\xd8\x01\0\0\0\
\0\x7b\x60\xd0\x01\0\0\0\0\x7b\x60\xc8\x01\0\0\0\0\x7b\x60\xc0\x01\0\0\0\0\x7b\
\x60\xb8\x01\0\0\0\0\x7b\x60\xb0\x01\0\0\0\0\x7b\x60\xa8\x01\0\0\0\0\x7b\x60\
\xa0\x01\0\0\0\0\x7b\x60\x98\x01\0\0\0\0\x7b\x60\x90\x01\0\0\0\0\x7b\x60\x88\
\x01\0\0\0\0\x7b\x60\x80\x01\0\0\0\0\x7b\x60\x78\x01\0\0\0\0\x7b\x60\x70\x01\0\
\0\0\0\x7b\x60\x68\x01\0\0\0\0\x7b\x60\x60\x01\0\0\0\0\x7b\x60\x58\x01\0\0\0\0\
\x7b\x60\x50\x01\0\0\0\0\x7b\x60\x48\x01\0\0\0\0\x7b\x60\x40\x01\0\0\0\0\x7b\
\x60\x38\x01\0\0\0\0\x7b\x60\x30\x01\0\0\0\0\x7b\x60\x28\x01\0\0\0\0\x7b\x60\
\x20\x01\0\0\0\0\x7b\x60\x18\x01\0\0\0\0\x7b\x60\x10\x01\0\0\0\0\x7b\x60\x08\
\x01\0\0\0\0\x7b\x60\0\x01\0\0\0\0\x7b\x60\xf8\0\0\0\0\0\x7b\x60\xf0\0\0\0\0\0\
\x7b\x60\xe8\0\0\0\0\0\x7b\x60\xe0\0\0\0\0\0\x7b\x60\xd8\0\0\0\0\0\x7b\x60\xd0\
\0\0\0\0\0\x7b\x60\xc8\0\0\0\0\0\x7b\x60\xc0\0\0\0\0\0\x7b\x60\xb8\0\0\0\0\0\
\x7b\x60\xb0\0\0\0\0\0\x7b\x60\xa8\0\0\0\0\0\x7b\x60\xa0\0\0\0\0\0\x7b\x60\x98\
\0\0\0\0\0\x7b\x60\x90\0\0\0\0\0\x7b\x60\x88\0\0\0\0\0\x7b\x60\x80\0\0\0\0\0\
\x7b\x60\x78\0\0\0\0\0\x7b\x60\x70\0\0\0\0\0\x7b\x60\x68\0\0\0\0\0\x7b\x60\x60\
\0\0\0\0\0\x7b\x60\x58\0\0\0\0\0\x7b\x60\x50\0\0\0\0\0\x7b\x60\x48\0\0\0\0\0\
\x7b\x60\x40\0\0\0\0\0\x7b\x60\x38\0\0\0\0\0\x7b\x60\x30\0\0\0\0\0\x7b\x60\x28\
\0\0\0\0\0\x7b\x60\x20\0\0\0\0\0\x7b\x60\x18\0\0\0\0\0\x7b\x60\x10\0\0\0\0\0\
\x7b\x60\x08\0\0\0\0\0\x7b\x60\0\0\0\0\0\0\xbf\x06\0\0\0\0\0\0\x85\0\0\0\x05\0\
\0\0\x7b\x06\x08\0\0\0\0\0\x85\0\0\0\x0e\0\0\0\xbf\x01\0\0\0\0\0\0\x67\x01\0\0\
\x20\0\0\0\x77\0\0\0\x20\0\0\0\x4f\x10\0\0\0\0\0\0\x7b\x06\x10\0\0\0\0\0\x85\0\
\0\0\x50\0\0\0\xb7\x01\0\0\x69\0\0\0\x73\x16\x2f\0\0\0\0\0\xb7\x01\0\0\x67\0\0\
\0\x73\x16\x2e\0\0\0\0\0\xb7\x01\0\0\x44\0\0\0\x73\x16\x2a\0\0\0\0\0\xb7\x01\0\
\0\x46\0\0\0\x73\x16\x29\0\0\0\0\0\xb7\x01\0\0\x4e\0\0\0\x73\x16\x28\0\0\0\0\0\
\xb7\x01\0\0\x72\0\0\0\x73\x16\x2c\0\0\0\0\0\x73\x16\x33\0\0\0\0\0\xb7\x01\0\0\
\x65\0\0\0\x73\x16\x2d\0\0\0\0\0\x73\x16\x2b\0\0\0\0\0\x73\x16\x32\0\0\0\0\0\
\xb7\x01\0\0\x74\0\0\0\x73\x16\x31\0\0\0\0\0\xb7\x01\0\0\x73\0\0\0\x73\x16\x30\
\0\0\0\0\0\xb7\x01\0\0\x4e\x52\x46\0\x63\x16\x20\0\0\0\0\0\x7b\x06\x18\0\0\0\0\
\0\xbf\x61\0\0\0\0\0\0\xb7\x02\0\0\0\0\0\0\x85\0\0\0\x84\0\0\0\xb7\0\0\0\0\0\0\
\0\x95\0\0\0\0\0\0\0\xb7\x06\0\0\0\0\0\0\x18\x01\0\0\0\0\0\0\0\0\0\0\0\0\0\0\
\xb7\x02\0\0\x88\x02\0\0\xb7\x03\0\0\0\0\0\0\x85\0\0\0\x83\0\0\0\x15\0\x78\0\0\
\0\0\0\x7b\x60\x80\x02\0\0\0\0\x7b\x60\x78\x02\0\0\0\0\x7b\x60\x70\x02\0\0\0\0\
\x7b\x60\x68\x02\0\0\0\0\x7b\x60\x60\x02\0\0\0\0\x7b\x60\x58\x02\0\0\0\0\x7b\
\x60\x50\x02\0\0\0\0\x7b\x60\x48\x02\0\0\0\0\x7b\x60\x40\x02\0\0\0\0\x7b\x60\
\x38\x02\0\0\0\0\x7b\x60\x30\x02\0\0\0\0\x7b\x60\x28\x02\0\0\0\0\x7b\x60\x20\
\x02\0\0\0\0\x7b\x60\x18\x02\0\0\0\0\x7b\x60\x10\x02\0\0\0\0\x7b\x60\x08\x02\0\
\0\0\0\x7b\x60\0\x02\0\0\0\0\x7b\x60\xf8\x01\0\0\0\0\x7b\x60\xf0\x01\0\0\0\0\
\x7b\x60\xe8\x01\0\0\0\0\x7b\x60\xe0\x01\0\0\0\0\x7b\x60\xd8\x01\0\0\0\0\x7b\
\x60\xd0\x01\0\0\0\0\x7b\x60\xc8\x01\0\0\0\0\x7b\x60\xc0\x01\0\0\0\0\x7b\x60\
\xb8\x01\0\0\0\0\x7b\x60\xb0\x01\0\0\0\0\x7b\x60\xa8\x01\0\0\0\0\x7b\x60\xa0\
\x01\0\0\0\0\x7b\x60\x98\x01\0\0\0\0\x7b\x60\x90\x01\0\0\0\0\x7b\x60\x88\x01\0\
\0\0\0\x7b\x60\x80\x01\0\0\0\0\x7b\x60\x78\x01\0\0\0\0\x7b\x60\x70\x01\0\0\0\0\
\x7b\x60\x68\x01\0\0\0\0\x7b\x60\x60\x01\0\0\0\0\x7b\x60\x58\x01\0\0\0\0\x7b\
\x60\x50\x01\0\0\0\0\x7b\x60\x48\x01\0\0\0\0\x7b\x60\x40\x01\0\0\0\0\x7b\x60\
\x38\x01\0\0\0\0\x7b\x60\x30\x01\0\0\0\0\x7b\x60\x28\x01\0\0\0\0\x7b\x60\x20\
\x01\0\0\0\0\x7b\x60\x18\x01\0\0\0\0\x7b\x60\x10\x01\0\0\0\0\x7b\x60\x08\x01\0\
\0\0\0\x7b\x60\0\x01\0\0\0\0\x7b\x60\xf8\0\0\0\0\0\x7b\x60\xf0\0\0\0\0\0\x7b\
\x60\xe8\0\0\0\0\0\x7b\x60\xe0\0\0\0\0\0\x7b\x60\xd8\0\0\0\0\0\x7b\x60\xd0\0\0\
\0\0\0\x7b\x60\xc8\0\0\0\0\0\x7b\x60\xc0\0\0\0\0\0\x7b\x60\xb8\0\0\0\0\0\x7b\
\x60\xb0\0\0\0\0\0\x7b\x60\xa8\0\0\0\0\0\x7b\x60\xa0\0\0\0\0\0\x7b\x60\x98\0\0\
\0\0\0\x7b\x60\x90\0\0\0\0\0\x7b\x60\x88\0\0\0\0\0\x7b\x60\x80\0\0\0\0\0\x7b\
\x60\x78\0\0\0\0\0\x7b\x60\x70\0\0\0\0\0\x7b\x60\x68\0\0\0\0\0\x7b\x60\x60\0\0\
\0\0\0\x7b\x60\x58\0\0\0\0\0\x7b\x60\x50\0\0\0\0\0\x7b\x60\x48\0\0\0\0\0\x7b\
\x60\x40\0\0\0\0\0\x7b\x60\x38\0\0\0\0\0\x7b\x60\x30\0\0\0\0\0\x7b\x60\x28\0\0\
\0\0\0\x7b\x60\x20\0\0\0\0\0\x7b\x60\x18\0\0\0\0\0\x7b\x60\x10\0\0\0\0\0\x7b\
\x60\x08\0\0\0\0\0\x7b\x60\0\0\0\0\0\0\xbf\x06\0\0\0\0\0\0\x85\0\0\0\x05\0\0\0\
\x7b\x06\x08\0\0\0\0\0\x85\0\0\0\x0e\0\0\0\xbf\x01\0\0\0\0\0\0\x67\x01\0\0\x20\
\0\0\0\x77\0\0\0\x20\0\0\0\x4f\x10\0\0\0\0\0\0\x7b\x06\x10\0\0\0\0\0\x85\0\0\0\
\x50\0\0\0\xb7\x01\0\0\x73\0\0\0\x73\x16\x2f\0\0\0\0\0\xb7\x01\0\0\x49\0\0\0\
\x73\x16\x2d\0\0\0\0\0\xb7\x01\0\0\x46\0\0\0\x73\x16\x2c\0\0\0\0\0\xb7\x01\0\0\
\x4e\0\0\0\x73\x16\x2b\0\0\0\0\0\xb7\x01\0\0\x47\0\0\0\x73\x16\x28\0\0\0\0\0\
\xb7\x01\0\0\x63\0\0\0\x73\x16\x33\0\0\0\0\0\xb7\x01\0\0\x6e\0\0\0\x73\x16\x2e\
\0\0\0\0\0\x73\x16\x32\0\0\0\0\0\xb7\x01\0\0\x61\0\0\0\x73\x16\x31\0\0\0\0\0\
\xb7\x01\0\0\x74\0\0\0\x73\x16\x2a\0\0\0\0\0\x73\x16\x30\0\0\0\0\0\xb7\x01\0\0\
\x4e\x52\x46\0\x63\x16\x20\0\0\0\0\0\x7b\x06\x18\0\0\0\0\0\xb7\x01\0\0\x65\0\0\
\0\x73\x16\x29\0\0\0\0\0\x73\x16\x34\0\0\0\0\0\xbf\x61\0\0\0\0\0\0\xb7\x02\0\0\
\0\0\0\0\x85\0\0\0\x84\0\0\0\xb7\0\0\0\0\0\0\0\x95\0\0\0\0\0\0\0\xb7\x06\0\0\0\
\0\0\0\x18\x01\0\0\0\0\0\0\0\0\0\0\0\0\0\0\xb7\x02\0\0\x88\x02\0\0\xb7\x03\0\0\
\0\0\0\0\x85\0\0\0\x83\0\0\0\x15\0\x7e\0\0\0\0\0\x7b\x60\x80\x02\0\0\0\0\x7b\
\x60\x78\x02\0\0\0\0\x7b\x60\x70\x02\0\0\0\0\x7b\x60\x68\x02\0\0\0\0\x7b\x60\
\x60\x02\0\0\0\0\x7b\x60\x58\x02\0\0\0\0\x7b\x60\x50\x02\0\0\0\0\x7b\x60\x48\
\x02\0\0\0\0\x7b\x60\x40\x02\0\0\0\0\x7b\x60\x38\x02\0\0\0\0\x7b\x60\x30\x02\0\
\0\0\0\x7b\x60\x28\x02\0\0\0\0\x7b\x60\x20\x02\0\0\0\0\x7b\x60\x18\x02\0\0\0\0\
\x7b\x60\x10\x02\0\0\0\0\x7b\x60\x08\x02\0\0\0\0\x7b\x60\0\x02\0\0\0\0\x7b\x60\
\xf8\x01\0\0\0\0\x7b\x60\xf0\x01\0\0\0\0\x7b\x60\xe8\x01\0\0\0\0\x7b\x60\xe0\
\x01\0\0\0\0\x7b\x60\xd8\x01\0\0\0\0\x7b\x60\xd0\x01\0\0\0\0\x7b\x60\xc8\x01\0\
\0\0\0\x7b\x60\xc0\x01\0\0\0\0\x7b\x60\xb8\x01\0\0\0\0\x7b\x60\xb0\x01\0\0\0\0\
\x7b\x60\xa8\x01\0\0\0\0\x7b\x60\xa0\x01\0\0\0\0\x7b\x60\x98\x01\0\0\0\0\x7b\
\x60\x90\x01\0\0\0\0\x7b\x60\x88\x01\0\0\0\0\x7b\x60\x80\x01\0\0\0\0\x7b\x60\
\x78\x01\0\0\0\0\x7b\x60\x70\x01\0\0\0\0\x7b\x60\x68\x01\0\0\0\0\x7b\x60\x60\
\x01\0\0\0\0\x7b\x60\x58\x01\0\0\0\0\x7b\x60\x50\x01\0\0\0\0\x7b\x60\x48\x01\0\
\0\0\0\x7b\x60\x40\x01\0\0\0\0\x7b\x60\x38\x01\0\0\0\0\x7b\x60\x30\x01\0\0\0\0\
\x7b\x60\x28\x01\0\0\0\0\x7b\x60\x20\x01\0\0\0\0\x7b\x60\x18\x01\0\0\0\0\x7b\
\x60\x10\x01\0\0\0\0\x7b\x60\x08\x01\0\0\0\0\x7b\x60\0\x01\0\0\0\0\x7b\x60\xf8\
\0\0\0\0\0\x7b\x60\xf0\0\0\0\0\0\x7b\x60\xe8\0\0\0\0\0\x7b\x60\xe0\0\0\0\0\0\
\x7b\x60\xd8\0\0\0\0\0\x7b\x60\xd0\0\0\0\0\0\x7b\x60\xc8\0\0\0\0\0\x7b\x60\xc0\
\0\0\0\0\0\x7b\x60\xb8\0\0\0\0\0\x7b\x60\xb0\0\0\0\0\0\x7b\x60\xa8\0\0\0\0\0\
\x7b\x60\xa0\0\0\0\0\0\x7b\x60\x98\0\0\0\0\0\x7b\x60\x90\0\0\0\0\0\x7b\x60\x88\
\0\0\0\0\0\x7b\x60\x80\0\0\0\0\0\x7b\x60\x78\0\0\0\0\0\x7b\x60\x70\0\0\0\0\0\
\x7b\x60\x68\0\0\0\0\0\x7b\x60\x60\0\0\0\0\0\x7b\x60\x58\0\0\0\0\0\x7b\x60\x50\
\0\0\0\0\0\x7b\x60\x48\0\0\0\0\0\x7b\x60\x40\0\0\0\0\0\x7b\x60\x38\0\0\0\0\0\
\x7b\x60\x30\0\0\0\0\0\x7b\x60\x28\0\0\0\0\0\x7b\x60\x20\0\0\0\0\0\x7b\x60\x18\
\0\0\0\0\0\x7b\x60\x10\0\0\0\0\0\x7b\x60\x08\0\0\0\0\0\x7b\x60\0\0\0\0\0\0\xbf\
\x06\0\0\0\0\0\0\x85\0\0\0\x05\0\0\0\x7b\x06\x08\0\0\0\0\0\x85\0\0\0\x0e\0\0\0\
\xbf\x01\0\0\0\0\0\0\x67\x01\0\0\x20\0\0\0\x77\0\0\0\x20\0\0\0\x4f\x10\0\0\0\0\
\0\0\x7b\x06\x10\0\0\0\0\0\x85\0\0\0\x50\0\0\0\xb7\x01\0\0\x49\0\0\0\x73\x16\
\x2d\0\0\0\0\0\xb7\x01\0\0\x46\0\0\0\x73\x16\x2c\0\0\0\0\0\xb7\x01\0\0\x4e\0\0\
\0\x73\x16\x2b\0\0\0\0\0\xb7\x01\0\0\x47\0\0\0\x73\x16\x28\0\0\0\0\0\xb7\x01\0\
\0\x73\0\0\0\x73\x16\x2f\0\0\0\0\0\x73\x16\x37\0\0\0\0\0\xb7\x01\0\0\x69\0\0\0\
\x73\x16\x36\0\0\0\0\0\xb7\x01\0\0\x4c\0\0\0\x73\x16\x35\0\0\0\0\0\xb7\x01\0\0\
\x65\0\0\0\x73\x16\x29\0\0\0\0\0\x73\x16\x34\0\0\0\0\0\xb7\x01\0\0\x63\0\0\0\
\x73\x16\x33\0\0\0\0\0\xb7\x01\0\0\x6e\0\0\0\x73\x16\x2e\0\0\0\0\0\x73\x16\x32\
\0\0\0\0\0\xb7\x01\0\0\x61\0\0\0\x73\x16\x31\0\0\0\0\0\xb7\x01\0\0\x4e\x52\x46\
\0\x63\x16\x20\0\0\0\0\0\x7b\x06\x18\0\0\0\0\0\xb7\x01\0\0\x74\0\0\0\x73\x16\
\x2a\0\0\0\0\0\x73\x16\x30\0\0\0\0\0\x73\x16\x38\0\0\0\0\0\xbf\x61\0\0\0\0\0\0\
\xb7\x02\0\0\0\0\0\0\x85\0\0\0\x84\0\0\0\xb7\0\0\0\0\0\0\0\x95\0\0\0\0\0\0\0\
\xb7\x06\0\0\0\0\0\0\x18\x01\0\0\0\0\0\0\0\0\0\0\0\0\0\0\xb7\x02\0\0\x88\x02\0\
\0\xb7\x03\0\0\0\0\0\0\x85\0\0\0\x83\0\0\0\x15\0\x7d\0\0\0\0\0\x7b\x60\x80\x02\
\0\0\0\0\x7b\x60\x78\x02\0\0\0\0\x7b\x60\x70\x02\0\0\0\0\x7b\x60\x68\x02\0\0\0\
\0\x7b\x60\x60\x02\0\0\0\0\x7b\x60\x58\x02\0\0\0\0\x7b\x60\x50\x02\0\0\0\0\x7b\
\x60\x48\x02\0\0\0\0\x7b\x60\x40\x02\0\0\0\0\x7b\x60\x38\x02\0\0\0\0\x7b\x60\
\x30\x02\0\0\0\0\x7b\x60\x28\x02\0\0\0\0\x7b\x60\x20\x02\0\0\0\0\x7b\x60\x18\
\x02\0\0\0\0\x7b\x60\x10\x02\0\0\0\0\x7b\x60\x08\x02\0\0\0\0\x7b\x60\0\x02\0\0\
\0\0\x7b\x60\xf8\x01\0\0\0\0\x7b\x60\xf0\x01\0\0\0\0\x7b\x60\xe8\x01\0\0\0\0\
\x7b\x60\xe0\x01\0\0\0\0\x7b\x60\xd8\x01\0\0\0\0\x7b\x60\xd0\x01\0\0\0\0\x7b\
\x60\xc8\x01\0\0\0\0\x7b\x60\xc0\x01\0\0\0\0\x7b\x60\xb8\x01\0\0\0\0\x7b\x60\
\xb0\x01\0\0\0\0\x7b\x60\xa8\x01\0\0\0\0\x7b\x60\xa0\x01\0\0\0\0\x7b\x60\x98\
\x01\0\0\0\0\x7b\x60\x90\x01\0\0\0\0\x7b\x60\x88\x01\0\0\0\0\x7b\x60\x80\x01\0\
\0\0\0\x7b\x60\x78\x01\0\0\0\0\x7b\x60\x70\x01\0\0\0\0\x7b\x60\x68\x01\0\0\0\0\
\x7b\x60\x60\x01\0\0\0\0\x7b\x60\x58\x01\0\0\0\0\x7b\x60\x50\x01\0\0\0\0\x7b\
\x60\x48\x01\0\0\0\0\x7b\x60\x40\x01\0\0\0\0\x7b\x60\x38\x01\0\0\0\0\x7b\x60\
\x30\x01\0\0\0\0\x7b\x60\x28\x01\0\0\0\0\x7b\x60\x20\x01\0\0\0\0\x7b\x60\x18\
\x01\0\0\0\0\x7b\x60\x10\x01\0\0\0\0\x7b\x60\x08\x01\0\0\0\0\x7b\x60\0\x01\0\0\
\0\0\x7b\x60\xf8\0\0\0\0\0\x7b\x60\xf0\0\0\0\0\0\x7b\x60\xe8\0\0\0\0\0\x7b\x60\
\xe0\0\0\0\0\0\x7b\x60\xd8\0\0\0\0\0\x7b\x60\xd0\0\0\0\0\0\x7b\x60\xc8\0\0\0\0\
\0\x7b\x60\xc0\0\0\0\0\0\x7b\x60\xb8\0\0\0\0\0\x7b\x60\xb0\0\0\0\0\0\x7b\x60\
\xa8\0\0\0\0\0\x7b\x60\xa0\0\0\0\0\0\x7b\x60\x98\0\0\0\0\0\x7b\x60\x90\0\0\0\0\
\0\x7b\x60\x88\0\0\0\0\0\x7b\x60\x80\0\0\0\0\0\x7b\x60\x78\0\0\0\0\0\x7b\x60\
\x70\0\0\0\0\0\x7b\x60\x68\0\0\0\0\0\x7b\x60\x60\0\0\0\0\0\x7b\x60\x58\0\0\0\0\
\0\x7b\x60\x50\0\0\0\0\0\x7b\x60\x48\0\0\0\0\0\x7b\x60\x40\0\0\0\0\0\x7b\x60\
\x38\0\0\0\0\0\x7b\x60\x30\0\0\0\0\0\x7b\x60\x28\0\0\0\0\0\x7b\x60\x20\0\0\0\0\
\0\x7b\x60\x18\0\0\0\0\0\x7b\x60\x10\0\0\0\0\0\x7b\x60\x08\0\0\0\0\0\x7b\x60\0\
\0\0\0\0\0\xbf\x06\0\0\0\0\0\0\x85\0\0\0\x05\0\0\0\x7b\x06\x08\0\0\0\0\0\x85\0\
\0\0\x0e\0\0\0\xbf\x01\0\0\0\0\0\0\x67\x01\0\0\x20\0\0\0\x77\0\0\0\x20\0\0\0\
\x4f\x10\0\0\0\0\0\0\x7b\x06\x10\0\0\0\0\0\x85\0\0\0\x50\0\0\0\xb7\x01\0\0\x46\
\0\0\0\x73\x16\x2f\0\0\0\0\0\xb7\x01\0\0\x4e\0\0\0\x73\x16\x2e\0\0\0\0\0\xb7\
\x01\0\0\x64\0\0\0\x73\x16\x2a\0\0\0\0\0\xb7\x01\0\0\x70\0\0\0\x73\x16\x29\0\0\
\0\0\0\xb7\x01\0\0\x55\0\0\0\x73\x16\x28\0\0\0\0\0\xb7\x01\0\0\x65\0\0\0\x73\
\x16\x2d\0\0\0\0\0\x73\x16\x37\0\0\0\0\0\xb7\x01\0\0\x63\0\0\0\x73\x16\x36\0\0\
\0\0\0\xb7\x01\0\0\x61\0\0\0\x73\x16\x2b\0\0\0\0\0\x73\x16\x34\0\0\0\0\0\xb7\
\x01\0\0\x74\0\0\0\x73\x16\x2c\0\0\0\0\0\x73\x16\x33\0\0\0\0\0\xb7\x01\0\0\x73\
\0\0\0\x73\x16\x32\0\0\0\0\0\xb7\x01\0\0\x6e\0\0\0\x73\x16\x35\0\0\0\0\0\x73\
\x16\x31\0\0\0\0\0\xb7\x01\0\0\x49\0\0\0\x73\x16\x30\0\0\0\0\0\xb7\x01\0\0\x4e\
\x52\x46\0\x63\x16\x20\0\0\0\0\0\x7b\x06\x18\0\0\0\0\0\xbf\x61\0\0\0\0\0\0\xb7\
\x02\0\0\0\0\0\0\x85\0\0\0\x84\0\0\0\xb7\0\0\0\0\0\0\0\x95\0\0\0\0\0\0\0\xb7\
\x06\0\0\0\0\0\0\x18\x01\0\0\0\0\0\0\0\0\0\0\0\0\0\0\xb7\x02\0\0\x88\x02\0\0\
\xb7\x03\0\0\0\0\0\0\x85\0\0\0\x83\0\0\0\x15\0\x81\0\0\0\0\0\x7b\x60\x80\x02\0\
\0\0\0\x7b\x60\x78\x02\0\0\0\0\x7b\x60\x70\x02\0\0\0\0\x7b\x60\x68\x02\0\0\0\0\
\x7b\x60\x60\x02\0\0\0\0\x7b\x60\x58\x02\0\0\0\0\x7b\x60\x50\x02\0\0\0\0\x7b\
\x60\x48\x02\0\0\0\0\x7b\x60\x40\x02\0\0\0\0\x7b\x60\x38\x02\0\0\0\0\x7b\x60\
\x30\x02\0\0\0\0\x7b\x60\x28\x02\0\0\0\0\x7b\x60\x20\x02\0\0\0\0\x7b\x60\x18\
\x02\0\0\0\0\x7b\x60\x10\x02\0\0\0\0\x7b\x60\x08\x02\0\0\0\0\x7b\x60\0\x02\0\0\
\0\0\x7b\x60\xf8\x01\0\0\0\0\x7b\x60\xf0\x01\0\0\0\0\x7b\x60\xe8\x01\0\0\0\0\
\x7b\x60\xe0\x01\0\0\0\0\x7b\x60\xd8\x01\0\0\0\0\x7b\x60\xd0\x01\0\0\0\0\x7b\
\x60\xc8\x01\0\0\0\0\x7b\x60\xc0\x01\0\0\0\0\x7b\x60\xb8\x01\0\0\0\0\x7b\x60\
\xb0\x01\0\0\0\0\x7b\x60\xa8\x01\0\0\0\0\x7b\x60\xa0\x01\0\0\0\0\x7b\x60\x98\
\x01\0\0\0\0\x7b\x60\x90\x01\0\0\0\0\x7b\x60\x88\x01\0\0\0\0\x7b\x60\x80\x01\0\
\0\0\0\x7b\x60\x78\x01\0\0\0\0\x7b\x60\x70\x01\0\0\0\0\x7b\x60\x68\x01\0\0\0\0\
\x7b\x60\x60\x01\0\0\0\0\x7b\x60\x58\x01\0\0\0\0\x7b\x60\x50\x01\0\0\0\0\x7b\
\x60\x48\x01\0\0\0\0\x7b\x60\x40\x01\0\0\0\0\x7b\x60\x38\x01\0\0\0\0\x7b\x60\
\x30\x01\0\0\0\0\x7b\x60\x28\x01\0\0\0\0\x7b\x60\x20\x01\0\0\0\0\x7b\x60\x18\
\x01\0\0\0\0\x7b\x60\x10\x01\0\0\0\0\x7b\x60\x08\x01\0\0\0\0\x7b\x60\0\x01\0\0\
\0\0\x7b\x60\xf8\0\0\0\0\0\x7b\x60\xf0\0\0\0\0\0\x7b\x60\xe8\0\0\0\0\0\x7b\x60\
\xe0\0\0\0\0\0\x7b\x60\xd8\0\0\0\0\0\x7b\x60\xd0\0\0\0\0\0\x7b\x60\xc8\0\0\0\0\
\0\x7b\x60\xc0\0\0\0\0\0\x7b\x60\xb8\0\0\0\0\0\x7b\x60\xb0\0\0\0\0\0\x7b\x60\
\xa8\0\0\0\0\0\x7b\x60\xa0\0\0\0\0\0\x7b\x60\x98\0\0\0\0\0\x7b\x60\x90\0\0\0\0\
\0\x7b\x60\x88\0\0\0\0\0\x7b\x60\x80\0\0\0\0\0\x7b\x60\x78\0\0\0\0\0\x7b\x60\
\x70\0\0\0\0\0\x7b\x60\x68\0\0\0\0\0\x7b\x60\x60\0\0\0\0\0\x7b\x60\x58\0\0\0\0\
\0\x7b\x60\x50\0\0\0\0\0\x7b\x60\x48\0\0\0\0\0\x7b\x60\x40\0\0\0\0\0\x7b\x60\
\x38\0\0\0\0\0\x7b\x60\x30\0\0\0\0\0\x7b\x60\x28\0\0\0\0\0\x7b\x60\x20\0\0\0\0\
\0\x7b\x60\x18\0\0\0\0\0\x7b\x60\x10\0\0\0\0\0\x7b\x60\x08\0\0\0\0\0\x7b\x60\0\
\0\0\0\0\0\xbf\x06\0\0\0\0\0\0\x85\0\0\0\x05\0\0\0\x7b\x06\x08\0\0\0\0\0\x85\0\
\0\0\x0e\0\0\0\xbf\x01\0\0\0\0\0\0\x67\x01\0\0\x20\0\0\0\x77\0\0\0\x20\0\0\0\
\x4f\x10\0\0\0\0\0\0\x7b\x06\x10\0\0\0\0\0\x85\0\0\0\x50\0\0\0\xb7\x01\0\0\x75\
\0\0\0\x73\x16\x2f\0\0\0\0\0\xb7\x01\0\0\x53\0\0\0\x73\x16\x2e\0\0\0\0\0\xb7\
\x01\0\0\x61\0\0\0\x73\x16\x2b\0\0\0\0\0\xb7\x01\0\0\x65\0\0\0\x73\x16\x2d\0\0\
\0\0\0\x73\x16\x2a\0\0\0\0\0\xb7\x01\0\0\x43\0\0\0\x73\x16\x28\0\0\0\0\0\xb7\
\x01\0\0\x74\0\0\0\x73\x16\x2c\0\0\0\0\0\x73\x16\x36\0\0\0\0\0\xb7\x01\0\0\x70\
\0\0\0\x73\x16\x35\0\0\0\0\0\xb7\x01\0\0\x69\0\0\0\x73\x16\x37\0\0\0\0\0\x73\
\x16\x34\0\0\0\0\0\xb7\x01\0\0\x72\0\0\0\x73\x16\x29\0\0\0\0\0\x73\x16\x33\0\0\
\0\0\0\xb7\x01\0\0\x63\0\0\0\x73\x16\x32\0\0\0\0\0\xb7\x01\0\0\x73\0\0\0\x73\
\x16\x31\0\0\0\0\0\xb7\x01\0\0\x62\0\0\0\x73\x16\x30\0\0\0\0\0\xb7\x01\0\0\x6e\
\0\0\0\x73\x16\x39\0\0\0\0\0\xb7\x01\0\0\x6f\0\0\0\x73\x16\x38\0\0\0\0\0\xb7\
\x01\0\0\x4e\x52\x46\0\x63\x16\x20\0\0\0\0\0\x7b\x06\x18\0\0\0\0\0\xbf\x61\0\0\
\0\0\0\0\xb7\x02\0\0\0\0\0\0\x85\0\0\0\x84\0\0\0\xb7\0\0\0\0\0\0\0\x95\0\0\0\0\
\0\0\0\xb7\x06\0\0\0\0\0\0\x18\x01\0\0\0\0\0\0\0\0\0\0\0\0\0\0\xb7\x02\0\0\x88\
\x02\0\0\xb7\x03\0\0\0\0\0\0\x85\0\0\0\x83\0\0\0\x15\0\x82\0\0\0\0\0\x7b\x60\
\x80\x02\0\0\0\0\x7b\x60\x78\x02\0\0\0\0\x7b\x60\x70\x02\0\0\0\0\x7b\x60\x68\
\x02\0\0\0\0\x7b\x60\x60\x02\0\0\0\0\x7b\x60\x58\x02\0\0\0\0\x7b\x60\x50\x02\0\
\0\0\0\x7b\x60\x48\x02\0\0\0\0\x7b\x60\x40\x02\0\0\0\0\x7b\x60\x38\x02\0\0\0\0\
\x7b\x60\x30\x02\0\0\0\0\x7b\x60\x28\x02\0\0\0\0\x7b\x60\x20\x02\0\0\0\0\x7b\
\x60\x18\x02\0\0\0\0\x7b\x60\x10\x02\0\0\0\0\x7b\x60\x08\x02\0\0\0\0\x7b\x60\0\
\x02\0\0\0\0\x7b\x60\xf8\x01\0\0\0\0\x7b\x60\xf0\x01\0\0\0\0\x7b\x60\xe8\x01\0\
\0\0\0\x7b\x60\xe0\x01\0\0\0\0\x7b\x60\xd8\x01\0\0\0\0\x7b\x60\xd0\x01\0\0\0\0\
\x7b\x60\xc8\x01\0\0\0\0\x7b\x60\xc0\x01\0\0\0\0\x7b\x60\xb8\x01\0\0\0\0\x7b\
\x60\xb0\x01\0\0\0\0\x7b\x60\xa8\x01\0\0\0\0\x7b\x60\xa0\x01\0\0\0\0\x7b\x60\
\x98\x01\0\0\0\0\x7b\x60\x90\x01\0\0\0\0\x7b\x60\x88\x01\0\0\0\0\x7b\x60\x80\
\x01\0\0\0\0\x7b\x60\x78\x01\0\0\0\0\x7b\x60\x70\x01\0\0\0\0\x7b\x60\x68\x01\0\
\0\0\0\x7b\x60\x60\x01\0\0\0\0\x7b\x60\x58\x01\0\0\0\0\x7b\x60\x50\x01\0\0\0\0\
\x7b\x60\x48\x01\0\0\0\0\x7b\x60\x40\x01\0\0\0\0\x7b\x60\x38\x01\0\0\0\0\x7b\
\x60\x30\x01\0\0\0\0\x7b\x60\x28\x01\0\0\0\0\x7b\x60\x20\x01\0\0\0\0\x7b\x60\
\x18\x01\0\0\0\0\x7b\x60\x10\x01\0\0\0\0\x7b\x60\x08\x01\0\0\0\0\x7b\x60\0\x01\
\0\0\0\0\x7b\x60\xf8\0\0\0\0\0\x7b\x60\xf0\0\0\0\0\0\x7b\x60\xe8\0\0\0\0\0\x7b\
\x60\xe0\0\0\0\0\0\x7b\x60\xd8\0\0\0\0\0\x7b\x60\xd0\0\0\0\0\0\x7b\x60\xc8\0\0\
\0\0\0\x7b\x60\xc0\0\0\0\0\0\x7b\x60\xb8\0\0\0\0\0\x7b\x60\xb0\0\0\0\0\0\x7b\
\x60\xa8\0\0\0\0\0\x7b\x60\xa0\0\0\0\0\0\x7b\x60\x98\0\0\0\0\0\x7b\x60\x90\0\0\
\0\0\0\x7b\x60\x88\0\0\0\0\0\x7b\x60\x80\0\0\0\0\0\x7b\x60\x78\0\0\0\0\0\x7b\
\x60\x70\0\0\0\0\0\x7b\x60\x68\0\0\0\0\0\x7b\x60\x60\0\0\0\0\0\x7b\x60\x58\0\0\
\0\0\0\x7b\x60\x50\0\0\0\0\0\x7b\x60\x48\0\0\0\0\0\x7b\x60\x40\0\0\0\0\0\x7b\
\x60\x38\0\0\0\0\0\x7b\x60\x30\0\0\0\0\0\x7b\x60\x28\0\0\0\0\0\x7b\x60\x20\0\0\
\0\0\0\x7b\x60\x18\0\0\0\0\0\x7b\x60\x10\0\0\0\0\0\x7b\x60\x08\0\0\0\0\0\x7b\
\x60\0\0\0\0\0\0\xbf\x06\0\0\0\0\0\0\x85\0\0\0\x05\0\0\0\x7b\x06\x08\0\0\0\0\0\
\x85\0\0\0\x0e\0\0\0\xbf\x01\0\0\0\0\0\0\x67\x01\0\0\x20\0\0\0\x77\0\0\0\x20\0\
\0\0\x4f\x10\0\0\0\0\0\0\x7b\x06\x10\0\0\0\0\0\x85\0\0\0\x50\0\0\0\xb7\x01\0\0\
\x75\0\0\0\x73\x16\x2f\0\0\0\0\0\xb7\x01\0\0\x53\0\0\0\x73\x16\x2e\0\0\0\0\0\
\xb7\x01\0\0\x76\0\0\0\x73\x16\x2c\0\0\0\0\0\xb7\x01\0\0\x6d\0\0\0\x73\x16\x2a\
\0\0\0\0\0\xb7\x01\0\0\x65\0\0\0\x73\x16\x2d\0\0\0\0\0\x73\x16\x29\0\0\0\0\0\
\xb7\x01\0\0\x52\0\0\0\x73\x16\x28\0\0\0\0\0\xb7\x01\0\0\x74\0\0\0\x73\x16\x36\
\0\0\0\0\0\xb7\x01\0\0\x70\0\0\0\x73\x16\x35\0\0\0\0\0\xb7\x01\0\0\x69\0\0\0\
\x73\x16\x37\0\0\0\0\0\x73\x16\x34\0\0\0\0\0\xb7\x01\0\0\x72\0\0\0\x73\x16\x33\
\0\0\0\0\0\xb7\x01\0\0\x63\0\0\0\x73\x16\x32\0\0\0\0\0\xb7\x01\0\0\x73\0\0\0\
\x73\x16\x31\0\0\0\0\0\xb7\x01\0\0\x62\0\0\0\x73\x16\x30\0\0\0\0\0\xb7\x01\0\0\
\x6e\0\0\0\x73\x16\x39\0\0\0\0\0\xb7\x01\0\0\x6f\0\0\0\x73\x16\x2b\0\0\0\0\0\
\x73\x16\x38\0\0\0\0\0\xb7\x01\0\0\x4e\x52\x46\0\x63\x16\x20\0\0\0\0\0\x7b\x06\
\x18\0\0\0\0\0\xbf\x61\0\0\0\0\0\0\xb7\x02\0\0\0\0\0\0\x85\0\0\0\x84\0\0\0\xb7\
\0\0\0\0\0\0\0\x95\0\0\0\0\0\0\0\xb7\x06\0\0\0\0\0\0\x18\x01\0\0\0\0\0\0\0\0\0\
\0\0\0\0\0\xb7\x02\0\0\x88\x02\0\0\xb7\x03\0\0\0\0\0\0\x85\0\0\0\x83\0\0\0\x15\
\0\x82\0\0\0\0\0\x7b\x60\x80\x02\0\0\0\0\x7b\x60\x78\x02\0\0\0\0\x7b\x60\x70\
\x02\0\0\0\0\x7b\x60\x68\x02\0\0\0\0\x7b\x60\x60\x02\0\0\0\0\x7b\x60\x58\x02\0\
\0\0\0\x7b\x60\x50\x02\0\0\0\0\x7b\x60\x48\x02\0\0\0\0\x7b\x60\x40\x02\0\0\0\0\
\x7b\x60\x38\x02\0\0\0\0\x7b\x60\x30\x02\0\0\0\0\x7b\x60\x28\x02\0\0\0\0\x7b\
\x60\x20\x02\0\0\0\0\x7b\x60\x18\x02\0\0\0\0\x7b\x60\x10\x02\0\0\0\0\x7b\x60\
\x08\x02\0\0\0\0\x7b\x60\0\x02\0\0\0\0\x7b\x60\xf8\x01\0\0\0\0\x7b\x60\xf0\x01\
\0\0\0\0\x7b\x60\xe8\x01\0\0\0\0\x7b\x60\xe0\x01\0\0\0\0\x7b\x60\xd8\x01\0\0\0\
\0\x7b\x60\xd0\x01\0\0\0\0\x7b\x60\xc8\x01\0\0\0\0\x7b\x60\xc0\x01\0\0\0\0\x7b\
\x60\xb8\x01\0\0\0\0\x7b\x60\xb0\x01\0\0\0\0\x7b\x60\xa8\x01\0\0\0\0\x7b\x60\
\xa0\x01\0\0\0\0\x7b\x60\x98\x01\0\0\0\0\x7b\x60\x90\x01\0\0\0\0\x7b\x60\x88\
\x01\0\0\0\0\x7b\x60\x80\x01\0\0\0\0\x7b\x60\x78\x01\0\0\0\0\x7b\x60\x70\x01\0\
\0\0\0\x7b\x60\x68\x01\0\0\0\0\x7b\x60\x60\x01\0\0\0\0\x7b\x60\x58\x01\0\0\0\0\
\x7b\x60\x50\x01\0\0\0\0\x7b\x60\x48\x01\0\0\0\0\x7b\x60\x40\x01\0\0\0\0\x7b\
\x60\x38\x01\0\0\0\0\x7b\x60\x30\x01\0\0\0\0\x7b\x60\x28\x01\0\0\0\0\x7b\x60\
\x20\x01\0\0\0\0\x7b\x60\x18\x01\0\0\0\0\x7b\x60\x10\x01\0\0\0\0\x7b\x60\x08\
\x01\0\0\0\0\x7b\x60\0\x01\0\0\0\0\x7b\x60\xf8\0\0\0\0\0\x7b\x60\xf0\0\0\0\0\0\
\x7b\x60\xe8\0\0\0\0\0\x7b\x60\xe0\0\0\0\0\0\x7b\x60\xd8\0\0\0\0\0\x7b\x60\xd0\
\0\0\0\0\0\x7b\x60\xc8\0\0\0\0\0\x7b\x60\xc0\0\0\0\0\0\x7b\x60\xb8\0\0\0\0\0\
\x7b\x60\xb0\0\0\0\0\0\x7b\x60\xa8\0\0\0\0\0\x7b\x60\xa0\0\0\0\0\0\x7b\x60\x98\
\0\0\0\0\0\x7b\x60\x90\0\0\0\0\0\x7b\x60\x88\0\0\0\0\0\x7b\x60\x80\0\0\0\0\0\
\x7b\x60\x78\0\0\0\0\0\x7b\x60\x70\0\0\0\0\0\x7b\x60\x68\0\0\0\0\0\x7b\x60\x60\
\0\0\0\0\0\x7b\x60\x58\0\0\0\0\0\x7b\x60\x50\0\0\0\0\0\x7b\x60\x48\0\0\0\0\0\
\x7b\x60\x40\0\0\0\0\0\x7b\x60\x38\0\0\0\0\0\x7b\x60\x30\0\0\0\0\0\x7b\x60\x28\
\0\0\0\0\0\x7b\x60\x20\0\0\0\0\0\x7b\x60\x18\0\0\0\0\0\x7b\x60\x10\0\0\0\0\0\
\x7b\x60\x08\0\0\0\0\0\x7b\x60\0\0\0\0\0\0\xbf\x06\0\0\0\0\0\0\x85\0\0\0\x05\0\
\0\0\x7b\x06\x08\0\0\0\0\0\x85\0\0\0\x0e\0\0\0\xbf\x01\0\0\0\0\0\0\x67\x01\0\0\
\x20\0\0\0\x77\0\0\0\x20\0\0\0\x4f\x10\0\0\0\0\0\0\x7b\x06\x10\0\0\0\0\0\x85\0\
\0\0\x50\0\0\0\xb7\x01\0\0\x75\0\0\0\x73\x16\x2f\0\0\0\0\0\xb7\x01\0\0\x53\0\0\
\0\x73\x16\x2e\0\0\0\0\0\xb7\x01\0\0\x65\0\0\0\x73\x16\x2d\0\0\0\0\0\xb7\x01\0\
\0\x61\0\0\0\x73\x16\x2b\0\0\0\0\0\xb7\x01\0\0\x64\0\0\0\x73\x16\x2a\0\0\0\0\0\
\xb7\x01\0\0\x55\0\0\0\x73\x16\x28\0\0\0\0\0\xb7\x01\0\0\x74\0\0\0\x73\x16\x2c\
\0\0\0\0\0\x73\x16\x36\0\0\0\0\0\xb7\x01\0\0\x70\0\0\0\x73\x16\x29\0\0\0\0\0\
\x73\x16\x35\0\0\0\0\0\xb7\x01\0\0\x69\0\0\0\x73\x16\x37\0\0\0\0\0\x73\x16\x34\
\0\0\0\0\0\xb7\x01\0\0\x72\0\0\0\x73\x16\x33\0\0\0\0\0\xb7\x01\0\0\x63\0\0\0\
\x73\x16\x32\0\0\0\0\0\xb7\x01\0\0\x73\0\0\0\x73\x16\x31\0\0\0\0\0\xb7\x01\0\0\
\x62\0\0\0\x73\x16\x30\0\0\0\0\0\xb7\x01\0\0\x6e\0\0\0\x73\x16\x39\0\0\0\0\0\
\xb7\x01\0\0\x6f\0\0\0\x73\x16\x38\0\0\0\0\0\xb7\x01\0\0\x4e\x52\x46\0\x63\x16\
\x20\0\0\0\0\0\x7b\x06\x18\0\0\0\0\0\xbf\x61\0\0\0\0\0\0\xb7\x02\0\0\0\0\0\0\
\x85\0\0\0\x84\0\0\0\xb7\0\0\0\0\0\0\0\x95\0\0\0\0\0\0\0\xb7\x06\0\0\0\0\0\0\
\x18\x01\0\0\0\0\0\0\0\0\0\0\0\0\0\0\xb7\x02\0\0\x88\x02\0\0\xb7\x03\0\0\0\0\0\
\0\x85\0\0\0\x83\0\0\0\x15\0\x74\0\0\0\0\0\x7b\x60\x80\x02\0\0\0\0\x7b\x60\x78\
\x02\0\0\0\0\x7b\x60\x70\x02\0\0\0\0\x7b\x60\x68\x02\0\0\0\0\x7b\x60\x60\x02\0\
\0\0\0\x7b\x60\x58\x02\0\0\0\0\x7b\x60\x50\x02\0\0\0\0\x7b\x60\x48\x02\0\0\0\0\
\x7b\x60\x40\x02\0\0\0\0\x7b\x60\x38\x02\0\0\0\0\x7b\x60\x30\x02\0\0\0\0\x7b\
\x60\x28\x02\0\0\0\0\x7b\x60\x20\x02\0\0\0\0\x7b\x60\x18\x02\0\0\0\0\x7b\x60\
\x10\x02\0\0\0\0\x7b\x60\x08\x02\0\0\0\0\x7b\x60\0\x02\0\0\0\0\x7b\x60\xf8\x01\
\0\0\0\0\x7b\x60\xf0\x01\0\0\0\0\x7b\x60\xe8\x01\0\0\0\0\x7b\x60\xe0\x01\0\0\0\
\0\x7b\x60\xd8\x01\0\0\0\0\x7b\x60\xd0\x01\0\0\0\0\x7b\x60\xc8\x01\0\0\0\0\x7b\
\x60\xc0\x01\0\0\0\0\x7b\x60\xb8\x01\0\0\0\0\x7b\x60\xb0\x01\0\0\0\0\x7b\x60\
\xa8\x01\0\0\0\0\x7b\x60\xa0\x01\0\0\0\0\x7b\x60\x98\x01\0\0\0\0\x7b\x60\x90\
\x01\0\0\0\0\x7b\x60\x88\x01\0\0\0\0\x7b\x60\x80\x01\0\0\0\0\x7b\x60\x78\x01\0\
\0\0\0\x7b\x60\x70\x01\0\0\0\0\x7b\x60\x68\x01\0\0\0\0\x7b\x60\x60\x01\0\0\0\0\
\x7b\x60\x58\x01\0\0\0\0\x7b\x60\x50\x01\0\0\0\0\x7b\x60\x48\x01\0\0\0\0\x7b\
\x60\x40\x01\0\0\0\0\x7b\x60\x38\x01\0\0\0\0\x7b\x60\x30\x01\0\0\0\0\x7b\x60\
\x28\x01\0\0\0\0\x7b\x60\x20\x01\0\0\0\0\x7b\x60\x18\x01\0\0\0\0\x7b\x60\x10\
\x01\0\0\0\0\x7b\x60\x08\x01\0\0\0\0\x7b\x60\0\x01\0\0\0\0\x7b\x60\xf8\0\0\0\0\
\0\x7b\x60\xf0\0\0\0\0\0\x7b\x60\xe8\0\0\0\0\0\x7b\x60\xe0\0\0\0\0\0\x7b\x60\
\xd8\0\0\0\0\0\x7b\x60\xd0\0\0\0\0\0\x7b\x60\xc8\0\0\0\0\0\x7b\x60\xc0\0\0\0\0\
\0\x7b\x60\xb8\0\0\0\0\0\x7b\x60\xb0\0\0\0\0\0\x7b\x60\xa8\0\0\0\0\0\x7b\x60\
\xa0\0\0\0\0\0\x7b\x60\x98\0\0\0\0\0\x7b\x60\x90\0\0\0\0\0\x7b\x60\x88\0\0\0\0\
\0\x7b\x60\x80\0\0\0\0\0\x7b\x60\x78\0\0\0\0\0\x7b\x60\x70\0\0\0\0\0\x7b\x60\
\x68\0\0\0\0\0\x7b\x60\x60\0\0\0\0\0\x7b\x60\x58\0\0\0\0\0\x7b\x60\x50\0\0\0\0\
\0\x7b\x60\x48\0\0\0\0\0\x7b\x60\x40\0\0\0\0\0\x7b\x60\x38\0\0\0\0\0\x7b\x60\
\x30\0\0\0\0\0\x7b\x60\x28\0\0\0\0\0\x7b\x60\x20\0\0\0\0\0\x7b\x60\x18\0\0\0\0\
\0\x7b\x60\x10\0\0\0\0\0\x7b\x60\x08\0\0\0\0\0\x7b\x60\0\0\0\0\0\0\xbf\x06\0\0\
\0\0\0\0\x85\0\0\0\x05\0\0\0\x7b\x06\x08\0\0\0\0\0\x85\0\0\0\x0e\0\0\0\xbf\x01\
\0\0\0\0\0\0\x67\x01\0\0\x20\0\0\0\x77\0\0\0\x20\0\0\0\x4f\x10\0\0\0\0\0\0\x7b\
\x06\x10\0\0\0\0\0\x85\0\0\0\x50\0\0\0\xb7\x01\0\0\x6f\0\0\0\x73\x16\x2f\0\0\0\
\0\0\xb7\x01\0\0\x54\0\0\0\x73\x16\x2e\0\0\0\0\0\xb7\x01\0\0\x73\0\0\0\x73\x16\
\x2d\0\0\0\0\0\x73\x16\x2c\0\0\0\0\0\xb7\x01\0\0\x63\0\0\0\x73\x16\x2a\0\0\0\0\
\0\x73\x16\x29\0\0\0\0\0\xb7\x01\0\0\x41\0\0\0\x73\x16\x28\0\0\0\0\0\xb7\x01\0\
\0\x65\0\0\0\x73\x16\x2b\0\0\0\0\0\x73\x16\x31\0\0\0\0\0\xb7\x01\0\0\x6b\0\0\0\
\x73\x16\x30\0\0\0\0\0\xb7\x01\0\0\x4e\x52\x46\0\x63\x16\x20\0\0\0\0\0\x7b\x06\
\x18\0\0\0\0\0\xb7\x01\0\0\x6e\0\0\0\x73\x16\x32\0\0\0\0\0\xbf\x61\0\0\0\0\0\0\
\xb7\x02\0\0\0\0\0\0\x85\0\0\0\x84\0\0\0\xb7\0\0\0\0\0\0\0\x95\0\0\0\0\0\0\0\
\xb7\x06\0\0\0\0\0\0\x18\x01\0\0\0\0\0\0\0\0\0\0\0\0\0\0\xb7\x02\0\0\x88\x02\0\
\0\xb7\x03\0\0\0\0\0\0\x85\0\0\0\x83\0\0\0\x15\0\x77\0\0\0\0\0\x7b\x60\x80\x02\
\0\0\0\0\x7b\x60\x78\x02\0\0\0\0\x7b\x60\x70\x02\0\0\0\0\x7b\x60\x68\x02\0\0\0\
\0\x7b\x60\x60\x02\0\0\0\0\x7b\x60\x58\x02\0\0\0\0\x7b\x60\x50\x02\0\0\0\0\x7b\
\x60\x48\x02\0\0\0\0\x7b\x60\x40\x02\0\0\0\0\x7b\x60\x38\x02\0\0\0\0\x7b\x60\
\x30\x02\0\0\0\0\x7b\x60\x28\x02\0\0\0\0\x7b\x60\x20\x02\0\0\0\0\x7b\x60\x18\
\x02\0\0\0\0\x7b\x60\x10\x02\0\0\0\0\x7b\x60\x08\x02\0\0\0\0\x7b\x60\0\x02\0\0\
\0\0\x7b\x60\xf8\x01\0\0\0\0\x7b\x60\xf0\x01\0\0\0\0\x7b\x60\xe8\x01\0\0\0\0\
\x7b\x60\xe0\x01\0\0\0\0\x7b\x60\xd8\x01\0\0\0\0\x7b\x60\xd0\x01\0\0\0\0\x7b\
\x60\xc8\x01\0\0\0\0\x7b\x60\xc0\x01\0\0\0\0\x7b\x60\xb8\x01\0\0\0\0\x7b\x60\
\xb0\x01\0\0\0\0\x7b\x60\xa8\x01\0\0\0\0\x7b\x60\xa0\x01\0\0\0\0\x7b\x60\x98\
\x01\0\0\0\0\x7b\x60\x90\x01\0\0\0\0\x7b\x60\x88\x01\0\0\0\0\x7b\x60\x80\x01\0\
\0\0\0\x7b\x60\x78\x01\0\0\0\0\x7b\x60\x70\x01\0\0\0\0\x7b\x60\x68\x01\0\0\0\0\
\x7b\x60\x60\x01\0\0\0\0\x7b\x60\x58\x01\0\0\0\0\x7b\x60\x50\x01\0\0\0\0\x7b\
\x60\x48\x01\0\0\0\0\x7b\x60\x40\x01\0\0\0\0\x7b\x60\x38\x01\0\0\0\0\x7b\x60\
\x30\x01\0\0\0\0\x7b\x60\x28\x01\0\0\0\0\x7b\x60\x20\x01\0\0\0\0\x7b\x60\x18\
\x01\0\0\0\0\x7b\x60\x10\x01\0\0\0\0\x7b\x60\x08\x01\0\0\0\0\x7b\x60\0\x01\0\0\
\0\0\x7b\x60\xf8\0\0\0\0\0\x7b\x60\xf0\0\0\0\0\0\x7b\x60\xe8\0\0\0\0\0\x7b\x60\
\xe0\0\0\0\0\0\x7b\x60\xd8\0\0\0\0\0\x7b\x60\xd0\0\0\0\0\0\x7b\x60\xc8\0\0\0\0\
\0\x7b\x60\xc0\0\0\0\0\0\x7b\x60\xb8\0\0\0\0\0\x7b\x60\xb0\0\0\0\0\0\x7b\x60\
\xa8\0\0\0\0\0\x7b\x60\xa0\0\0\0\0\0\x7b\x60\x98\0\0\0\0\0\x7b\x60\x90\0\0\0\0\
\0\x7b\x60\x88\0\0\0\0\0\x7b\x60\x80\0\0\0\0\0\x7b\x60\x78\0\0\0\0\0\x7b\x60\
\x70\0\0\0\0\0\x7b\x60\x68\0\0\0\0\0\x7b\x60\x60\0\0\0\0\0\x7b\x60\x58\0\0\0\0\
\0\x7b\x60\x50\0\0\0\0\0\x7b\x60\x48\0\0\0\0\0\x7b\x60\x40\0\0\0\0\0\x7b\x60\
\x38\0\0\0\0\0\x7b\x60\x30\0\0\0\0\0\x7b\x60\x28\0\0\0\0\0\x7b\x60\x20\0\0\0\0\
\0\x7b\x60\x18\0\0\0\0\0\x7b\x60\x10\0\0\0\0\0\x7b\x60\x08\0\0\0\0\0\x7b\x60\0\
\0\0\0\0\0\xbf\x06\0\0\0\0\0\0\x85\0\0\0\x05\0\0\0\x7b\x06\x08\0\0\0\0\0\x85\0\
\0\0\x0e\0\0\0\xbf\x01\0\0\0\0\0\0\x67\x01\0\0\x20\0\0\0\x77\0\0\0\x20\0\0\0\
\x4f\x10\0\0\0\0\0\0\x7b\x06\x10\0\0\0\0\0\x85\0\0\0\x50\0\0\0\xb7\x01\0\0\x76\
\0\0\0\x73\x16\x2f\0\0\0\0\0\xb7\x01\0\0\x6f\0\0\0\x73\x16\x2e\0\0\0\0\0\xb7\
\x01\0\0\x63\0\0\0\x73\x16\x2d\0\0\0\0\0\xb7\x01\0\0\x73\0\0\0\x73\x16\x2c\0\0\
\0\0\0\xb7\x01\0\0\x69\0\0\0\x73\x16\x2b\0\0\0\0\0\xb7\x01\0\0\x44\0\0\0\x73\
\x16\x2a\0\0\0\0\0\xb7\x01\0\0\x46\0\0\0\x73\x16\x29\0\0\0\0\0\xb7\x01\0\0\x4e\
\0\0\0\x73\x16\x28\0\0\0\0\0\xb7\x01\0\0\x72\0\0\0\x73\x16\x31\0\0\0\0\0\xb7\
\x01\0\0\x65\0\0\0\x73\x16\x30\0\0\0\0\0\xb7\x01\0\0\x4e\x52\x46\0\x63\x16\x20\
\0\0\0\0\0\x7b\x06\x18\0\0\0\0\0\xb7\x01\0\0\x79\0\0\0\x73\x16\x32\0\0\0\0\0\
\xbf\x61\0\0\0\0\0\0\xb7\x02\0\0\0\0\0\0\x85\0\0\0\x84\0\0\0\xb7\0\0\0\0\0\0\0\
\x95\0\0\0\0\0\0\0\xbf\x16\0\0\0\0\0\0\xb7\x01\0\0\0\0\0\0\x63\x1a\xe8\xff\0\0\
\0\0\xbf\xa2\0\0\0\0\0\0\x07\x02\0\0\xe8\xff\xff\xff\x18\x01\0\0\0\0\0\0\0\0\0\
\0\0\0\0\0\x85\0\0\0\x01\0\0\0\xbf\x07\0\0\0\0\0\0\x15\x07\x02\0\0\0\0\0\x79\
\x71\0\0\0\0\0\0\x55\x01\x01\0\0\0\0\0\x05\0\x15\0\0\0\0\0\x85\0\0\0\x50\0\0\0\
\x79\x71\0\0\0\0\0\0\x5d\x10\x12\0\0\0\0\0\x85\0\0\0\x0e\0\0\0\x67\0\0\0\x20\0\
\0\0\x77\0\0\0\x20\0\0\0\x7b\x0a\xf8\xff\0\0\0\0\x79\x61\x10\0\0\0\0\0\x67\x01\
\0\0\x20\0\0\0\xc7\x01\0\0\x20\0\0\0\x7b\x1a\xe8\xff\0\0\0\0\x79\x61\x18\0\0\0\
\0\0\x7b\x1a\xf0\xff\0\0\0\0\xbf\xa2\0\0\0\0\0\0\x07\x02\0\0\xf8\xff\xff\xff\
\xbf\xa3\0\0\0\0\0\0\x07\x03\0\0\xe8\xff\xff\xff\x18\x01\0\0\0\0\0\0\0\0\0\0\0\
\0\0\0\xb7\x04\0\0\0\0\0\0\x85\0\0\0\x02\0\0\0\xb7\0\0\0\0\0\0\0\x95\0\0\0\0\0\
\0\0\xbf\x16\0\0\0\0\0\0\xb7\x01\0\0\0\0\0\0\x63\x1a\xe8\xff\0\0\0\0\xbf\xa2\0\
\0\0\0\0\0\x07\x02\0\0\xe8\xff\xff\xff\x18\x01\0\0\0\0\0\0\0\0\0\0\0\0\0\0\x85\
\0\0\0\x01\0\0\0\xbf\x07\0\0\0\0\0\0\x15\x07\x02\0\0\0\0\0\x79\x71\0\0\0\0\0\0\
\x55\x01\x02\0\0\0\0\0\xb7\0\0\0\0\0\0\0\x95\0\0\0\0\0\0\0\x85\0\0\0\x50\0\0\0\
\x79\x71\0\0\0\0\0\0\x5d\x10\xfb\xff\0\0\0\0\x85\0\0\0\x0e\0\0\0\x67\0\0\0\x20\
\0\0\0\x77\0\0\0\x20\0\0\0\x7b\x0a\xe0\xff\0\0\0\0\xbf\xa2\0\0\0\0\0\0\x07\x02\
\0\0\xe0\xff\xff\xff\x18\x01\0\0\0\0\0\0\0\0\0\0\0\0\0\0\x85\0\0\0\x01\0\0\0\
\xbf\x08\0\0\0\0\0\0\x15\x08\xf0\xff\0\0\0\0\xbf\xa2\0\0\0\0\0\0\x07\x02\0\0\
\xe0\xff\xff\xff\x18\x01\0\0\0\0\0\0\0\0\0\0\0\0\0\0\x85\0\0\0\x03\0\0\0\x79\
\x61\x10\0\0\0\0\0\x15\x01\x02\0\0\0\0\0\x79\x61\x10\0\0\0\0\0\x55\x01\xe7\xff\
\x8d\xff\xff\xff\xb7\x09\0\0\0\0\0\0\x18\x01\0\0\0\0\0\0\0\0\0\0\0\0\0\0\xb7\
\x02\0\0\x88\x02\0\0\xb7\x03\0\0\0\0\0\0\x85\0\0\0\x83\0\0\0\xbf\x07\0\0\0\0\0\
\0\x15\x07\xdf\xff\0\0\0\0\x7b\x97\x80\x02\0\0\0\0\x7b\x97\x78\x02\0\0\0\0\x7b\
\x97\x70\x02\0\0\0\0\x7b\x97\x68\x02\0\0\0\0\x7b\x97\x60\x02\0\0\0\0\x7b\x97\
\x58\x02\0\0\0\0\x7b\x97\x50\x02\0\0\0\0\x7b\x97\x48\x02\0\0\0\0\x7b\x97\x40\
\x02\0\0\0\0\x7b\x97\x38\x02\0\0\0\0\x7b\x97\x30\x02\0\0\0\0\x7b\x97\x28\x02\0\
\0\0\0\x7b\x97\x20\x02\0\0\0\0\x7b\x97\x18\x02\0\0\0\0\x7b\x97\x10\x02\0\0\0\0\
\x7b\x97\x08\x02\0\0\0\0\x7b\x97\0\x02\0\0\0\0\x7b\x97\xf8\x01\0\0\0\0\x7b\x97\
\xf0\x01\0\0\0\0\x7b\x97\xe8\x01\0\0\0\0\x7b\x97\xe0\x01\0\0\0\0\x7b\x97\xd8\
\x01\0\0\0\0\x7b\x97\xd0\x01\0\0\0\0\x7b\x97\xc8\x01\0\0\0\0\x7b\x97\xc0\x01\0\
\0\0\0\x7b\x97\xb8\x01\0\0\0\0\x7b\x97\xb0\x01\0\0\0\0\x7b\x97\xa8\x01\0\0\0\0\
\x7b\x97\xa0\x01\0\0\0\0\x7b\x97\x98\x01\0\0\0\0\x7b\x97\x90\x01\0\0\0\0\x7b\
\x97\x88\x01\0\0\0\0\x7b\x97\x80\x01\0\0\0\0\x7b\x97\x78\x01\0\0\0\0\x7b\x97\
\x70\x01\0\0\0\0\x7b\x97\x68\x01\0\0\0\0\x7b\x97\x60\x01\0\0\0\0\x7b\x97\x58\
\x01\0\0\0\0\x7b\x97\x50\x01\0\0\0\0\x7b\x97\x48\x01\0\0\0\0\x7b\x97\x40\x01\0\
\0\0\0\x7b\x97\x38\x01\0\0\0\0\x7b\x97\x30\x01\0\0\0\0\x7b\x97\x28\x01\0\0\0\0\
\x7b\x97\x20\x01\0\0\0\0\x7b\x97\x18\x01\0\0\0\0\x7b\x97\x10\x01\0\0\0\0\x7b\
\x97\x08\x01\0\0\0\0\x7b\x97\0\x01\0\0\0\0\x7b\x97\xf8\0\0\0\0\0\x7b\x97\xf0\0\
\0\0\0\0\x7b\x97\xe8\0\0\0\0\0\x7b\x97\xe0\0\0\0\0\0\x7b\x97\xd8\0\0\0\0\0\x7b\
\x97\xd0\0\0\0\0\0\x7b\x97\xc8\0\0\0\0\0\x7b\x97\xc0\0\0\0\0\0\x7b\x97\xb8\0\0\
\0\0\0\x7b\x97\xb0\0\0\0\0\0\x7b\x97\xa8\0\0\0\0\0\x7b\x97\xa0\0\0\0\0\0\x7b\
\x97\x98\0\0\0\0\0\x7b\x97\x90\0\0\0\0\0\x7b\x97\x88\0\0\0\0\0\x7b\x97\x80\0\0\
\0\0\0\x7b\x97\x78\0\0\0\0\0\x7b\x97\x70\0\0\0\0\0\x7b\x97\x68\0\0\0\0\0\x7b\
\x97\x60\0\0\0\0\0\x7b\x97\x58\0\0\0\0\0\x7b\x97\x50\0\0\0\0\0\x7b\x97\x48\0\0\
\0\0\0\x7b\x97\x40\0\0\0\0\0\x7b\x97\x38\0\0\0\0\0\x7b\x97\x30\0\0\0\0\0\x7b\
\x97\x28\0\0\0\0\0\x7b\x97\x20\0\0\0\0\0\x7b\x97\x18\0\0\0\0\0\x7b\x97\x10\0\0\
\0\0\0\x7b\x97\x08\0\0\0\0\0\x7b\x97\0\0\0\0\0\0\xb7\x01\0\0\x01\0\0\0\x73\x17\
\0\0\0\0\0\0\x85\0\0\0\x05\0\0\0\x7b\x07\x08\0\0\0\0\0\x85\0\0\0\x0e\0\0\0\xbf\
\x01\0\0\0\0\0\0\x67\x01\0\0\x20\0\0\0\x77\0\0\0\x20\0\0\0\x4f\x10\0\0\0\0\0\0\
\x7b\x07\x10\0\0\0\0\0\x85\0\0\0\x50\0\0\0\xb7\x01\0\0\x4e\x52\x46\0\x63\x17\
\x20\0\0\0\0\0\x7b\x07\x18\0\0\0\0\0\x79\x88\x08\0\0\0\0\0\x6b\x9a\xfe\xff\0\0\
\0\0\xb7\x01\0\0\0\0\0\0\xbf\x83\0\0\0\0\0\0\x0f\x13\0\0\0\0\0\0\xbf\xa1\0\0\0\
\0\0\0\x07\x01\0\0\xfe\xff\xff\xff\xb7\x09\0\0\x02\0\0\0\xb7\x02\0\0\x02\0\0\0\
\x85\0\0\0\x70\0\0\0\x69\xa1\xfe\xff\0\0\0\0\x55\x01\x0f\0\x02\0\0\0\x73\x97\
\x01\0\0\0\0\0\xb7\x01\0\0\0\0\0\0\x7b\x1a\xf0\xff\0\0\0\0\x7b\x1a\xe8\xff\0\0\
\0\0\xbf\xa9\0\0\0\0\0\0\x07\x09\0\0\xe8\xff\xff\xff\xbf\x91\0\0\0\0\0\0\xb7\
\x02\0\0\x10\0\0\0\xbf\x83\0\0\0\0\0\0\x85\0\0\0\x70\0\0\0\x61\x91\x04\0\0\0\0\
\0\x63\x17\x4c\0\0\0\0\0\x69\x91\x02\0\0\0\0\0\xdc\x01\0\0\x10\0\0\0\x6b\x17\
\x52\0\0\0\0\0\x79\x61\x10\0\0\0\0\0\x7b\x17\x60\0\0\0\0\0\xbf\x71\0\0\0\0\0\0\
\xb7\x02\0\0\0\0\0\0\x85\0\0\0\x84\0\0\0\x05\0\x5f\xff\0\0\0\0\xbf\x16\0\0\0\0\
\0\0\xb7\x01\0\0\0\0\0\0\x63\x1a\xe8\xff\0\0\0\0\xbf\xa2\0\0\0\0\0\0\x07\x02\0\
\0\xe8\xff\xff\xff\x18\x01\0\0\0\0\0\0\0\0\0\0\0\0\0\0\x85\0\0\0\x01\0\0\0\xbf\
\x07\0\0\0\0\0\0\x15\x07\x02\0\0\0\0\0\x79\x71\0\0\0\0\0\0\x55\x01\x01\0\0\0\0\
\0\x05\0\x15\0\0\0\0\0\x85\0\0\0\x50\0\0\0\x79\x71\0\0\0\0\0\0\x5d\x10\x12\0\0\
\0\0\0\x85\0\0\0\x0e\0\0\0\x67\0\0\0\x20\0\0\0\x77\0\0\0\x20\0\0\0\x7b\x0a\xf8\
\xff\0\0\0\0\x79\x61\x10\0\0\0\0\0\x67\x01\0\0\x20\0\0\0\xc7\x01\0\0\x20\0\0\0\
\x7b\x1a\xe8\xff\0\0\0\0\x79\x61\x18\0\0\0\0\0\x7b\x1a\xf0\xff\0\0\0\0\xbf\xa2\
\0\0\0\0\0\0\x07\x02\0\0\xf8\xff\xff\xff\xbf\xa3\0\0\0\0\0\0\x07\x03\0\0\xe8\
\xff\xff\xff\x18\x01\0\0\0\0\0\0\0\0\0\0\0\0\0\0\xb7\x04\0\0\0\0\0\0\x85\0\0\0\
\x02\0\0\0\xb7\0\0\0\0\0\0\0\x95\0\0\0\0\0\0\0\xbf\x16\0\0\0\0\0\0\xb7\x01\0\0\
\0\0\0\0\x63\x1a\xe8\xff\0\0\0\0\xbf\xa2\0\0\0\0\0\0\x07\x02\0\0\xe8\xff\xff\
\xff\x18\x01\0\0\0\0\0\0\0\0\0\0\0\0\0\0\x85\0\0\0\x01\0\0\0\xbf\x07\0\0\0\0\0\
\0\x15\x07\x02\0\0\0\0\0\x79\x71\0\0\0\0\0\0\x55\x01\x02\0\0\0\0\0\xb7\0\0\0\0\
\0\0\0\x95\0\0\0\0\0\0\0\x85\0\0\0\x50\0\0\0\x79\x71\0\0\0\0\0\0\x5d\x10\xfb\
\xff\0\0\0\0\x85\0\0\0\x0e\0\0\0\x67\0\0\0\x20\0\0\0\x77\0\0\0\x20\0\0\0\x7b\
\x0a\xe0\xff\0\0\0\0\xbf\xa2\0\0\0\0\0\0\x07\x02\0\0\xe0\xff\xff\xff\x18\x01\0\
\0\0\0\0\0\0\0\0\0\0\0\0\0\x85\0\0\0\x01\0\0\0\xbf\x08\0\0\0\0\0\0\x15\x08\xf0\
\xff\0\0\0\0\xbf\xa2\0\0\0\0\0\0\x07\x02\0\0\xe0\xff\xff\xff\x18\x01\0\0\0\0\0\
\0\0\0\0\0\0\0\0\0\x85\0\0\0\x03\0\0\0\x79\x61\x10\0\0\0\0\0\xb7\x02\0\0\0\0\0\
\0\x6d\x12\xe8\xff\0\0\0\0\xb7\x09\0\0\0\0\0\0\x18\x01\0\0\0\0\0\0\0\0\0\0\0\0\
\0\0\xb7\x02\0\0\x88\x02\0\0\xb7\x03\0\0\0\0\0\0\x85\0\0\0\x83\0\0\0\xbf\x07\0\
\0\0\0\0\0\x15\x07\xe0\xff\0\0\0\0\x7b\x97\x80\x02\0\0\0\0\x7b\x97\x78\x02\0\0\
\0\0\x7b\x97\x70\x02\0\0\0\0\x7b\x97\x68\x02\0\0\0\0\x7b\x97\x60\x02\0\0\0\0\
\x7b\x97\x58\x02\0\0\0\0\x7b\x97\x50\x02\0\0\0\0\x7b\x97\x48\x02\0\0\0\0\x7b\
\x97\x40\x02\0\0\0\0\x7b\x97\x38\x02\0\0\0\0\x7b\x97\x30\x02\0\0\0\0\x7b\x97\
\x28\x02\0\0\0\0\x7b\x97\x20\x02\0\0\0\0\x7b\x97\x18\x02\0\0\0\0\x7b\x97\x10\
\x02\0\0\0\0\x7b\x97\x08\x02\0\0\0\0\x7b\x97\0\x02\0\0\0\0\x7b\x97\xf8\x01\0\0\
\0\0\x7b\x97\xf0\x01\0\0\0\0\x7b\x97\xe8\x01\0\0\0\0\x7b\x97\xe0\x01\0\0\0\0\
\x7b\x97\xd8\x01\0\0\0\0\x7b\x97\xd0\x01\0\0\0\0\x7b\x97\xc8\x01\0\0\0\0\x7b\
\x97\xc0\x01\0\0\0\0\x7b\x97\xb8\x01\0\0\0\0\x7b\x97\xb0\x01\0\0\0\0\x7b\x97\
\xa8\x01\0\0\0\0\x7b\x97\xa0\x01\0\0\0\0\x7b\x97\x98\x01\0\0\0\0\x7b\x97\x90\
\x01\0\0\0\0\x7b\x97\x88\x01\0\0\0\0\x7b\x97\x80\x01\0\0\0\0\x7b\x97\x78\x01\0\
\0\0\0\x7b\x97\x70\x01\0\0\0\0\x7b\x97\x68\x01\0\0\0\0\x7b\x97\x60\x01\0\0\0\0\
\x7b\x97\x58\x01\0\0\0\0\x7b\x97\x50\x01\0\0\0\0\x7b\x97\x48\x01\0\0\0\0\x7b\
\x97\x40\x01\0\0\0\0\x7b\x97\x38\x01\0\0\0\0\x7b\x97\x30\x01\0\0\0\0\x7b\x97\
\x28\x01\0\0\0\0\x7b\x97\x20\x01\0\0\0\0\x7b\x97\x18\x01\0\0\0\0\x7b\x97\x10\
\x01\0\0\0\0\x7b\x97\x08\x01\0\0\0\0\x7b\x97\0\x01\0\0\0\0\x7b\x97\xf8\0\0\0\0\
\0\x7b\x97\xf0\0\0\0\0\0\x7b\x97\xe8\0\0\0\0\0\x7b\x97\xe0\0\0\0\0\0\x7b\x97\
\xd8\0\0\0\0\0\x7b\x97\xd0\0\0\0\0\0\x7b\x97\xc8\0\0\0\0\0\x7b\x97\xc0\0\0\0\0\
\0\x7b\x97\xb8\0\0\0\0\0\x7b\x97\xb0\0\0\0\0\0\x7b\x97\xa8\0\0\0\0\0\x7b\x97\
\xa0\0\0\0\0\0\x7b\x97\x98\0\0\0\0\0\x7b\x97\x90\0\0\0\0\0\x7b\x97\x88\0\0\0\0\
\0\x7b\x97\x80\0\0\0\0\0\x7b\x97\x78\0\0\0\0\0\x7b\x97\x70\0\0\0\0\0\x7b\x97\
\x68\0\0\0\0\0\x7b\x97\x60\0\0\0\0\0\x7b\x97\x58\0\0\0\0\0\x7b\x97\x50\0\0\0\0\
\0\x7b\x97\x48\0\0\0\0\0\x7b\x97\x40\0\0\0\0\0\x7b\x97\x38\0\0\0\0\0\x7b\x97\
\x30\0\0\0\0\0\x7b\x97\x28\0\0\0\0\0\x7b\x97\x20\0\0\0\0\0\x7b\x97\x18\0\0\0\0\
\0\x7b\x97\x10\0\0\0\0\0\x7b\x97\x08\0\0\0\0\0\x7b\x97\0\0\0\0\0\0\xb7\x01\0\0\
\x02\0\0\0\x73\x17\0\0\0\0\0\0\x85\0\0\0\x05\0\0\0\x7b\x07\x08\0\0\0\0\0\x85\0\
\0\0\x0e\0\0\0\xbf\x01\0\0\0\0\0\0\x67\x01\0\0\x20\0\0\0\x77\0\0\0\x20\0\0\0\
\x4f\x10\0\0\0\0\0\0\x7b\x07\x10\0\0\0\0\0\x85\0\0\0\x50\0\0\0\xb7\x01\0\0\x4e\
\x52\x46\0\x63\x17\x20\0\0\0\0\0\x7b\x07\x18\0\0\0\0\0\x79\x88\x08\0\0\0\0\0\
\x15\x08\x19\0\0\0\0\0\x6b\x9a\xfe\xff\0\0\0\0\xb7\x01\0\0\0\0\0\0\xbf\x83\0\0\
\0\0\0\0\x0f\x13\0\0\0\0\0\0\xbf\xa1\0\0\0\0\0\0\x07\x01\0\0\xfe\xff\xff\xff\
\xb7\x02\0\0\x02\0\0\0\x85\0\0\0\x70\0\0\0\x69\xa1\xfe\xff\0\0\0\0\x55\x01\x0f\
\0\x02\0\0\0\xb7\x01\0\0\x02\0\0\0\x73\x17\x01\0\0\0\0\0\x7b\x9a\xf0\xff\0\0\0\
\0\x7b\x9a\xe8\xff\0\0\0\0\xbf\xa9\0\0\0\0\0\0\x07\x09\0\0\xe8\xff\xff\xff\xbf\
\x91\0\0\0\0\0\0\xb7\x02\0\0\x10\0\0\0\xbf\x83\0\0\0\0\0\0\x85\0\0\0\x70\0\0\0\
\x61\x91\x04\0\0\0\0\0\x63\x17\x4c\0\0\0\0\0\x69\x91\x02\0\0\0\0\0\xdc\x01\0\0\
\x10\0\0\0\x6b\x17\x52\0\0\0\0\0\x79\x61\x10\0\0\0\0\0\x7b\x17\x60\0\0\0\0\0\
\xbf\x71\0\0\0\0\0\0\xb7\x02\0\0\0\0\0\0\x85\0\0\0\x84\0\0\0\x05\0\x60\xff\0\0\
\0\0\xbf\x16\0\0\0\0\0\0\xb7\x01\0\0\0\0\0\0\x63\x1a\xfc\xff\0\0\0\0\xbf\xa2\0\
\0\0\0\0\0\x07\x02\0\0\xfc\xff\xff\xff\x18\x01\0\0\0\0\0\0\0\0\0\0\0\0\0\0\x85\
\0\0\0\x01\0\0\0\xbf\x07\0\0\0\0\0\0\x15\x07\x02\0\0\0\0\0\x79\x71\0\0\0\0\0\0\
\x55\x01\x02\0\0\0\0\0\xb7\0\0\0\0\0\0\0\x95\0\0\0\0\0\0\0\x85\0\0\0\x50\0\0\0\
\x79\x71\0\0\0\0\0\0\x5d\x10\xfb\xff\0\0\0\0\x79\x67\x20\0\0\0\0\0\x15\x07\xf9\
\xff\0\0\0\0\xb7\x06\0\0\0\0\0\0\x18\x01\0\0\0\0\0\0\0\0\0\0\0\0\0\0\xb7\x02\0\
\0\x88\x02\0\0\xb7\x03\0\0\0\0\0\0\x85\0\0\0\x83\0\0\0\x15\0\xf2\xff\0\0\0\0\
\x7b\x60\x80\x02\0\0\0\0\x7b\x60\x78\x02\0\0\0\0\x7b\x60\x70\x02\0\0\0\0\x7b\
\x60\x68\x02\0\0\0\0\x7b\x60\x60\x02\0\0\0\0\x7b\x60\x58\x02\0\0\0\0\x7b\x60\
\x50\x02\0\0\0\0\x7b\x60\x48\x02\0\0\0\0\x7b\x60\x40\x02\0\0\0\0\x7b\x60\x38\
\x02\0\0\0\0\x7b\x60\x30\x02\0\0\0\0\x7b\x60\x28\x02\0\0\0\0\x7b\x60\x20\x02\0\
\0\0\0\x7b\x60\x18\x02\0\0\0\0\x7b\x60\x10\x02\0\0\0\0\x7b\x60\x08\x02\0\0\0\0\
\x7b\x60\0\x02\0\0\0\0\x7b\x60\xf8\x01\0\0\0\0\x7b\x60\xf0\x01\0\0\0\0\x7b\x60\
\xe8\x01\0\0\0\0\x7b\x60\xe0\x01\0\0\0\0\x7b\x60\xd8\x01\0\0\0\0\x7b\x60\xd0\
\x01\0\0\0\0\x7b\x60\xc8\x01\0\0\0\0\x7b\x60\xc0\x01\0\0\0\0\x7b\x60\xb8\x01\0\
\0\0\0\x7b\x60\xb0\x01\0\0\0\0\x7b\x60\xa8\x01\0\0\0\0\x7b\x60\xa0\x01\0\0\0\0\
\x7b\x60\x98\x01\0\0\0\0\x7b\x60\x90\x01\0\0\0\0\x7b\x60\x88\x01\0\0\0\0\x7b\
\x60\x80\x01\0\0\0\0\x7b\x60\x78\x01\0\0\0\0\x7b\x60\x70\x01\0\0\0\0\x7b\x60\
\x68\x01\0\0\0\0\x7b\x60\x60\x01\0\0\0\0\x7b\x60\x58\x01\0\0\0\0\x7b\x60\x50\
\x01\0\0\0\0\x7b\x60\x48\x01\0\0\0\0\x7b\x60\x40\x01\0\0\0\0\x7b\x60\x38\x01\0\
\0\0\0\x7b\x60\x30\x01\0\0\0\0\x7b\x60\x28\x01\0\0\0\0\x7b\x60\x20\x01\0\0\0\0\
\x7b\x60\x18\x01\0\0\0\0\x7b\x60\x10\x01\0\0\0\0\x7b\x60\x08\x01\0\0\0\0\x7b\
\x60\0\x01\0\0\0\0\x7b\x60\xf8\0\0\0\0\0\x7b\x60\xf0\0\0\0\0\0\x7b\x60\xe8\0\0\
\0\0\0\x7b\x60\xe0\0\0\0\0\0\x7b\x60\xd8\0\0\0\0\0\x7b\x60\xd0\0\0\0\0\0\x7b\
\x60\xc8\0\0\0\0\0\x7b\x60\xc0\0\0\0\0\0\x7b\x60\xb8\0\0\0\0\0\x7b\x60\xb0\0\0\
\0\0\0\x7b\x60\xa8\0\0\0\0\0\x7b\x60\xa0\0\0\0\0\0\x7b\x60\x98\0\0\0\0\0\x7b\
\x60\x90\0\0\0\0\0\x7b\x60\x88\0\0\0\0\0\x7b\x60\x80\0\0\0\0\0\x7b\x60\x78\0\0\
\0\0\0\x7b\x60\x70\0\0\0\0\0\x7b\x60\x68\0\0\0\0\0\x7b\x60\x60\0\0\0\0\0\x7b\
\x60\x58\0\0\0\0\0\x7b\x60\x50\0\0\0\0\0\x7b\x60\x48\0\0\0\0\0\x7b\x60\x40\0\0\
\0\0\0\x7b\x60\x38\0\0\0\0\0\x7b\x60\x30\0\0\0\0\0\x7b\x60\x28\0\0\0\0\0\x7b\
\x60\x20\0\0\0\0\0\x7b\x60\x18\0\0\0\0\0\x7b\x60\x10\0\0\0\0\0\x7b\x60\x08\0\0\
\0\0\0\x7b\x60\0\0\0\0\0\0\xb7\x01\0\0\x03\0\0\0\x73\x10\0\0\0\0\0\0\xbf\x06\0\
\0\0\0\0\0\x85\0\0\0\x05\0\0\0\x7b\x06\x08\0\0\0\0\0\x85\0\0\0\x0e\0\0\0\xbf\
\x01\0\0\0\0\0\0\x67\x01\0\0\x20\0\0\0\x77\0\0\0\x20\0\0\0\x4f\x10\0\0\0\0\0\0\
\x7b\x06\x10\0\0\0\0\0\x85\0\0\0\x50\0\0\0\x7b\x76\x58\0\0\0\0\0\xb7\x01\0\0\
\x4e\x52\x46\0\x63\x16\x20\0\0\0\0\0\x7b\x06\x18\0\0\0\0\0\xbf\x61\0\0\0\0\0\0\
\xb7\x02\0\0\0\0\0\0\x85\0\0\0\x84\0\0\0\x05\0\x8d\xff\0\0\0\0\xbf\x16\0\0\0\0\
\0\0\xb7\x01\0\0\0\0\0\0\x63\x1a\xfc\xff\0\0\0\0\xbf\xa2\0\0\0\0\0\0\x07\x02\0\
\0\xfc\xff\xff\xff\x18\x01\0\0\0\0\0\0\0\0\0\0\0\0\0\0\x85\0\0\0\x01\0\0\0\xbf\
\x07\0\0\0\0\0\0\x15\x07\x02\0\0\0\0\0\x79\x71\0\0\0\0\0\0\x55\x01\x02\0\0\0\0\
\0\xb7\0\0\0\0\0\0\0\x95\0\0\0\0\0\0\0\x85\0\0\0\x50\0\0\0\x79\x71\0\0\0\0\0\0\
\x5d\x10\xfb\xff\0\0\0\0\x79\x61\x10\0\0\0\0\0\xb7\x02\0\0\x01\0\0\0\x6d\x12\
\xf8\xff\0\0\0\0\xb7\x07\0\0\0\0\0\0\x18\x01\0\0\0\0\0\0\0\0\0\0\0\0\0\0\xb7\
\x02\0\0\x88\x02\0\0\xb7\x03\0\0\0\0\0\0\x85\0\0\0\x83\0\0\0\x15\0\xf1\xff\0\0\
\0\0\x7b\x70\x80\x02\0\0\0\0\x7b\x70\x78\x02\0\0\0\0\x7b\x70\x70\x02\0\0\0\0\
\x7b\x70\x68\x02\0\0\0\0\x7b\x70\x60\x02\0\0\0\0\x7b\x70\x58\x02\0\0\0\0\x7b\
\x70\x50\x02\0\0\0\0\x7b\x70\x48\x02\0\0\0\0\x7b\x70\x40\x02\0\0\0\0\x7b\x70\
\x38\x02\0\0\0\0\x7b\x70\x30\x02\0\0\0\0\x7b\x70\x28\x02\0\0\0\0\x7b\x70\x20\
\x02\0\0\0\0\x7b\x70\x18\x02\0\0\0\0\x7b\x70\x10\x02\0\0\0\0\x7b\x70\x08\x02\0\
\0\0\0\x7b\x70\0\x02\0\0\0\0\x7b\x70\xf8\x01\0\0\0\0\x7b\x70\xf0\x01\0\0\0\0\
\x7b\x70\xe8\x01\0\0\0\0\x7b\x70\xe0\x01\0\0\0\0\x7b\x70\xd8\x01\0\0\0\0\x7b\
\x70\xd0\x01\0\0\0\0\x7b\x70\xc8\x01\0\0\0\0\x7b\x70\xc0\x01\0\0\0\0\x7b\x70\
\xb8\x01\0\0\0\0\x7b\x70\xb0\x01\0\0\0\0\x7b\x70\xa8\x01\0\0\0\0\x7b\x70\xa0\
\x01\0\0\0\0\x7b\x70\x98\x01\0\0\0\0\x7b\x70\x90\x01\0\0\0\0\x7b\x70\x88\x01\0\
\0\0\0\x7b\x70\x80\x01\0\0\0\0\x7b\x70\x78\x01\0\0\0\0\x7b\x70\x70\x01\0\0\0\0\
\x7b\x70\x68\x01\0\0\0\0\x7b\x70\x60\x01\0\0\0\0\x7b\x70\x58\x01\0\0\0\0\x7b\
\x70\x50\x01\0\0\0\0\x7b\x70\x48\x01\0\0\0\0\x7b\x70\x40\x01\0\0\0\0\x7b\x70\
\x38\x01\0\0\0\0\x7b\x70\x30\x01\0\0\0\0\x7b\x70\x28\x01\0\0\0\0\x7b\x70\x20\
\x01\0\0\0\0\x7b\x70\x18\x01\0\0\0\0\x7b\x70\x10\x01\0\0\0\0\x7b\x70\x08\x01\0\
\0\0\0\x7b\x70\0\x01\0\0\0\0\x7b\x70\xf8\0\0\0\0\0\x7b\x70\xf0\0\0\0\0\0\x7b\
\x70\xe8\0\0\0\0\0\x7b\x70\xe0\0\0\0\0\0\x7b\x70\xd8\0\0\0\0\0\x7b\x70\xd0\0\0\
\0\0\0\x7b\x70\xc8\0\0\0\0\0\x7b\x70\xc0\0\0\0\0\0\x7b\x70\xb8\0\0\0\0\0\x7b\
\x70\xb0\0\0\0\0\0\x7b\x70\xa8\0\0\0\0\0\x7b\x70\xa0\0\0\0\0\0\x7b\x70\x98\0\0\
\0\0\0\x7b\x70\x90\0\0\0\0\0\x7b\x70\x88\0\0\0\0\0\x7b\x70\x80\0\0\0\0\0\x7b\
\x70\x78\0\0\0\0\0\x7b\x70\x70\0\0\0\0\0\x7b\x70\x68\0\0\0\0\0\x7b\x70\x60\0\0\
\0\0\0\x7b\x70\x58\0\0\0\0\0\x7b\x70\x50\0\0\0\0\0\x7b\x70\x48\0\0\0\0\0\x7b\
\x70\x40\0\0\0\0\0\x7b\x70\x38\0\0\0\0\0\x7b\x70\x30\0\0\0\0\0\x7b\x70\x28\0\0\
\0\0\0\x7b\x70\x20\0\0\0\0\0\x7b\x70\x18\0\0\0\0\0\x7b\x70\x10\0\0\0\0\0\x7b\
\x70\x08\0\0\0\0\0\x7b\x70\0\0\0\0\0\0\xb7\x01\0\0\x04\0\0\0\x73\x10\0\0\0\0\0\
\0\xbf\x07\0\0\0\0\0\0\x85\0\0\0\x05\0\0\0\x7b\x07\x08\0\0\0\0\0\x85\0\0\0\x0e\
\0\0\0\xbf\x01\0\0\0\0\0\0\x67\x01\0\0\x20\0\0\0\x77\0\0\0\x20\0\0\0\x4f\x10\0\
\0\0\0\0\0\x7b\x07\x10\0\0\0\0\0\x85\0\0\0\x50\0\0\0\xb7\x01\0\0\x4e\x52\x46\0\
\x63\x17\x20\0\0\0\0\0\x7b\x07\x18\0\0\0\0\0\x79\x61\x10\0\0\0\0\0\x7b\x17\x58\
\0\0\0\0\0\x79\x61\x10\0\0\0\0\0\x7b\x17\x60\0\0\0\0\0\xbf\x71\0\0\0\0\0\0\xb7\
\x02\0\0\0\0\0\0\x85\0\0\0\x84\0\0\0\x05\0\x89\xff\0\0\0\0\x47\x50\x4c\0\x4e\
\x46\x52\x65\x67\x69\x73\x74\x65\x72\0\x4e\x46\x44\x65\x72\x65\x67\x69\x73\x74\
\x65\x72\0\x47\x65\x74\x4e\x46\x49\x6e\x73\x74\x61\x6e\x63\x65\0\x47\x65\x74\
\x4e\x46\x49\x6e\x73\x74\x61\x6e\x63\x65\x4c\x69\x73\x74\0\x55\x70\x64\x61\x74\
\x65\x4e\x46\x49\x6e\x73\x74\x61\x6e\x63\x65\0\x43\x72\x65\x61\x74\x65\x53\x75\
\x62\x73\x63\x72\x69\x70\x74\x69\x6f\x6e\0\x52\x65\x6d\x6f\x76\x65\x53\x75\x62\
\x73\x63\x72\x69\x70\x74\x69\x6f\x6e\0\x55\x70\x64\x61\x74\x65\x53\x75\x62\x73\
\x63\x72\x69\x70\x74\x69\x6f\x6e\0\x41\x63\x63\x65\x73\x73\x54\x6f\x6b\x65\x6e\
\0\x4e\x46\x44\x69\x73\x63\x6f\x76\x65\x72\x79\0\0\0\0\0\0\0\0\0\0\0\0\0\0\0\0\
\0\0\0\0\0\0\0\0\0\0\0\0\0\0\0\0\0\0\0\0\0\0\0\0\0\0\0\0\0\0\0\0\0\0\0\0\0\0\0\
\0\0\0\0\0\0\0\0\0\0\0\0\0\0\0\0\0\0\0\0\0\0\0\0\0\0\0\0\0\0\0\0\0\0\0\0\0\0\0\
\0\0\0\0\0\0\0\0\0\0\0\0\0\0\0\0\0\0\0\0\0\x6f\x03\0\0\x05\0\x08\0\x3b\0\0\0\
\xec\0\0\0\xf5\0\0\0\xff\0\0\0\x09\x01\0\0\x12\x01\0\0\x1c\x01\0\0\x26\x01\0\0\
\x2f\x01\0\0\x39\x01\0\0\x43\x01\0\0\x4c\x01\0\0\x56\x01\0\0\x60\x01\0\0\x69\
\x01\0\0\x73\x01\0\0\x7d\x01\0\0\x86\x01\0\0\x90\x01\0\0\x9a\x01\0\0\xa3\x01\0\
\0\xad\x01\0\0\xb7\x01\0\0\xc0\x01\0\0\xca\x01\0\0\xd4\x01\0\0\xdd\x01\0\0\xe7\
\x01\0\0\xf1\x01\0\0\xfa\x01\0\0\x04\x02\0\0\x0e\x02\0\0\x1c\x02\0\0\x25\x02\0\
\0\x33\x02\0\0\x43\x02\0\0\x51\x02\0\0\x5b\x02\0\0\x65\x02\0\0\x6f\x02\0\0\x79\
\x02\0\0\x87\x02\0\0\x90\x02\0\0\x9e\x02\0\0\xae\x02\0\0\xbc\x02\0\0\xc6\x02\0\
\0\xd0\x02\0\0\xda\x02\0\0\xe4\x02\0\0\xf7\x02\0\0\x05\x03\0\0\x0f\x03\0\0\x19\
\x03\0\0\x23\x03\0\0\x2d\x03\0\0\x3b\x03\0\0\x49\x03\0\0\x53\x03\0\0\x5d\x03\0\
\0\x01\x0f\x04\x30\xd0\x05\x01\x50\0\x01\x0f\x04\xe0\x05\xf8\x05\x01\x50\0\x01\
\x0f\x04\x98\x06\xd8\x07\x01\x56\0\x01\x10\x04\x30\xd0\x05\x01\x50\0\x01\x10\
\x04\xe0\x05\xf8\x05\x01\x50\0\x01\x10\x04\x98\x06\xe8\x07\x01\x56\0\x01\x11\
\x04\x30\xd0\x05\x01\x50\0\x01\x11\x04\xe0\x05\xf8\x05\x01\x50\0\x01\x11\x04\
\x98\x06\xf8\x07\x01\x56\0\x01\x12\x04\x30\xd0\x05\x01\x50\0\x01\x12\x04\xe0\
\x05\xf8\x05\x01\x50\0\x01\x12\x04\x98\x06\xa8\x08\x01\x56\0\x01\x13\x04\x30\
\xd0\x05\x01\x50\0\x01\x13\x04\xe0\x05\xf8\x05\x01\x50\0\x01\x13\x04\x98\x06\
\xa0\x08\x01\x56\0\x01\x14\x04\x30\xd0\x05\x01\x50\0\x01\x14\x04\xe0\x05\xf8\
\x05\x01\x50\0\x01\x14\x04\x98\x06\xc0\x08\x01\x56\0\x01\x15\x04\x30\xd0\x05\
\x01\x50\0\x01\x15\x04\xe0\x05\xf8\x05\x01\x50\0\x01\x15\x04\x98\x06\xc8\x08\
\x01\x56\0\x01\x16\x04\x30\xd0\x05\x01\x50\0\x01\x16\x04\xe0\x05\xf8\x05\x01\
\x50\0\x01\x16\x04\x98\x06\xc8\x08\x01\x56\0\x01\x17\x04\x30\xd0\x05\x01\x50\0\
\x01\x17\x04\xe0\x05\xf8\x05\x01\x50\0\x01\x17\x04\x98\x06\xd8\x07\x01\x56\0\
\x01\x18\x04\x30\xd0\x05\x01\x50\0\x01\x18\x04\xe0\x05\xf8\x05\x01\x50\0\x01\
\x18\x04\x98\x06\xf0\x07\x01\x56\0\x01\x19\x04\0\x08\x01\x51\x04\x08\xa0\x02\
\x01\x56\0\x01\x19\x04\x48\x80\x01\x01\x57\0\x01\x1a\x04\0\x08\x01\x51\x04\x08\
\xe8\x0a\x01\x56\0\x01\x1a\x04\x10\x60\x02\x7a\x08\x04\x70\x88\x01\x02\x7a\x08\
\0\x01\x1a\x04\x48\x60\x01\x57\x04\x70\x88\x01\x01\x57\0\x01\x1a\x04\xd8\x01\
\xe8\x08\x01\x58\0\x01\x1a\x04\xe0\x02\xc0\x09\x01\x57\0\x01\x1a\x04\x98\x08\
\xb0\x08\x01\x50\0\x01\x1a\x04\xe0\x08\xe8\x0a\x01\x57\0\x01\x1b\x04\0\x08\x01\
\x51\x04\x08\xa0\x02\x01\x56\0\x01\x1b\x04\x48\x80\x01\x01\x57\0\x01\x1c\x04\0\
\x08\x01\x51\x04\x08\xe0\x0a\x01\x56\0\x01\x1c\x04\x10\x60\x02\x7a\x08\x04\x70\
\x88\x01\x02\x7a\x08\0\x01\x1c\x04\x48\x60\x01\x57\x04\x70\x88\x01\x01\x57\0\
\x01\x1c\x04\xd8\x01\xe0\x08\x01\x58\0\x01\x1c\x04\xd8\x02\xe8\x08\x01\x57\0\
\x01\x1c\x04\x90\x08\xa8\x08\x01\x50\0\x01\x1c\x04\xd8\x08\xe0\x0a\x01\x57\0\
\x01\x1f\x04\0\x08\x01\x51\x04\x08\x60\x01\x56\x04\x70\xa0\x01\x01\x56\0\x01\
\x1f\x04\x48\x60\x01\x57\x04\x70\x88\x01\x01\x57\0\x01\x1f\x04\x90\x01\xf8\x07\
\x01\x57\0\x01\x1f\x04\xc8\x01\xf8\x06\x01\x50\0\x01\x1f\x04\x88\x07\xa0\x07\
\x01\x50\0\x01\x1f\x04\xb8\x07\xf8\x07\x01\x56\0\x01\x20\x04\0\x08\x01\x51\x04\
\x08\x98\x08\x01\x56\0\x01\x20\x04\x48\x60\x01\x57\x04\x70\x88\x01\x01\x57\0\
\x01\x20\x04\xd0\x01\x80\x07\x01\x50\0\x01\x20\x04\x90\x07\xa8\x07\x01\x50\0\
\x01\x20\x04\xd8\x07\x98\x08\x01\x57\0\x01\x11\x01\x25\x25\x13\x05\x03\x25\x72\
\x17\x10\x17\x1b\x25\x11\x01\x55\x23\x73\x17\x74\x17\x8c\x01\x17\0\0\x02\x34\0\
\x03\x25\x49\x13\x3f\x19\x3a\x0b\x3b\x0b\x02\x18\0\0\x03\x01\x01\x49\x13\0\0\
\x04\x21\0\x49\x13\x37\x0b\0\0\x05\x24\0\x03\x25\x3e\x0b\x0b\x0b\0\0\x06\x24\0\
\x03\x25\x0b\x0b\x3e\x0b\0\0\x07\x34\0\x49\x13\x3a\x0b\x3b\x0b\x02\x18\0\0\x08\
\x13\x01\x0b\x0b\x3a\x0b\x3b\x0b\0\0\x09\x0d\0\x03\x25\x49\x13\x3a\x0b\x3b\x0b\
\x38\x0b\0\0\x0a\x0f\0\x49\x13\0\0\x0b\x21\0\x49\x13\x37\x06\0\0\x0c\x16\0\x49\
\x13\x03\x25\x3a\x0b\x3b\x05\0\0\x0d\x21\0\x49\x13\x37\x05\0\0\x0e\x13\x01\x03\
\x25\x0b\x0b\x3a\x0b\x3b\x0b\0\0\x0f\x13\x01\x03\x25\x0b\x0b\x3a\x0b\x3b\x05\0\
\0\x10\x0d\0\x03\x25\x49\x13\x3a\x0b\x3b\x05\x38\x0b\0\0\x11\x0d\0\x49\x13\x3a\
\x0b\x3b\x05\x38\x0b\0\0\x12\x17\x01\x0b\x0b\x3a\x0b\x3b\x05\0\0\x13\x13\x01\
\x0b\x0b\x3a\x0b\x3b\x05\0\0\x14\x13\0\x0b\x0b\x3a\x0b\x3b\x05\0\0\x15\x34\0\
\x49\x13\x3a\x0b\x3b\x0b\0\0\x16\x34\0\x03\x25\x49\x13\x3a\x0b\x3b\x05\x1c\x0f\
\0\0\x17\x15\x01\x49\x13\x27\x19\0\0\x18\x05\0\x49\x13\0\0\x19\x0f\0\0\0\x1a\
\x34\0\x03\x25\x49\x13\x3a\x0b\x3b\x0b\x1c\x0f\0\0\x1b\x15\0\x49\x13\x27\x19\0\
\0\x1c\x15\x01\x27\x19\0\0\x1d\x26\0\0\0\x1e\x04\x01\x49\x13\x0b\x0b\x3a\x0b\
\x3b\x05\0\0\x1f\x28\0\x03\x25\x1c\x0f\0\0\x20\x2e\x01\x03\x25\x3a\x0b\x3b\x0b\
\x27\x19\x49\x13\x20\x21\x01\0\0\x21\x05\0\x03\x25\x3a\x0b\x3b\x0b\x49\x13\0\0\
\x22\x34\0\x03\x25\x3a\x0b\x3b\x0b\x49\x13\0\0\x23\x13\x01\x03\x25\x0b\x05\x3a\
\x0b\x3b\x0b\0\0\x24\x0d\0\x03\x25\x49\x13\x3a\x0b\x3b\x0b\x38\x05\0\0\x25\x2e\
\x01\x11\x1b\x12\x06\x40\x18\x7a\x19\x03\x25\x3a\x0b\x3b\x0b\x27\x19\x49\x13\
\x3f\x19\0\0\x26\x34\0\x02\x22\x03\x25\x3a\x0b\x3b\x0b\x49\x13\0\0\x27\x1d\x01\
\x31\x13\x55\x23\x58\x0b\x59\x0b\x57\x0b\0\0\x28\x05\0\x1c\x0f\x31\x13\0\0\x29\
\x34\0\x02\x22\x31\x13\0\0\x2a\x05\0\x02\x22\x03\x25\x3a\x0b\x3b\x0b\x49\x13\0\
\0\x2b\x34\0\x02\x18\x03\x25\x3a\x0b\x3b\x0b\x49\x13\0\0\x2c\x34\0\x02\x18\x31\
\x13\0\0\x2d\x2e\x01\x03\x25\x3a\x0b\x3b\x0b\x27\x19\x20\x21\x01\0\0\x2e\x13\
\x01\x03\x25\x0b\x0b\x3a\x0b\x3b\x06\0\0\x2f\x0d\0\x03\x25\x49\x13\x3a\x0b\x3b\
\x06\x38\x0b\0\0\x30\x05\0\x02\x18\x31\x13\0\0\x31\x2e\x01\x11\x1b\x12\x06\x40\
\x18\x7a\x19\x03\x25\x3a\x0b\x3b\x05\x27\x19\x49\x13\x3f\x19\0\0\x32\x05\0\x02\
\x22\x03\x25\x3a\x0b\x3b\x05\x49\x13\0\0\x33\x34\0\x02\x18\x03\x25\x3a\x0b\x3b\
\x05\x49\x13\0\0\x34\x1d\x01\x31\x13\x55\x23\x58\x0b\x59\x05\x57\x0b\0\0\x35\
\x34\0\x02\x22\x03\x25\x3a\x0b\x3b\x05\x49\x13\0\0\x36\x1d\x01\x31\x13\x11\x1b\
\x12\x06\x58\x0b\x59\x05\x57\x0b\0\0\x37\x0d\0\x03\x25\x49\x13\x3a\x0b\x3b\x05\
\x0d\x0b\x6b\x0b\0\0\0\xd7\x0d\0\0\x05\0\x01\x08\0\0\0\0\x01\0\x1d\0\x01\x08\0\
\0\0\0\0\0\0\x02\0\0\0\0\0\0\0\0\x13\x08\0\0\0\x0c\0\0\0\x0c\0\0\0\x02\x03\x3a\
\0\0\0\0\x14\x02\xa1\0\x03\x46\0\0\0\x04\x4a\0\0\0\x04\0\x05\x04\x06\x01\x06\
\x05\x08\x07\x07\x58\0\0\0\0\x72\x02\xa1\x01\x03\x46\0\0\0\x04\x4a\0\0\0\x0b\0\
\x07\x6e\0\0\0\0\x7c\x02\xa1\x02\x03\x46\0\0\0\x04\x4a\0\0\0\x0d\0\x07\x84\0\0\
\0\0\x86\x02\xa1\x03\x03\x46\0\0\0\x04\x4a\0\0\0\x0e\0\x07\x9a\0\0\0\0\x90\x02\
\xa1\x04\x03\x46\0\0\0\x04\x4a\0\0\0\x12\0\x07\xb0\0\0\0\0\x9a\x02\xa1\x05\x03\
\x46\0\0\0\x04\x4a\0\0\0\x11\0\x07\xc6\0\0\0\0\xa4\x02\xa1\x06\x03\x46\0\0\0\
\x04\x4a\0\0\0\x13\0\x07\xc6\0\0\0\0\xae\x02\xa1\x07\x07\xc6\0\0\0\0\xb8\x02\
\xa1\x08\x07\xf0\0\0\0\0\xc4\x02\xa1\x09\x03\x46\0\0\0\x04\x4a\0\0\0\x0c\0\x07\
\xf0\0\0\0\0\xd0\x02\xa1\x0a\x02\x06\x11\x01\0\0\0\x1c\x02\xa1\x0b\x08\x10\0\
\x19\x09\x07\x28\x01\0\0\0\x1a\0\x09\x09\x3d\x01\0\0\0\x1b\x08\0\x0a\x2d\x01\0\
\0\x03\x39\x01\0\0\x04\x4a\0\0\0\x1b\0\x05\x08\x05\x04\x0a\x42\x01\0\0\x03\x39\
\x01\0\0\x0b\x4a\0\0\0\0\0\0\x01\0\x02\x0a\x5c\x01\0\0\0\x25\x02\xa1\x0c\x08\
\x20\0\x20\x09\x07\x85\x01\0\0\0\x21\0\x09\x09\x96\x01\0\0\0\x22\x08\x09\x0b\
\xa7\x01\0\0\0\x23\x10\x09\x0e\xb9\x01\0\0\0\x24\x18\0\x0a\x8a\x01\0\0\x03\x39\
\x01\0\0\x04\x4a\0\0\0\x02\0\x0a\x9b\x01\0\0\x03\x39\x01\0\0\x04\x4a\0\0\0\x01\
\0\x0a\xac\x01\0\0\x0c\xb5\x01\0\0\x0d\x01\x6c\x79\x05\x0c\x07\x04\x0a\xbe\x01\
\0\0\x0c\xc7\x01\0\0\x10\x01\x0a\x78\x05\x0f\x07\x08\x02\x11\xd6\x01\0\0\0\x2e\
\x02\xa1\x0d\x08\x20\0\x29\x09\x07\x96\x01\0\0\0\x2a\0\x09\x09\xff\x01\0\0\0\
\x2b\x08\x09\x0b\xb9\x01\0\0\0\x2c\x10\x09\x0e\x11\x02\0\0\0\x2d\x18\0\x0a\x04\
\x02\0\0\x03\x39\x01\0\0\x0d\x4a\0\0\0\0\x10\0\x0a\x16\x02\0\0\x0e\x1c\x10\0\
\x28\x09\x12\xbe\x01\0\0\0\x28\0\x09\x13\x2e\x02\0\0\0\x28\x08\0\x0a\x33\x02\0\
\0\x0f\x1b\x10\x01\x3b\xa4\x10\x14\x85\x02\0\0\x01\x3c\xa4\0\x11\x4c\x02\0\0\
\x01\x3d\xa4\x02\x12\x0e\x01\x3d\xa4\x10\x18\x84\0\0\0\x01\x3e\xa4\0\x11\x64\
\x02\0\0\x01\x3f\xa4\0\x13\0\x01\x3f\xa4\x10\x19\x73\x02\0\0\x01\x40\xa4\0\x14\
\0\x01\x40\xa4\x10\x1a\x9b\x02\0\0\x01\x41\xa4\0\0\0\0\x0c\x8e\x02\0\0\x17\x01\
\x16\x79\x0c\x97\x02\0\0\x16\x01\xda\x78\x05\x15\x07\x02\x03\x46\0\0\0\x04\x4a\
\0\0\0\0\0\x02\x1d\xb2\x02\0\0\0\x37\x02\xa1\x0e\x08\x20\0\x32\x09\x07\x96\x01\
\0\0\0\x33\0\x09\x09\xff\x01\0\0\0\x34\x08\x09\x0b\xb9\x01\0\0\0\x35\x10\x09\
\x0e\xdb\x02\0\0\0\x36\x18\0\x0a\xe0\x02\0\0\x0e\x1e\x10\0\x31\x09\x12\xbe\x01\
\0\0\0\x31\0\x09\x13\x2e\x02\0\0\0\x31\x08\0\x15\x3a\0\0\0\0\x52\x16\x1f\x0a\
\x03\0\0\x02\x68\x0c\x83\x01\x0a\x0f\x03\0\0\x17\x24\x03\0\0\x18\x24\x03\0\0\
\x18\xbe\x01\0\0\x18\xbe\x01\0\0\0\x19\x1a\x20\x2e\x03\0\0\x02\x72\x05\x0a\x33\
\x03\0\0\x1b\xbe\x01\0\0\x16\x21\x2e\x03\0\0\x02\x4c\x08\x50\x16\x22\x4d\x03\0\
\0\x02\x7a\x0c\x84\x01\x0a\x52\x03\0\0\x1c\x18\x24\x03\0\0\x18\xbe\x01\0\0\0\
\x16\x23\x2e\x03\0\0\x02\x72\x01\x0e\x1a\x24\x71\x03\0\0\x02\x4e\x02\x0a\x76\
\x03\0\0\x17\x90\x03\0\0\x18\x24\x03\0\0\x18\x94\x03\0\0\x18\x94\x03\0\0\x18\
\xbe\x01\0\0\0\x05\x25\x05\x08\x0a\x99\x03\0\0\x1d\x1a\x26\xa3\x03\0\0\x02\x38\
\x01\x0a\xa8\x03\0\0\x17\x24\x03\0\0\x18\x24\x03\0\0\x18\x94\x03\0\0\0\x1a\x27\
\xc1\x03\0\0\x02\x58\x03\x0a\xc6\x03\0\0\x17\x90\x03\0\0\x18\x24\x03\0\0\x18\
\x94\x03\0\0\0\x16\x28\xe0\x03\0\0\x02\xec\x0a\x70\x0a\xe5\x03\0\0\x17\x90\x03\
\0\0\x18\x24\x03\0\0\x18\xac\x01\0\0\x18\x94\x03\0\0\0\x1e\xb5\x01\0\0\x04\x01\
\x2e\x03\x1f\x29\0\x1f\x2a\x01\x1f\x2b\x02\x1f\x2c\x04\0\x0c\x19\x04\0\0\x30\
\x01\x66\x78\x0c\x22\x04\0\0\x2f\x01\x64\x78\x0c\x2b\x04\0\0\x2e\x01\x62\x78\
\x05\x2d\x07\x08\x03\x2b\x04\0\0\x04\x4a\0\0\0\x06\0\x20\x31\0\x46\x5c\x04\0\0\
\x21\x07\0\x46\x0a\x05\0\0\x22\x54\0\x48\x5c\x04\0\0\x22\x55\0\x4e\xbe\x01\0\0\
\0\x0a\x61\x04\0\0\x23\x53\x88\x02\x03\x2d\x09\x07\x0a\x05\0\0\x03\x2f\0\x09\
\x34\x0a\x05\0\0\x03\x30\x01\x09\x35\x17\x05\0\0\x03\x31\x02\x09\x36\xbe\x01\0\
\0\x03\x34\x08\x09\x37\xac\x01\0\0\x03\x37\x10\x09\x38\xac\x01\0\0\x03\x38\x14\
\x09\x39\xbe\x01\0\0\x03\x39\x18\x09\x3a\x23\x05\0\0\x03\x3c\x20\x09\x3b\x2f\
\x05\0\0\x03\x3d\x28\x09\x3c\xac\x01\0\0\x03\x40\x48\x09\x3d\xac\x01\0\0\x03\
\x41\x4c\x09\x3e\x3b\x05\0\0\x03\x42\x50\x09\x40\x3b\x05\0\0\x03\x43\x52\x09\
\x41\xbe\x01\0\0\x03\x46\x58\x09\x42\x44\x05\0\0\x03\x47\x60\x09\x45\x2f\x05\0\
\0\x03\x4a\x68\x09\x46\x2f\x05\0\0\x03\x4b\x88\x09\x47\x51\x05\0\0\x03\x4e\xa8\
\0\x0c\x13\x05\0\0\x33\x01\x30\x79\x05\x32\x08\x01\x03\x0a\x05\0\0\x04\x4a\0\0\
\0\x02\0\x03\x46\0\0\0\x04\x4a\0\0\0\x08\0\x03\x46\0\0\0\x04\x4a\0\0\0\x20\0\
\x0c\x97\x02\0\0\x3f\x01\xbc\x78\x0c\x4d\x05\0\0\x44\x01\xf4\x77\x05\x43\x05\
\x08\x23\x52\xe0\x01\x03\x1b\x09\x48\xbe\x01\0\0\x03\x1c\0\x09\x49\xbe\x01\0\0\
\x03\x1c\x08\x09\x4a\xbe\x01\0\0\x03\x1c\x10\x09\x4b\xbe\x01\0\0\x03\x1c\x18\
\x09\x4c\xb5\x05\0\0\x03\x1d\x20\x09\x4d\xc1\x05\0\0\x03\x1e\xa0\x09\x4e\xc1\
\x05\0\0\x03\x1e\xe0\x24\x4f\xc1\x05\0\0\x03\x1e\x20\x01\x24\x50\xc1\x05\0\0\
\x03\x1e\x60\x01\x24\x51\xc1\x05\0\0\x03\x1e\xa0\x01\0\x03\xbe\x01\0\0\x04\x4a\
\0\0\0\x10\0\x03\x46\0\0\0\x04\x4a\0\0\0\x40\0\x25\x0f\xe8\x03\0\0\x01\x5a\x65\
\0\x6e\x39\x01\0\0\x21\x75\0\x6e\x5c\x0b\0\0\x26\x02\x54\0\x70\x5c\x04\0\0\x27\
\x3b\x04\0\0\0\0\x70\x17\x28\0\x43\x04\0\0\x29\0\x4b\x04\0\0\x29\x01\x53\x04\0\
\0\0\0\x25\x10\xf8\x03\0\0\x01\x5a\x66\0\x78\x39\x01\0\0\x21\x75\0\x78\x5c\x0b\
\0\0\x26\x05\x54\0\x7a\x5c\x04\0\0\x27\x3b\x04\0\0\x01\0\x7a\x17\x28\0\x43\x04\
\0\0\x29\x03\x4b\x04\0\0\x29\x04\x53\x04\0\0\0\0\x25\x11\x08\x04\0\0\x01\x5a\
\x67\0\x82\x39\x01\0\0\x21\x75\0\x82\x5c\x0b\0\0\x26\x08\x54\0\x84\x5c\x04\0\0\
\x27\x3b\x04\0\0\x02\0\x84\x17\x28\0\x43\x04\0\0\x29\x06\x4b\x04\0\0\x29\x07\
\x53\x04\0\0\0\0\x25\x12\x38\x04\0\0\x01\x5a\x68\0\x8c\x39\x01\0\0\x21\x75\0\
\x8c\x5c\x0b\0\0\x26\x0b\x54\0\x8e\x5c\x04\0\0\x27\x3b\x04\0\0\x03\0\x8e\x17\
\x28\0\x43\x04\0\0\x29\x09\x4b\x04\0\0\x29\x0a\x53\x04\0\0\0\0\x25\x13\x30\x04\
\0\0\x01\x5a\x69\0\x96\x39\x01\0\0\x21\x75\0\x96\x5c\x0b\0\0\x26\x0e\x54\0\x98\
\x5c\x04\0\0\x27\x3b\x04\0\0\x04\0\x98\x17\x28\0\x43\x04\0\0\x29\x0c\x4b\x04\0\
\0\x29\x0d\x53\x04\0\0\0\0\x25\x14\x50\x04\0\0\x01\x5a\x6a\0\xa0\x39\x01\0\0\
\x21\x75\0\xa0\x5c\x0b\0\0\x26\x11\x54\0\xa2\x5c\x04\0\0\x27\x3b\x04\0\0\x05\0\
\xa2\x17\x28\0\x43\x04\0\0\x29\x0f\x4b\x04\0\0\x29\x10\x53\x04\0\0\0\0\x25\x15\
\x58\x04\0\0\x01\x5a\x6b\0\xaa\x39\x01\0\0\x21\x75\0\xaa\x5c\x0b\0\0\x26\x14\
\x54\0\xac\x5c\x04\0\0\x27\x3b\x04\0\0\x06\0\xac\x17\x28\0\x43\x04\0\0\x29\x12\
\x4b\x04\0\0\x29\x13\x53\x04\0\0\0\0\x25\x16\x58\x04\0\0\x01\x5a\x6c\0\xb4\x39\
\x01\0\0\x21\x75\0\xb4\x5c\x0b\0\0\x26\x17\x54\0\xb6\x5c\x04\0\0\x27\x3b\x04\0\
\0\x07\0\xb6\x17\x28\0\x43\x04\0\0\x29\x15\x4b\x04\0\0\x29\x16\x53\x04\0\0\0\0\
\x25\x17\xe8\x03\0\0\x01\x5a\x6d\0\xc0\x39\x01\0\0\x21\x75\0\xc0\x5c\x0b\0\0\
\x26\x1a\x54\0\xc2\x5c\x04\0\0\x27\x3b\x04\0\0\x08\0\xc2\x17\x28\0\x43\x04\0\0\
\x29\x18\x4b\x04\0\0\x29\x19\x53\x04\0\0\0\0\x25\x18\0\x04\0\0\x01\x5a\x6e\0\
\xcc\x39\x01\0\0\x21\x75\0\xcc\x5c\x0b\0\0\x26\x1d\x54\0\xce\x5c\x04\0\0\x27\
\x3b\x04\0\0\x09\0\xce\x17\x28\0\x43\x04\0\0\x29\x1b\x4b\x04\0\0\x29\x1c\x53\
\x04\0\0\0\0\x20\x56\0\x3c\x39\x01\0\0\x22\x0b\0\x3e\xac\x01\0\0\x22\x57\0\x3f\
\xb9\x01\0\0\0\x25\x19\x20\x01\0\0\x01\x5a\x6f\0\xdd\x39\x01\0\0\x2a\x1e\x75\0\
\xdd\x2f\x0d\0\0\x2b\x02\x91\x10\x38\0\xe0\xbe\x01\0\0\x2b\x02\x91\0\x9c\0\xe1\
\x16\x02\0\0\x27\x2f\x08\0\0\x0a\0\xdf\x0a\x2c\x02\x91\0\x37\x08\0\0\x29\x1f\
\x3f\x08\0\0\0\0\x2d\x58\0\x57\x21\x54\0\x57\x5c\x04\0\0\x21\x59\0\x58\x2e\x02\
\0\0\x22\x5a\0\x60\xb4\x08\0\0\x22\x64\0\x5a\x3b\x05\0\0\0\x2e\x63\x10\x01\xef\
\x91\x01\0\x2f\x5b\x8e\x02\0\0\x01\xf0\x91\x01\0\0\x2f\x5c\xed\x08\0\0\x01\xf1\
\x91\x01\0\x02\x2f\x5e\xf6\x08\0\0\x01\xf2\x91\x01\0\x04\x2f\x62\x10\x09\0\0\
\x01\xf3\x91\x01\0\x08\0\x0c\x3b\x05\0\0\x5d\x01\xcc\x78\x0f\x61\x04\x01\x58\
\xdf\x10\x5f\x07\x09\0\0\x01\x59\xdf\0\0\x0c\xac\x01\0\0\x60\x01\x8c\x79\x03\
\x13\x05\0\0\x04\x4a\0\0\0\x08\0\x25\x1a\x68\x05\0\0\x01\x5a\x70\0\xea\x39\x01\
\0\0\x2a\x20\x75\0\xea\x9c\x0d\0\0\x2b\x02\x91\0\x38\0\xed\xbe\x01\0\0\x26\x23\
\xa4\0\xee\x11\x02\0\0\x26\x26\x54\0\xf5\x5c\x04\0\0\x27\x2f\x08\0\0\x0b\0\xec\
\x0a\x29\x21\x37\x08\0\0\x29\x22\x3f\x08\0\0\0\x27\x3b\x04\0\0\x0c\0\xf5\x17\
\x28\x01\x43\x04\0\0\x29\x24\x4b\x04\0\0\x29\x25\x53\x04\0\0\0\x27\x8f\x08\0\0\
\x0d\0\xf7\x05\x30\x01\x57\x93\x08\0\0\x30\x01\x58\x9b\x08\0\0\x2c\x02\x91\x08\
\xa3\x08\0\0\x2c\x02\x91\x1e\xab\x08\0\0\0\0\x31\x1b\x20\x01\0\0\x01\x5a\x71\0\
\0\x01\x39\x01\0\0\x32\x27\x75\0\0\x01\x2f\x0d\0\0\x33\x02\x91\x10\x38\0\x03\
\x01\xbe\x01\0\0\x33\x02\x91\0\x9c\0\x04\x01\xe0\x02\0\0\x34\x2f\x08\0\0\x0e\0\
\x02\x01\x0a\x2c\x02\x91\0\x37\x08\0\0\x29\x28\x3f\x08\0\0\0\0\x31\x1c\x60\x05\
\0\0\x01\x5a\x72\0\x0d\x01\x39\x01\0\0\x32\x29\x75\0\x0d\x01\x9c\x0d\0\0\x33\
\x02\x91\0\x38\0\x10\x01\xbe\x01\0\0\x35\x2c\xa4\0\x11\x01\xdb\x02\0\0\x35\x2f\
\x54\0\x17\x01\x5c\x04\0\0\x34\x2f\x08\0\0\x0f\0\x0f\x01\x0a\x29\x2a\x37\x08\0\
\0\x29\x2b\x3f\x08\0\0\0\x36\x3b\x04\0\0\x1d\x30\x03\0\0\0\x17\x01\x17\x28\x02\
\x43\x04\0\0\x29\x2d\x4b\x04\0\0\x29\x2e\x53\x04\0\0\0\x36\x8f\x08\0\0\x1e\xc8\
\0\0\0\0\x1a\x01\x09\x30\x01\x57\x93\x08\0\0\x30\x01\x58\x9b\x08\0\0\x2c\x02\
\x91\x08\xa3\x08\0\0\x2c\x02\x91\x1e\xab\x08\0\0\0\0\x31\x1f\xf8\x03\0\0\x01\
\x5a\x73\0\x23\x01\x39\x01\0\0\x32\x30\x75\0\x23\x01\x2f\x0d\0\0\x35\x32\xa5\0\
\x26\x01\xbe\x01\0\0\x35\x35\x54\0\x29\x01\x5c\x04\0\0\x34\x2f\x08\0\0\x10\0\
\x25\x01\x0a\x2c\x02\x91\x04\x37\x08\0\0\x29\x31\x3f\x08\0\0\0\x34\x3b\x04\0\0\
\x11\0\x29\x01\x17\x28\x03\x43\x04\0\0\x29\x33\x4b\x04\0\0\x29\x34\x53\x04\0\0\
\0\0\x31\x20\x18\x04\0\0\x01\x5a\x74\0\x33\x01\x39\x01\0\0\x32\x36\x75\0\x33\
\x01\x9c\x0d\0\0\x35\x3a\x54\0\x38\x01\x5c\x04\0\0\x34\x2f\x08\0\0\x12\0\x35\
\x01\x0a\x2c\x02\x91\x04\x37\x08\0\0\x29\x37\x3f\x08\0\0\0\x36\x3b\x04\0\0\x21\
\x30\x03\0\0\0\x38\x01\x17\x28\x04\x43\x04\0\0\x29\x38\x4b\x04\0\0\x29\x39\x53\
\x04\0\0\0\0\x0a\x61\x0b\0\0\x0f\x9b\xa8\x01\x64\x84\x10\x76\x2b\x04\0\0\x01\
\x65\x84\0\x10\x77\x2b\x04\0\0\x01\x66\x84\x08\x10\x78\x2b\x04\0\0\x01\x67\x84\
\x10\x10\x79\x2b\x04\0\0\x01\x68\x84\x18\x10\x7a\x2b\x04\0\0\x01\x69\x84\x20\
\x10\x7b\x2b\x04\0\0\x01\x6a\x84\x28\x10\x7c\x2b\x04\0\0\x01\x6b\x84\x30\x10\
\x7d\x2b\x04\0\0\x01\x6c\x84\x38\x10\x7e\x2b\x04\0\0\x01\x6d\x84\x40\x10\x7f\
\x2b\x04\0\0\x01\x6e\x84\x48\x10\x80\x2b\x04\0\0\x01\x6f\x84\x50\x10\x81\x2b\
\x04\0\0\x01\x70\x84\x58\x10\x82\x2b\x04\0\0\x01\x71\x84\x60\x10\x83\x2b\x04\0\
\0\x01\x72\x84\x68\x10\x84\x2b\x04\0\0\x01\x73\x84\x70\x10\x85\x2b\x04\0\0\x01\
\x74\x84\x78\x10\x86\x2b\x04\0\0\x01\x75\x84\x80\x11\x1a\x0c\0\0\x01\x76\x84\
\x88\x12\x08\x01\x76\x84\x10\x87\x80\x0c\0\0\x01\x77\x84\0\x10\x89\x89\x0c\0\0\
\x01\x78\x84\0\x10\x8b\x92\x0c\0\0\x01\x79\x84\0\0\x10\x8e\x2b\x04\0\0\x01\x7b\
\x84\x90\x10\x8f\x2b\x04\0\0\x01\x7c\x84\x98\x11\x5b\x0c\0\0\x01\x7d\x84\xa0\
\x12\x08\x01\x7d\x84\x10\x90\x80\x0c\0\0\x01\x7e\x84\0\x10\x91\x89\x0c\0\0\x01\
\x7f\x84\0\x10\x92\xba\x0c\0\0\x01\x80\x84\0\0\0\x0c\x3b\x05\0\0\x88\x01\xc6\
\x78\x0c\xbe\x01\0\0\x8a\x01\x12\x78\x0f\x8b\x08\x01\x4d\x84\x37\x87\x89\x0c\0\
\0\x01\x4e\x84\x10\0\x37\x8c\x89\x0c\0\0\x01\x4f\x84\x02\x10\x37\x8d\x89\x0c\0\
\0\x01\x50\x84\x01\x12\0\x0f\x92\x08\x01\x53\x84\x37\x90\x89\x0c\0\0\x01\x54\
\x84\x10\0\x37\x93\x89\x0c\0\0\x01\x55\x84\x01\x10\x37\x94\x89\x0c\0\0\x01\x56\
\x84\x01\x11\x37\x95\x89\x0c\0\0\x01\x57\x84\x01\x12\x37\x96\x89\x0c\0\0\x01\
\x59\x84\x08\x20\x37\x07\x89\x0c\0\0\x01\x5b\x84\x04\x30\x37\x97\x89\x0c\0\0\
\x01\x5d\x84\x01\x38\x37\x98\x89\x0c\0\0\x01\x5e\x84\x01\x39\x37\x99\x89\x0c\0\
\0\x01\x5f\x84\x01\x3a\x37\x9a\x89\x0c\0\0\x01\x61\x84\x04\x3c\0\x0a\x34\x0d\0\
\0\x2e\xa2\x40\x01\x14\x2e\x02\0\x2f\x9d\x6d\x0d\0\0\x01\x15\x2e\x02\0\0\x2f\
\xa0\x90\x03\0\0\x01\x16\x2e\x02\0\x08\x2f\x9c\x2f\x04\0\0\x01\x17\x2e\x02\0\
\x10\x2f\xa1\x9b\x02\0\0\x01\x18\x2e\x02\0\x40\0\x0f\x9f\x08\x01\x4e\xc9\x10\
\x07\x97\x02\0\0\x01\x4f\xc9\0\x10\x8e\x13\x05\0\0\x01\x50\xc9\x02\x10\x9e\x13\
\x05\0\0\x01\x51\xc9\x03\x10\x37\x39\x01\0\0\x01\x52\xc9\x04\0\x0a\xa1\x0d\0\0\
\x2e\xa3\x18\x01\x1b\x2e\x02\0\x2f\x9d\x6d\x0d\0\0\x01\x1c\x2e\x02\0\0\x2f\xa0\
\x90\x03\0\0\x01\x1d\x2e\x02\0\x08\x2f\x42\x90\x03\0\0\x01\x1e\x2e\x02\0\x10\
\x2f\xa1\x9b\x02\0\0\x01\x1f\x2e\x02\0\x18\0\0\x7e\x01\0\0\x05\0\x08\0\x14\0\0\
\0\x50\0\0\0\x5c\0\0\0\x68\0\0\0\x74\0\0\0\x80\0\0\0\x8c\0\0\0\x98\0\0\0\xa4\0\
\0\0\xb0\0\0\0\xbc\0\0\0\xc8\0\0\0\xd1\0\0\0\xde\0\0\0\xeb\0\0\0\xf8\0\0\0\x01\
\x01\0\0\x0e\x01\0\0\x1b\x01\0\0\x28\x01\0\0\x35\x01\0\0\x01\x0f\x04\x08\x98\
\x06\x04\xb0\x07\xc0\x07\0\x01\x10\x04\x08\x98\x06\x04\xc0\x07\xd0\x07\0\x01\
\x11\x04\x08\x98\x06\x04\xb8\x07\xd0\x07\0\x01\x12\x04\x08\x98\x06\x04\xe0\x07\
\xf8\x07\0\x01\x13\x04\x08\x98\x06\x04\xf8\x07\x88\x08\0\x01\x14\x04\x08\x98\
\x06\x04\x98\x08\xa8\x08\0\x01\x15\x04\x08\x98\x06\x04\xa0\x08\xb0\x08\0\x01\
\x16\x04\x08\x98\x06\x04\xa0\x08\xb0\x08\0\x01\x17\x04\x08\x98\x06\x04\xa0\x07\
\xb8\x07\0\x01\x18\x04\x08\x98\x06\x04\xb8\x07\xd0\x07\0\x01\x19\x04\x10\x20\
\x04\x28\x78\0\x01\x1a\x04\x10\x20\x04\x28\x60\x04\x70\x80\x01\0\x01\x1a\x04\
\xb0\x02\xe0\x08\x04\x90\x09\xa0\x09\0\x01\x1a\x04\xe8\x08\x90\x09\x04\xa0\x09\
\xb8\x0a\0\x01\x1b\x04\x10\x20\x04\x28\x78\0\x01\x1c\x04\x10\x20\x04\x28\x60\
\x04\x70\x80\x01\0\x01\x1f\x04\x10\x20\x04\x28\x60\x04\x70\x80\x01\0\x01\x1f\
\x04\xa0\x01\xb8\x07\x04\xc8\x07\xd8\x07\0\x01\x20\x04\x10\x20\x04\x28\x60\x04\
\x70\x80\x01\0\x03\x0f\xe8\x07\x03\x10\xf8\x07\x03\x11\x88\x08\x03\x12\xb8\x08\
\x03\x13\xb0\x08\x03\x14\xd0\x08\x03\x15\xd8\x08\x03\x16\xd8\x08\x03\x17\xe8\
\x07\x03\x18\x80\x08\x03\x19\xa0\x02\x03\x1a\xe8\x0a\x03\x1b\xa0\x02\x03\x1c\
\xe0\x0a\x03\x1f\xf8\x07\x03\x20\x98\x08\0\x9c\x02\0\0\x05\0\0\0\0\0\0\0\x27\0\
\0\0\x38\0\0\0\x5d\0\0\0\x65\0\0\0\x6a\0\0\0\x7e\0\0\0\x85\0\0\0\x8a\0\0\0\x8e\
\0\0\0\x9a\0\0\0\xa9\0\0\0\xad\0\0\0\xba\0\0\0\xc0\0\0\0\xc6\0\0\0\xd9\0\0\0\
\xdf\0\0\0\xef\0\0\0\xf2\0\0\0\xf7\0\0\0\x01\x01\0\0\x10\x01\0\0\x25\x01\0\0\
\x31\x01\0\0\x3d\x01\0\0\x4d\x01\0\0\x55\x01\0\0\x5e\x01\0\0\x6c\x01\0\0\x7b\
\x01\0\0\x88\x01\0\0\x9c\x01\0\0\xad\x01\0\0\xc7\x01\0\0\xda\x01\0\0\xf3\x01\0\
\0\x07\x02\0\0\x0c\x02\0\0\x20\x02\0\0\x34\x02\0\0\x48\x02\0\0\x50\x02\0\0\x5c\
\x02\0\0\x66\x02\0\0\x71\x02\0\0\x7f\x02\0\0\x90\x02\0\0\xa0\x02\0\0\xa7\x02\0\
\0\xb1\x02\0\0\xbf\x02\0\0\xc4\x02\0\0\xc7\x02\0\0\xcc\x02\0\0\xcf\x02\0\0\xd3\
\x02\0\0\xd7\x02\0\0\xdb\x02\0\0\xde\x02\0\0\xe2\x02\0\0\xe9\x02\0\0\xf1\x02\0\
\0\xfa\x02\0\0\0\x03\0\0\x0a\x03\0\0\x10\x03\0\0\x14\x03\0\0\x1e\x03\0\0\x24\
\x03\0\0\x2c\x03\0\0\x32\x03\0\0\x36\x03\0\0\x3b\x03\0\0\x40\x03\0\0\x45\x03\0\
\0\x4a\x03\0\0\x4c\x03\0\0\x51\x03\0\0\x56\x03\0\0\x5b\x03\0\0\x60\x03\0\0\x65\
\x03\0\0\x70\x03\0\0\x76\x03\0\0\x78\x03\0\0\x7b\x03\0\0\x89\x03\0\0\x90\x03\0\
\0\xa1\x03\0\0\xa4\x03\0\0\xa8\x03\0\0\xb3\x03\0\0\xbc\x03\0\0\xc3\x03\0\0\xcc\
\x03\0\0\xd3\x03\0\0\xda\x03\0\0\xe2\x03\0\0\xe8\x03\0\0\xf4\x03\0\0\xfb\x03\0\
\0\x0b\x04\0\0\x1d\x04\0\0\x2d\x04\0\0\x42\x04\0\0\x55\x04\0\0\x64\x04\0\0\x73\
\x04\0\0\x82\x04\0\0\x93\x04\0\0\xa4\x04\0\0\xb8\x04\0\0\xcb\x04\0\0\xde\x04\0\
\0\xf0\x04\0\0\x02\x05\0\0\x12\x05\0\0\x16\x05\0\0\x1a\x05\0\0\x1e\x05\0\0\x22\
\x05\0\0\x26\x05\0\0\x29\x05\0\0\x2c\x05\0\0\x30\x05\0\0\x34\x05\0\0\x37\x05\0\
\0\x3a\x05\0\0\x3d\x05\0\0\x40\x05\0\0\x43\x05\0\0\x46\x05\0\0\x49\x05\0\0\x51\
\x05\0\0\x54\x05\0\0\x57\x05\0\0\x5b\x05\0\0\x5f\x05\0\0\x63\x05\0\0\x6b\x05\0\
\0\x6e\x05\0\0\x72\x05\0\0\x78\x05\0\0\x7b\x05\0\0\x7e\x05\0\0\x82\x05\0\0\x8a\
\x05\0\0\x8e\x05\0\0\x96\x05\0\0\x9a\x05\0\0\xa1\x05\0\0\xa9\x05\0\0\xac\x05\0\
\0\xb3\x05\0\0\xbb\x05\0\0\xc3\x05\0\0\xc8\x05\0\0\xcc\x05\0\0\xda\x05\0\0\xe6\
\x05\0\0\xe9\x05\0\0\xf0\x05\0\0\x0a\x06\0\0\x23\x06\0\0\x25\x06\0\0\x55\x62\
\x75\x6e\x74\x75\x20\x63\x6c\x61\x6e\x67\x20\x76\x65\x72\x73\x69\x6f\x6e\x20\
\x31\x38\x2e\x31\x2e\x33\x20\x28\x31\x75\x62\x75\x6e\x74\x75\x31\x29\0\x6e\x72\
\x66\x5f\x74\x72\x61\x63\x65\x72\x2e\x62\x70\x66\x2e\x63\0\x2f\x68\x6f\x6d\x65\
\x2f\x74\x34\x37\x30\x2f\x44\x65\x73\x6b\x74\x6f\x70\x2f\x65\x62\x70\x66\x2d\
\x6e\x66\x74\x72\x61\x63\x65\x72\x2f\x6e\x72\x66\0\x4c\x49\x43\x45\x4e\x53\x45\
\0\x63\x68\x61\x72\0\x5f\x5f\x41\x52\x52\x41\x59\x5f\x53\x49\x5a\x45\x5f\x54\
\x59\x50\x45\x5f\x5f\0\x65\x76\x65\x6e\x74\x73\0\x74\x79\x70\x65\0\x69\x6e\x74\
\0\x6d\x61\x78\x5f\x65\x6e\x74\x72\x69\x65\x73\0\x6e\x72\x66\x5f\x63\x67\x72\
\x6f\x75\x70\x5f\x6d\x61\x70\0\x6b\x65\x79\0\x75\x6e\x73\x69\x67\x6e\x65\x64\
\x20\x69\x6e\x74\0\x5f\x5f\x75\x33\x32\0\x76\x61\x6c\x75\x65\0\x75\x6e\x73\x69\
\x67\x6e\x65\x64\x20\x6c\x6f\x6e\x67\x20\x6c\x6f\x6e\x67\0\x5f\x5f\x75\x36\x34\
\0\x63\x6f\x6e\x6e\x65\x63\x74\x5f\x73\x63\x72\x61\x74\x63\x68\0\x66\x64\0\x61\
\x64\x64\x72\0\x73\x61\x5f\x66\x61\x6d\x69\x6c\x79\0\x75\x6e\x73\x69\x67\x6e\
\x65\x64\x20\x73\x68\x6f\x72\x74\0\x5f\x5f\x6b\x65\x72\x6e\x65\x6c\x5f\x73\x61\
\x5f\x66\x61\x6d\x69\x6c\x79\x5f\x74\0\x73\x61\x5f\x66\x61\x6d\x69\x6c\x79\x5f\
\x74\0\x73\x61\x5f\x64\x61\x74\x61\x5f\x6d\x69\x6e\0\x5f\x5f\x65\x6d\x70\x74\
\x79\x5f\x73\x61\x5f\x64\x61\x74\x61\0\x73\x61\x5f\x64\x61\x74\x61\0\x73\x6f\
\x63\x6b\x61\x64\x64\x72\0\x5f\x63\x6f\x6e\x6e\x65\x63\x74\x5f\x61\x72\x67\x73\
\0\x61\x63\x63\x65\x70\x74\x5f\x73\x63\x72\x61\x74\x63\x68\0\x5f\x61\x63\x63\
\x65\x70\x74\x5f\x61\x72\x67\x73\0\x62\x70\x66\x5f\x72\x69\x6e\x67\x62\x75\x66\
\x5f\x72\x65\x73\x65\x72\x76\x65\0\x62\x70\x66\x5f\x6b\x74\x69\x6d\x65\x5f\x67\
\x65\x74\x5f\x6e\x73\0\x62\x70\x66\x5f\x67\x65\x74\x5f\x63\x75\x72\x72\x65\x6e\
\x74\x5f\x63\x67\x72\x6f\x75\x70\x5f\x69\x64\0\x62\x70\x66\x5f\x72\x69\x6e\x67\
\x62\x75\x66\x5f\x73\x75\x62\x6d\x69\x74\0\x62\x70\x66\x5f\x67\x65\x74\x5f\x63\
\x75\x72\x72\x65\x6e\x74\x5f\x70\x69\x64\x5f\x74\x67\x69\x64\0\x62\x70\x66\x5f\
\x6d\x61\x70\x5f\x75\x70\x64\x61\x74\x65\x5f\x65\x6c\x65\x6d\0\x6c\x6f\x6e\x67\
\0\x62\x70\x66\x5f\x6d\x61\x70\x5f\x6c\x6f\x6f\x6b\x75\x70\x5f\x65\x6c\x65\x6d\
\0\x62\x70\x66\x5f\x6d\x61\x70\x5f\x64\x65\x6c\x65\x74\x65\x5f\x65\x6c\x65\x6d\
\0\x62\x70\x66\x5f\x70\x72\x6f\x62\x65\x5f\x72\x65\x61\x64\x5f\x75\x73\x65\x72\
\0\x42\x50\x46\x5f\x41\x4e\x59\0\x42\x50\x46\x5f\x4e\x4f\x45\x58\x49\x53\x54\0\
\x42\x50\x46\x5f\x45\x58\x49\x53\x54\0\x42\x50\x46\x5f\x46\x5f\x4c\x4f\x43\x4b\
\0\x75\x6e\x73\x69\x67\x6e\x65\x64\x20\x6c\x6f\x6e\x67\0\x5f\x5f\x6b\x65\x72\
\x6e\x65\x6c\x5f\x75\x6c\x6f\x6e\x67\x5f\x74\0\x5f\x5f\x6b\x65\x72\x6e\x65\x6c\
\x5f\x73\x69\x7a\x65\x5f\x74\0\x73\x69\x7a\x65\x5f\x74\0\x6e\x65\x77\x5f\x65\
\x76\x65\x6e\x74\0\x75\x6e\x73\x69\x67\x6e\x65\x64\x20\x63\x68\x61\x72\0\x5f\
\x5f\x75\x38\0\x61\x66\0\x5f\x70\x61\x64\0\x74\x73\0\x70\x69\x64\0\x74\x69\x64\
\0\x63\x69\x64\0\x6e\x66\0\x61\x70\x69\0\x73\x72\x63\x5f\x69\x70\0\x64\x65\x73\
\x74\x5f\x69\x70\0\x73\x72\x63\x5f\x70\x6f\x72\x74\0\x5f\x5f\x75\x31\x36\0\x64\
\x65\x73\x74\x5f\x70\x6f\x72\x74\0\x62\x79\x74\x65\x73\0\x72\x65\x74\0\x6c\x6f\
\x6e\x67\x20\x6c\x6f\x6e\x67\0\x5f\x5f\x73\x36\x34\0\x61\x75\x74\x68\x5f\x69\
\x64\0\x73\x63\x6f\x70\x65\0\x64\x62\x67\0\x61\x72\x67\x31\0\x61\x72\x67\x32\0\
\x61\x72\x67\x33\0\x61\x72\x67\x34\0\x71\0\x62\x75\x66\x30\0\x62\x75\x66\x31\0\
\x62\x75\x66\x32\0\x62\x75\x66\x33\0\x62\x75\x66\x34\0\x64\x65\x62\x75\x67\x5f\
\x61\x72\x67\x73\0\x65\x76\x65\x6e\x74\0\x65\0\x70\x74\0\x69\x73\x5f\x6e\x72\
\x66\x5f\x63\x67\x72\x6f\x75\x70\0\x73\x74\x6f\x72\x65\x64\0\x72\x65\x61\x64\
\x5f\x73\x6f\x63\x6b\x61\x64\x64\x72\x5f\x69\x6e\0\x73\x61\0\x73\x69\x6e\0\x73\
\x69\x6e\x5f\x66\x61\x6d\x69\x6c\x79\0\x73\x69\x6e\x5f\x70\x6f\x72\x74\0\x5f\
\x5f\x62\x65\x31\x36\0\x73\x69\x6e\x5f\x61\x64\x64\x72\0\x73\x5f\x61\x64\x64\
\x72\0\x5f\x5f\x62\x65\x33\x32\0\x69\x6e\x5f\x61\x64\x64\x72\0\x5f\x5f\x70\x61\
\x64\0\x73\x6f\x63\x6b\x61\x64\x64\x72\x5f\x69\x6e\0\x66\x61\x6d\x69\x6c\x79\0\
\x6e\x72\x66\x5f\x6e\x66\x5f\x72\x65\x67\x69\x73\x74\x65\x72\0\x6e\x72\x66\x5f\
\x6e\x66\x5f\x64\x65\x72\x65\x67\x69\x73\x74\x65\x72\0\x6e\x72\x66\x5f\x67\x65\
\x74\x5f\x6e\x66\x5f\x69\x6e\x73\x74\0\x6e\x72\x66\x5f\x67\x65\x74\x5f\x6e\x66\
\x5f\x69\x6e\x73\x74\x5f\x6c\x69\x73\x74\0\x6e\x72\x66\x5f\x75\x70\x64\x61\x74\
\x65\x5f\x6e\x66\x5f\x69\x6e\x73\x74\0\x6e\x72\x66\x5f\x63\x72\x65\x61\x74\x65\
\x5f\x73\x75\x62\0\x6e\x72\x66\x5f\x72\x65\x6d\x6f\x76\x65\x5f\x73\x75\x62\0\
\x6e\x72\x66\x5f\x75\x70\x64\x61\x74\x65\x5f\x73\x75\x62\0\x6e\x72\x66\x5f\x61\
\x63\x63\x65\x73\x73\x5f\x74\x6f\x6b\x65\x6e\0\x6e\x72\x66\x5f\x6e\x66\x5f\x64\
\x69\x73\x63\x6f\x76\x65\x72\x79\0\x74\x72\x61\x63\x65\x5f\x63\x6f\x6e\x6e\x65\
\x63\x74\x5f\x65\x6e\x74\x65\x72\0\x74\x72\x61\x63\x65\x5f\x63\x6f\x6e\x6e\x65\
\x63\x74\x5f\x65\x78\x69\x74\0\x74\x72\x61\x63\x65\x5f\x61\x63\x63\x65\x70\x74\
\x5f\x65\x6e\x74\x65\x72\0\x74\x72\x61\x63\x65\x5f\x61\x63\x63\x65\x70\x74\x5f\
\x65\x78\x69\x74\0\x74\x72\x61\x63\x65\x5f\x77\x72\x69\x74\x65\x5f\x65\x6e\x74\
\x65\x72\0\x74\x72\x61\x63\x65\x5f\x72\x65\x61\x64\x5f\x65\x78\x69\x74\0\x63\
\x74\x78\0\x72\x31\x35\0\x72\x31\x34\0\x72\x31\x33\0\x72\x31\x32\0\x62\x70\0\
\x62\x78\0\x72\x31\x31\0\x72\x31\x30\0\x72\x39\0\x72\x38\0\x61\x78\0\x63\x78\0\
\x64\x78\0\x73\x69\0\x64\x69\0\x6f\x72\x69\x67\x5f\x61\x78\0\x69\x70\0\x63\x73\
\0\x75\x31\x36\0\x63\x73\x78\0\x75\x36\x34\0\x66\x72\x65\x64\x5f\x63\x73\0\x73\
\x6c\0\x77\x66\x65\0\x66\x6c\x61\x67\x73\0\x73\x70\0\x73\x73\0\x73\x73\x78\0\
\x66\x72\x65\x64\x5f\x73\x73\0\x73\x74\x69\0\x73\x77\x65\x76\x65\x6e\x74\0\x6e\
\x6d\x69\0\x76\x65\x63\x74\x6f\x72\0\x65\x6e\x63\x6c\x61\x76\x65\0\x6c\x6d\0\
\x6e\x65\x73\x74\x65\x64\0\x69\x6e\x73\x6e\x6c\x65\x6e\0\x70\x74\x5f\x72\x65\
\x67\x73\0\x61\x72\x67\x73\0\x65\x6e\x74\0\x70\x72\x65\x65\x6d\x70\x74\x5f\x63\
\x6f\x75\x6e\x74\0\x74\x72\x61\x63\x65\x5f\x65\x6e\x74\x72\x79\0\x69\x64\0\x5f\
\x5f\x64\x61\x74\x61\0\x74\x72\x61\x63\x65\x5f\x65\x76\x65\x6e\x74\x5f\x72\x61\
\x77\x5f\x73\x79\x73\x5f\x65\x6e\x74\x65\x72\0\x74\x72\x61\x63\x65\x5f\x65\x76\
\x65\x6e\x74\x5f\x72\x61\x77\x5f\x73\x79\x73\x5f\x65\x78\x69\x74\0\x61\0\x63\
\x6f\x75\x6e\x74\0\x14\x01\0\0\x05\0\x08\0\0\0\0\0\0\0\0\0\0\0\0\0\0\0\0\0\x0b\
\0\0\0\0\0\0\0\x18\0\0\0\0\0\0\0\x26\0\0\0\0\0\0\0\x38\0\0\0\0\0\0\0\x49\0\0\0\
\0\0\0\0\x5c\0\0\0\0\0\0\0\x6f\0\0\0\0\0\0\0\x82\0\0\0\0\0\0\0\x8e\0\0\0\0\0\0\
\0\0\0\0\0\0\0\0\0\0\0\0\0\0\0\0\0\0\0\0\0\0\0\0\0\0\0\0\0\0\0\0\0\0\0\0\0\0\0\
\0\0\0\0\0\0\0\0\0\0\0\0\0\0\0\0\0\0\0\0\0\0\0\0\0\0\0\0\0\0\0\0\0\0\0\0\0\0\0\
\0\0\0\0\0\0\0\0\0\0\0\0\0\0\0\0\0\0\0\0\0\0\0\0\0\0\0\0\0\0\0\0\0\0\0\0\0\0\0\
\0\0\0\0\0\0\0\0\0\0\0\0\0\0\0\0\0\0\0\0\0\0\0\0\0\0\0\0\x28\x01\0\0\0\0\0\0\
\x68\x04\0\0\0\0\0\0\0\0\0\0\0\0\0\0\0\0\0\0\0\0\0\0\xa8\0\0\0\0\0\0\0\x9f\xeb\
\x01\0\x18\0\0\0\0\0\0\0\x78\x0a\0\0\x78\x0a\0\0\x79\x12\0\0\0\0\0\0\0\0\0\x02\
\x03\0\0\0\x01\0\0\0\0\0\0\x01\x04\0\0\0\x20\0\0\x01\0\0\0\0\0\0\0\x03\0\0\0\0\
\x02\0\0\0\x04\0\0\0\x01\0\0\0\x05\0\0\0\0\0\0\x01\x04\0\0\0\x20\0\0\0\0\0\0\0\
\0\0\0\x02\x06\0\0\0\0\0\0\0\0\0\0\x03\0\0\0\0\x02\0\0\0\x04\0\0\0\0\x10\0\0\0\
\0\0\0\0\0\0\x02\x08\0\0\0\x19\0\0\0\0\0\0\x08\x09\0\0\0\x1f\0\0\0\0\0\0\x01\
\x08\0\0\0\x40\0\0\0\0\0\0\0\0\0\0\x02\x0b\0\0\0\x32\0\0\0\x02\0\0\x04\x10\0\0\
\0\x40\0\0\0\x08\0\0\0\0\0\0\0\x43\0\0\0\x0c\0\0\0\x40\0\0\0\0\0\0\0\0\0\0\x02\
\x4d\0\0\0\0\0\0\0\x04\0\0\x04\x20\0\0\0\x48\0\0\0\x01\0\0\0\0\0\0\0\x4d\0\0\0\
\x05\0\0\0\x40\0\0\0\x59\0\0\0\x07\0\0\0\x80\0\0\0\x5d\0\0\0\x0a\0\0\0\xc0\0\0\
\0\x63\0\0\0\0\0\0\x0e\x0d\0\0\0\x01\0\0\0\0\0\0\0\0\0\0\x02\x10\0\0\0\x73\0\0\
\0\x02\0\0\x04\x10\0\0\0\x40\0\0\0\x08\0\0\0\0\0\0\0\x43\0\0\0\x0c\0\0\0\x40\0\
\0\0\0\0\0\0\x04\0\0\x04\x20\0\0\0\x48\0\0\0\x01\0\0\0\0\0\0\0\x4d\0\0\0\x05\0\
\0\0\x40\0\0\0\x59\0\0\0\x07\0\0\0\x80\0\0\0\x5d\0\0\0\x0f\0\0\0\xc0\0\0\0\x80\
\0\0\0\0\0\0\x0e\x11\0\0\0\x01\0\0\0\0\0\0\0\0\0\0\x02\x14\0\0\0\0\0\0\0\0\0\0\
\x03\0\0\0\0\x02\0\0\0\x04\0\0\0\x1b\0\0\0\0\0\0\0\0\0\0\x02\x16\0\0\0\0\0\0\0\
\0\0\0\x03\0\0\0\0\x02\0\0\0\x04\0\0\0\0\0\0\x01\0\0\0\0\x02\0\0\x04\x10\0\0\0\
\x48\0\0\0\x13\0\0\0\0\0\0\0\x4d\0\0\0\x15\0\0\0\x40\0\0\0\x8f\0\0\0\0\0\0\x0e\
\x17\0\0\0\x01\0\0\0\0\0\0\0\0\0\0\x02\x1a\0\0\0\0\0\0\0\0\0\0\x03\0\0\0\0\x02\
\0\0\0\x04\0\0\0\x02\0\0\0\0\0\0\0\0\0\0\x02\x1c\0\0\0\x96\0\0\0\0\0\0\x08\x1d\
\0\0\0\x9c\0\0\0\0\0\0\x01\x04\0\0\0\x20\0\0\0\0\0\0\0\x04\0\0\x04\x20\0\0\0\
\x48\0\0\0\x19\0\0\0\0\0\0\0\x4d\0\0\0\x01\0\0\0\x40\0\0\0\x59\0\0\0\x1b\0\0\0\
\x80\0\0\0\x5d\0\0\0\x07\0\0\0\xc0\0\0\0\xa9\0\0\0\0\0\0\x0e\x1e\0\0\0\x01\0\0\
\0\0\0\0\0\0\0\0\x02\x21\0\0\0\xb8\0\0\0\x15\0\0\x04\xa8\0\0\0\xc0\0\0\0\x22\0\
\0\0\0\0\0\0\xc4\0\0\0\x22\0\0\0\x40\0\0\0\xc8\0\0\0\x22\0\0\0\x80\0\0\0\xcc\0\
\0\0\x22\0\0\0\xc0\0\0\0\xd0\0\0\0\x22\0\0\0\0\x01\0\0\xd3\0\0\0\x22\0\0\0\x40\
\x01\0\0\xd6\0\0\0\x22\0\0\0\x80\x01\0\0\xda\0\0\0\x22\0\0\0\xc0\x01\0\0\xde\0\
\0\0\x22\0\0\0\0\x02\0\0\xe1\0\0\0\x22\0\0\0\x40\x02\0\0\xe4\0\0\0\x22\0\0\0\
\x80\x02\0\0\xe7\0\0\0\x22\0\0\0\xc0\x02\0\0\xea\0\0\0\x22\0\0\0\0\x03\0\0\xed\
\0\0\0\x22\0\0\0\x40\x03\0\0\xf0\0\0\0\x22\0\0\0\x80\x03\0\0\xf3\0\0\0\x22\0\0\
\0\xc0\x03\0\0\xfb\0\0\0\x22\0\0\0\0\x04\0\0\0\0\0\0\x23\0\0\0\x40\x04\0\0\xfe\
\0\0\0\x22\0\0\0\x80\x04\0\0\x04\x01\0\0\x22\0\0\0\xc0\x04\0\0\0\0\0\0\x29\0\0\
\0\0\x05\0\0\x07\x01\0\0\0\0\0\x01\x08\0\0\0\x40\0\0\0\0\0\0\0\x03\0\0\x05\x08\
\0\0\0\x15\x01\0\0\x24\0\0\0\0\0\0\0\x18\x01\0\0\x27\0\0\0\0\0\0\0\x1c\x01\0\0\
\x28\0\0\0\0\0\0\0\x24\x01\0\0\0\0\0\x08\x25\0\0\0\x28\x01\0\0\0\0\0\x08\x26\0\
\0\0\x2e\x01\0\0\0\0\0\x01\x02\0\0\0\x10\0\0\0\x3d\x01\0\0\0\0\0\x08\x08\0\0\0\
\x1c\x01\0\0\x03\0\0\x84\x08\0\0\0\x15\x01\0\0\x27\0\0\0\0\0\0\x10\x41\x01\0\0\
\x27\0\0\0\x10\0\0\x02\x44\x01\0\0\x27\0\0\0\x12\0\0\x01\0\0\0\0\x03\0\0\x05\
\x08\0\0\0\x48\x01\0\0\x24\0\0\0\0\0\0\0\x4b\x01\0\0\x27\0\0\0\0\0\0\0\x4f\x01\
\0\0\x2a\0\0\0\0\0\0\0\x4f\x01\0\0\x0a\0\0\x84\x08\0\0\0\x48\x01\0\0\x27\0\0\0\
\0\0\0\x10\x57\x01\0\0\x27\0\0\0\x10\0\0\x01\x5b\x01\0\0\x27\0\0\0\x11\0\0\x01\
\x63\x01\0\0\x27\0\0\0\x12\0\0\x01\x67\x01\0\0\x27\0\0\0\x20\0\0\x08\x48\0\0\0\
\x27\0\0\0\x30\0\0\x04\x6e\x01\0\0\x27\0\0\0\x38\0\0\x01\x76\x01\0\0\x27\0\0\0\
\x39\0\0\x01\x79\x01\0\0\x27\0\0\0\x3a\0\0\x01\x80\x01\0\0\x27\0\0\0\x3c\0\0\
\x04\0\0\0\0\x01\0\0\x0d\x02\0\0\0\x88\x01\0\0\x20\0\0\0\x8c\x01\0\0\x01\0\0\
\x0c\x2b\0\0\0\0\0\0\0\x01\0\0\x0d\x02\0\0\0\x88\x01\0\0\x20\0\0\0\x7d\x03\0\0\
\x01\0\0\x0c\x2d\0\0\0\0\0\0\0\x01\0\0\x0d\x02\0\0\0\x88\x01\0\0\x20\0\0\0\x05\
\x04\0\0\x01\0\0\x0c\x2f\0\0\0\0\0\0\0\x01\0\0\x0d\x02\0\0\0\x88\x01\0\0\x20\0\
\0\0\x88\x04\0\0\x01\0\0\x0c\x31\0\0\0\0\0\0\0\x01\0\0\x0d\x02\0\0\0\x88\x01\0\
\0\x20\0\0\0\x1e\x05\0\0\x01\0\0\x0c\x33\0\0\0\0\0\0\0\x01\0\0\x0d\x02\0\0\0\
\x88\x01\0\0\x20\0\0\0\xad\x05\0\0\x01\0\0\x0c\x35\0\0\0\0\0\0\0\x01\0\0\x0d\
\x02\0\0\0\x88\x01\0\0\x20\0\0\0\x32\x06\0\0\x01\0\0\x0c\x37\0\0\0\0\0\0\0\x01\
\0\0\x0d\x02\0\0\0\x88\x01\0\0\x20\0\0\0\xb7\x06\0\0\x01\0\0\x0c\x39\0\0\0\0\0\
\0\0\x01\0\0\x0d\x02\0\0\0\x88\x01\0\0\x20\0\0\0\x3c\x07\0\0\x01\0\0\x0c\x3b\0\
\0\0\0\0\0\0\x01\0\0\x0d\x02\0\0\0\x88\x01\0\0\x20\0\0\0\xc0\x07\0\0\x01\0\0\
\x0c\x3d\0\0\0\0\0\0\0\0\0\0\x02\x40\0\0\0\x44\x08\0\0\x04\0\0\x04\x40\0\0\0\
\x5e\x08\0\0\x41\0\0\0\0\0\0\0\x62\x08\0\0\x43\0\0\0\x40\0\0\0\x65\x08\0\0\x44\
\0\0\0\x80\0\0\0\x6a\x08\0\0\x46\0\0\0\0\x02\0\0\x71\x08\0\0\x04\0\0\x04\x08\0\
\0\0\x48\0\0\0\x26\0\0\0\0\0\0\0\xfe\0\0\0\x42\0\0\0\x10\0\0\0\x7d\x08\0\0\x42\
\0\0\0\x18\0\0\0\x8b\x08\0\0\x02\0\0\0\x20\0\0\0\x8f\x08\0\0\0\0\0\x01\x01\0\0\
\0\x08\0\0\0\x9d\x08\0\0\0\0\0\x01\x08\0\0\0\x40\0\0\x01\0\0\0\0\0\0\0\x03\0\0\
\0\0\x22\0\0\0\x04\0\0\0\x06\0\0\0\xa2\x08\0\0\0\0\0\x01\x01\0\0\0\x08\0\0\x01\
\0\0\0\0\0\0\0\x03\0\0\0\0\x45\0\0\0\x04\0\0\0\0\0\0\0\0\0\0\0\x01\0\0\x0d\x02\
\0\0\0\x88\x01\0\0\x3f\0\0\0\xa7\x08\0\0\x01\0\0\x0c\x47\0\0\0\0\0\0\0\0\0\0\
\x02\x4a\0\0\0\xe1\x0a\0\0\x04\0\0\x04\x18\0\0\0\x5e\x08\0\0\x41\0\0\0\0\0\0\0\
\x62\x08\0\0\x43\0\0\0\x40\0\0\0\xfa\x0a\0\0\x43\0\0\0\x80\0\0\0\x6a\x08\0\0\
\x46\0\0\0\xc0\0\0\0\0\0\0\0\x01\0\0\x0d\x02\0\0\0\x88\x01\0\0\x49\0\0\0\xfe\
\x0a\0\0\x01\0\0\x0c\x4b\0\0\0\x9e\x0c\0\0\x02\0\0\x04\x10\0\0\0\xa7\x0c\0\0\
\x4e\0\0\0\0\0\0\0\0\0\0\0\x50\0\0\0\x10\0\0\0\xb1\x0c\0\0\0\0\0\x08\x4f\0\0\0\
\xbd\x0c\0\0\0\0\0\x08\x26\0\0\0\0\0\0\0\x02\0\0\x05\x0e\0\0\0\xd2\x0c\0\0\x51\
\0\0\0\0\0\0\0\0\0\0\0\x52\0\0\0\0\0\0\0\0\0\0\0\0\0\0\x03\0\0\0\0\x45\0\0\0\
\x04\0\0\0\x0e\0\0\0\0\0\0\0\x02\0\0\x04\0\0\0\0\xde\x0c\0\0\x53\0\0\0\0\0\0\0\
\xee\x0c\0\0\x46\0\0\0\0\0\0\0\0\0\0\0\0\0\0\x04\0\0\0\0\xbf\x0d\0\0\x04\0\0\
\x04\x10\0\0\0\xcb\x0d\0\0\x4f\0\0\0\0\0\0\0\xd6\x0d\0\0\x55\0\0\0\x10\0\0\0\
\xdf\x0d\0\0\x56\0\0\0\x20\0\0\0\xe8\x0d\0\0\x58\0\0\0\x40\0\0\0\xee\x0d\0\0\0\
\0\0\x08\x25\0\0\0\xf5\x0d\0\0\x01\0\0\x04\x04\0\0\0\xfd\x0d\0\0\x57\0\0\0\0\0\
\0\0\x04\x0e\0\0\0\0\0\x08\x1c\0\0\0\0\0\0\0\0\0\0\x03\0\0\0\0\x42\0\0\0\x04\0\
\0\0\x08\0\0\0\0\0\0\0\x01\0\0\x0d\x02\0\0\0\x88\x01\0\0\x3f\0\0\0\x82\x0e\0\0\
\x01\0\0\x0c\x59\0\0\0\0\0\0\0\x01\0\0\x0d\x02\0\0\0\x88\x01\0\0\x49\0\0\0\x5a\
\x0f\0\0\x01\0\0\x0c\x5b\0\0\0\0\0\0\0\x01\0\0\x0d\x02\0\0\0\x88\x01\0\0\x3f\0\
\0\0\xc8\x10\0\0\x01\0\0\x0c\x5d\0\0\0\0\0\0\0\x01\0\0\x0d\x02\0\0\0\x88\x01\0\
\0\x49\0\0\0\x9d\x11\0\0\x01\0\0\x0c\x5f\0\0\0\0\0\0\0\0\0\0\x03\0\0\0\0\x45\0\
\0\0\x04\0\0\0\x04\0\0\0\x63\x12\0\0\0\0\0\x0e\x61\0\0\0\x01\0\0\0\0\0\0\0\0\0\
\0\x03\0\0\0\0\x45\0\0\0\x04\0\0\0\x0b\0\0\0\0\0\0\0\0\0\0\x03\0\0\0\0\x45\0\0\
\0\x04\0\0\0\x0d\0\0\0\0\0\0\0\0\0\0\x03\0\0\0\0\x45\0\0\0\x04\0\0\0\x12\0\0\0\
\0\0\0\0\0\0\0\x03\0\0\0\0\x45\0\0\0\x04\0\0\0\x11\0\0\0\0\0\0\0\0\0\0\x03\0\0\
\0\0\x45\0\0\0\x04\0\0\0\x13\0\0\0\0\0\0\0\0\0\0\x03\0\0\0\0\x45\0\0\0\x04\0\0\
\0\x0c\0\0\0\x6b\x12\0\0\x04\0\0\x0f\0\0\0\0\x0e\0\0\0\0\0\0\0\x20\0\0\0\x12\0\
\0\0\0\0\0\0\x20\0\0\0\x18\0\0\0\0\0\0\0\x10\0\0\0\x1f\0\0\0\0\0\0\0\x20\0\0\0\
\x71\x12\0\0\x01\0\0\x0f\0\0\0\0\x62\0\0\0\0\0\0\0\x04\0\0\0\0\x69\x6e\x74\0\
\x5f\x5f\x41\x52\x52\x41\x59\x5f\x53\x49\x5a\x45\x5f\x54\x59\x50\x45\x5f\x5f\0\
\x5f\x5f\x75\x36\x34\0\x75\x6e\x73\x69\x67\x6e\x65\x64\x20\x6c\x6f\x6e\x67\x20\
\x6c\x6f\x6e\x67\0\x5f\x63\x6f\x6e\x6e\x65\x63\x74\x5f\x61\x72\x67\x73\0\x66\
\x64\0\x61\x64\x64\x72\0\x74\x79\x70\x65\0\x6d\x61\x78\x5f\x65\x6e\x74\x72\x69\
\x65\x73\0\x6b\x65\x79\0\x76\x61\x6c\x75\x65\0\x63\x6f\x6e\x6e\x65\x63\x74\x5f\
\x73\x63\x72\x61\x74\x63\x68\0\x5f\x61\x63\x63\x65\x70\x74\x5f\x61\x72\x67\x73\
\0\x61\x63\x63\x65\x70\x74\x5f\x73\x63\x72\x61\x74\x63\x68\0\x65\x76\x65\x6e\
\x74\x73\0\x5f\x5f\x75\x33\x32\0\x75\x6e\x73\x69\x67\x6e\x65\x64\x20\x69\x6e\
\x74\0\x6e\x72\x66\x5f\x63\x67\x72\x6f\x75\x70\x5f\x6d\x61\x70\0\x70\x74\x5f\
\x72\x65\x67\x73\0\x72\x31\x35\0\x72\x31\x34\0\x72\x31\x33\0\x72\x31\x32\0\x62\
\x70\0\x62\x78\0\x72\x31\x31\0\x72\x31\x30\0\x72\x39\0\x72\x38\0\x61\x78\0\x63\
\x78\0\x64\x78\0\x73\x69\0\x64\x69\0\x6f\x72\x69\x67\x5f\x61\x78\0\x69\x70\0\
\x66\x6c\x61\x67\x73\0\x73\x70\0\x75\x6e\x73\x69\x67\x6e\x65\x64\x20\x6c\x6f\
\x6e\x67\0\x63\x73\0\x63\x73\x78\0\x66\x72\x65\x64\x5f\x63\x73\0\x75\x31\x36\0\
\x5f\x5f\x75\x31\x36\0\x75\x6e\x73\x69\x67\x6e\x65\x64\x20\x73\x68\x6f\x72\x74\
\0\x75\x36\x34\0\x73\x6c\0\x77\x66\x65\0\x73\x73\0\x73\x73\x78\0\x66\x72\x65\
\x64\x5f\x73\x73\0\x73\x74\x69\0\x73\x77\x65\x76\x65\x6e\x74\0\x6e\x6d\x69\0\
\x76\x65\x63\x74\x6f\x72\0\x65\x6e\x63\x6c\x61\x76\x65\0\x6c\x6d\0\x6e\x65\x73\
\x74\x65\x64\0\x69\x6e\x73\x6e\x6c\x65\x6e\0\x63\x74\x78\0\x6e\x72\x66\x5f\x6e\
\x66\x5f\x72\x65\x67\x69\x73\x74\x65\x72\0\x75\x70\x72\x6f\x62\x65\x2f\x6e\x72\
\x66\x5f\x6e\x66\x5f\x72\x65\x67\x69\x73\x74\x65\x72\0\x2f\x68\x6f\x6d\x65\x2f\
\x74\x34\x37\x30\x2f\x44\x65\x73\x6b\x74\x6f\x70\x2f\x65\x62\x70\x66\x2d\x6e\
\x66\x74\x72\x61\x63\x65\x72\x2f\x6e\x72\x66\x2f\x6e\x72\x66\x5f\x74\x72\x61\
\x63\x65\x72\x2e\x62\x70\x66\x2e\x63\0\x69\x6e\x74\x20\x6e\x72\x66\x5f\x6e\x66\
\x5f\x72\x65\x67\x69\x73\x74\x65\x72\x28\x73\x74\x72\x75\x63\x74\x20\x70\x74\
\x5f\x72\x65\x67\x73\x20\x2a\x63\x74\x78\x29\0\x20\x20\x20\x20\x73\x74\x72\x75\
\x63\x74\x20\x65\x76\x65\x6e\x74\x20\x2a\x65\x20\x3d\x20\x62\x70\x66\x5f\x72\
\x69\x6e\x67\x62\x75\x66\x5f\x72\x65\x73\x65\x72\x76\x65\x28\x26\x65\x76\x65\
\x6e\x74\x73\x2c\x20\x73\x69\x7a\x65\x6f\x66\x28\x2a\x65\x29\x2c\x20\x30\x29\
\x3b\0\x20\x20\x20\x20\x69\x66\x20\x28\x21\x65\x29\0\x20\x20\x20\x20\x65\x2d\
\x3e\x74\x79\x70\x65\x20\x3d\x20\x74\x79\x70\x65\x3b\0\x20\x20\x20\x20\x65\x2d\
\x3e\x74\x73\x20\x20\x20\x3d\x20\x62\x70\x66\x5f\x6b\x74\x69\x6d\x65\x5f\x67\
\x65\x74\x5f\x6e\x73\x28\x29\x3b\0\x20\x20\x20\x20\x5f\x5f\x75\x36\x34\x20\x70\
\x74\x20\x3d\x20\x62\x70\x66\x5f\x67\x65\x74\x5f\x63\x75\x72\x72\x65\x6e\x74\
\x5f\x70\x69\x64\x5f\x74\x67\x69\x64\x28\x29\x3b\0\x20\x20\x20\x20\x65\x2d\x3e\
\x74\x69\x64\x20\x20\x3d\x20\x28\x5f\x5f\x75\x33\x32\x29\x70\x74\x3b\0\x20\x20\
\x20\x20\x65\x2d\x3e\x63\x69\x64\x20\x20\x3d\x20\x62\x70\x66\x5f\x67\x65\x74\
\x5f\x63\x75\x72\x72\x65\x6e\x74\x5f\x63\x67\x72\x6f\x75\x70\x5f\x69\x64\x28\
\x29\x3b\0\x20\x20\x20\x20\x5f\x5f\x62\x75\x69\x6c\x74\x69\x6e\x5f\x6d\x65\x6d\
\x63\x70\x79\x28\x65\x2d\x3e\x61\x70\x69\x2c\x20\x22\x4e\x46\x52\x65\x67\x69\
\x73\x74\x65\x72\x22\x2c\x20\x31\x30\x29\x3b\0\x20\x20\x20\x20\x5f\x5f\x62\x75\
\x69\x6c\x74\x69\x6e\x5f\x6d\x65\x6d\x63\x70\x79\x28\x65\x2d\x3e\x6e\x66\x2c\
\x20\x22\x4e\x52\x46\x22\x2c\x20\x34\x29\x3b\0\x20\x20\x20\x20\x62\x70\x66\x5f\
\x72\x69\x6e\x67\x62\x75\x66\x5f\x73\x75\x62\x6d\x69\x74\x28\x65\x2c\x20\x30\
\x29\x3b\0\x7d\0\x6e\x72\x66\x5f\x6e\x66\x5f\x64\x65\x72\x65\x67\x69\x73\x74\
\x65\x72\0\x75\x70\x72\x6f\x62\x65\x2f\x6e\x72\x66\x5f\x6e\x66\x5f\x64\x65\x72\
\x65\x67\x69\x73\x74\x65\x72\0\x69\x6e\x74\x20\x6e\x72\x66\x5f\x6e\x66\x5f\x64\
\x65\x72\x65\x67\x69\x73\x74\x65\x72\x28\x73\x74\x72\x75\x63\x74\x20\x70\x74\
\x5f\x72\x65\x67\x73\x20\x2a\x63\x74\x78\x29\0\x20\x20\x20\x20\x5f\x5f\x62\x75\
\x69\x6c\x74\x69\x6e\x5f\x6d\x65\x6d\x63\x70\x79\x28\x65\x2d\x3e\x61\x70\x69\
\x2c\x20\x22\x4e\x46\x44\x65\x72\x65\x67\x69\x73\x74\x65\x72\x22\x2c\x20\x31\
\x32\x29\x3b\0\x6e\x72\x66\x5f\x67\x65\x74\x5f\x6e\x66\x5f\x69\x6e\x73\x74\0\
\x75\x70\x72\x6f\x62\x65\x2f\x6e\x72\x66\x5f\x67\x65\x74\x5f\x6e\x66\x5f\x69\
\x6e\x73\x74\0\x69\x6e\x74\x20\x6e\x72\x66\x5f\x67\x65\x74\x5f\x6e\x66\x5f\x69\
\x6e\x73\x74\x28\x73\x74\x72\x75\x63\x74\x20\x70\x74\x5f\x72\x65\x67\x73\x20\
\x2a\x63\x74\x78\x29\0\x20\x20\x20\x20\x5f\x5f\x62\x75\x69\x6c\x74\x69\x6e\x5f\
\x6d\x65\x6d\x63\x70\x79\x28\x65\x2d\x3e\x61\x70\x69\x2c\x20\x22\x47\x65\x74\
\x4e\x46\x49\x6e\x73\x74\x61\x6e\x63\x65\x22\x2c\x20\x31\x33\x29\x3b\0\x6e\x72\
\x66\x5f\x67\x65\x74\x5f\x6e\x66\x5f\x69\x6e\x73\x74\x5f\x6c\x69\x73\x74\0\x75\
\x70\x72\x6f\x62\x65\x2f\x6e\x72\x66\x5f\x67\x65\x74\x5f\x6e\x66\x5f\x69\x6e\
\x73\x74\x5f\x6c\x69\x73\x74\0\x69\x6e\x74\x20\x6e\x72\x66\x5f\x67\x65\x74\x5f\
\x6e\x66\x5f\x69\x6e\x73\x74\x5f\x6c\x69\x73\x74\x28\x73\x74\x72\x75\x63\x74\
\x20\x70\x74\x5f\x72\x65\x67\x73\x20\x2a\x63\x74\x78\x29\0\x20\x20\x20\x20\x5f\
\x5f\x62\x75\x69\x6c\x74\x69\x6e\x5f\x6d\x65\x6d\x63\x70\x79\x28\x65\x2d\x3e\
\x61\x70\x69\x2c\x20\x22\x47\x65\x74\x4e\x46\x49\x6e\x73\x74\x61\x6e\x63\x65\
\x4c\x69\x73\x74\x22\x2c\x20\x31\x37\x29\x3b\0\x6e\x72\x66\x5f\x75\x70\x64\x61\
\x74\x65\x5f\x6e\x66\x5f\x69\x6e\x73\x74\0\x75\x70\x72\x6f\x62\x65\x2f\x6e\x72\
\x66\x5f\x75\x70\x64\x61\x74\x65\x5f\x6e\x66\x5f\x69\x6e\x73\x74\0\x69\x6e\x74\
\x20\x6e\x72\x66\x5f\x75\x70\x64\x61\x74\x65\x5f\x6e\x66\x5f\x69\x6e\x73\x74\
\x28\x73\x74\x72\x75\x63\x74\x20\x70\x74\x5f\x72\x65\x67\x73\x20\x2a\x63\x74\
\x78\x29\0\x20\x20\x20\x20\x5f\x5f\x62\x75\x69\x6c\x74\x69\x6e\x5f\x6d\x65\x6d\
\x63\x70\x79\x28\x65\x2d\x3e\x61\x70\x69\x2c\x20\x22\x55\x70\x64\x61\x74\x65\
\x4e\x46\x49\x6e\x73\x74\x61\x6e\x63\x65\x22\x2c\x20\x31\x36\x29\x3b\0\x6e\x72\
\x66\x5f\x63\x72\x65\x61\x74\x65\x5f\x73\x75\x62\0\x75\x70\x72\x6f\x62\x65\x2f\
\x6e\x72\x66\x5f\x63\x72\x65\x61\x74\x65\x5f\x73\x75\x62\0\x69\x6e\x74\x20\x6e\
\x72\x66\x5f\x63\x72\x65\x61\x74\x65\x5f\x73\x75\x62\x28\x73\x74\x72\x75\x63\
\x74\x20\x70\x74\x5f\x72\x65\x67\x73\x20\x2a\x63\x74\x78\x29\0\x20\x20\x20\x20\
\x5f\x5f\x62\x75\x69\x6c\x74\x69\x6e\x5f\x6d\x65\x6d\x63\x70\x79\x28\x65\x2d\
\x3e\x61\x70\x69\x2c\x20\x22\x43\x72\x65\x61\x74\x65\x53\x75\x62\x73\x63\x72\
\x69\x70\x74\x69\x6f\x6e\x22\x2c\x20\x31\x38\x29\x3b\0\x6e\x72\x66\x5f\x72\x65\
\x6d\x6f\x76\x65\x5f\x73\x75\x62\0\x75\x70\x72\x6f\x62\x65\x2f\x6e\x72\x66\x5f\
\x72\x65\x6d\x6f\x76\x65\x5f\x73\x75\x62\0\x69\x6e\x74\x20\x6e\x72\x66\x5f\x72\
\x65\x6d\x6f\x76\x65\x5f\x73\x75\x62\x28\x73\x74\x72\x75\x63\x74\x20\x70\x74\
\x5f\x72\x65\x67\x73\x20\x2a\x63\x74\x78\x29\0\x20\x20\x20\x20\x5f\x5f\x62\x75\
\x69\x6c\x74\x69\x6e\x5f\x6d\x65\x6d\x63\x70\x79\x28\x65\x2d\x3e\x61\x70\x69\
\x2c\x20\x22\x52\x65\x6d\x6f\x76\x65\x53\x75\x62\x73\x63\x72\x69\x70\x74\x69\
\x6f\x6e\x22\x2c\x20\x31\x38\x29\x3b\0\x6e\x72\x66\x5f\x75\x70\x64\x61\x74\x65\
\x5f\x73\x75\x62\0\x75\x70\x72\x6f\x62\x65\x2f\x6e\x72\x66\x5f\x75\x70\x64\x61\
\x74\x65\x5f\x73\x75\x62\0\x69\x6e\x74\x20\x6e\x72\x66\x5f\x75\x70\x64\x61\x74\
\x65\x5f\x73\x75\x62\x28\x73\x74\x72\x75\x63\x74\x20\x70\x74\x5f\x72\x65\x67\
\x73\x20\x2a\x63\x74\x78\x29\0\x20\x20\x20\x20\x5f\x5f\x62\x75\x69\x6c\x74\x69\
\x6e\x5f\x6d\x65\x6d\x63\x70\x79\x28\x65\x2d\x3e\x61\x70\x69\x2c\x20\x22\x55\
\x70\x64\x61\x74\x65\x53\x75\x62\x73\x63\x72\x69\x70\x74\x69\x6f\x6e\x22\x2c\
\x20\x31\x38\x29\x3b\0\x6e\x72\x66\x5f\x61\x63\x63\x65\x73\x73\x5f\x74\x6f\x6b\
\x65\x6e\0\x75\x70\x72\x6f\x62\x65\x2f\x6e\x72\x66\x5f\x61\x63\x63\x65\x73\x73\
\x5f\x74\x6f\x6b\x65\x6e\0\x69\x6e\x74\x20\x6e\x72\x66\x5f\x61\x63\x63\x65\x73\
\x73\x5f\x74\x6f\x6b\x65\x6e\x28\x73\x74\x72\x75\x63\x74\x20\x70\x74\x5f\x72\
\x65\x67\x73\x20\x2a\x63\x74\x78\x29\0\x20\x20\x20\x20\x5f\x5f\x62\x75\x69\x6c\
\x74\x69\x6e\x5f\x6d\x65\x6d\x63\x70\x79\x28\x65\x2d\x3e\x61\x70\x69\x2c\x20\
\x22\x41\x63\x63\x65\x73\x73\x54\x6f\x6b\x65\x6e\x22\x2c\x20\x31\x31\x29\x3b\0\
\x6e\x72\x66\x5f\x6e\x66\x5f\x64\x69\x73\x63\x6f\x76\x65\x72\x79\0\x75\x70\x72\
\x6f\x62\x65\x2f\x6e\x72\x66\x5f\x6e\x66\x5f\x64\x69\x73\x63\x6f\x76\x65\x72\
\x79\0\x69\x6e\x74\x20\x6e\x72\x66\x5f\x6e\x66\x5f\x64\x69\x73\x63\x6f\x76\x65\
\x72\x79\x28\x73\x74\x72\x75\x63\x74\x20\x70\x74\x5f\x72\x65\x67\x73\x20\x2a\
\x63\x74\x78\x29\0\x20\x20\x20\x20\x5f\x5f\x62\x75\x69\x6c\x74\x69\x6e\x5f\x6d\
\x65\x6d\x63\x70\x79\x28\x65\x2d\x3e\x61\x70\x69\x2c\x20\x22\x4e\x46\x44\x69\
\x73\x63\x6f\x76\x65\x72\x79\x22\x2c\x20\x31\x31\x29\x3b\0\x74\x72\x61\x63\x65\
\x5f\x65\x76\x65\x6e\x74\x5f\x72\x61\x77\x5f\x73\x79\x73\x5f\x65\x6e\x74\x65\
\x72\0\x65\x6e\x74\0\x69\x64\0\x61\x72\x67\x73\0\x5f\x5f\x64\x61\x74\x61\0\x74\
\x72\x61\x63\x65\x5f\x65\x6e\x74\x72\x79\0\x70\x72\x65\x65\x6d\x70\x74\x5f\x63\
\x6f\x75\x6e\x74\0\x70\x69\x64\0\x75\x6e\x73\x69\x67\x6e\x65\x64\x20\x63\x68\
\x61\x72\0\x6c\x6f\x6e\x67\0\x63\x68\x61\x72\0\x74\x72\x61\x63\x65\x5f\x63\x6f\
\x6e\x6e\x65\x63\x74\x5f\x65\x6e\x74\x65\x72\0\x74\x72\x61\x63\x65\x70\x6f\x69\
\x6e\x74\x2f\x73\x79\x73\x63\x61\x6c\x6c\x73\x2f\x73\x79\x73\x5f\x65\x6e\x74\
\x65\x72\x5f\x63\x6f\x6e\x6e\x65\x63\x74\0\x69\x6e\x74\x20\x74\x72\x61\x63\x65\
\x5f\x63\x6f\x6e\x6e\x65\x63\x74\x5f\x65\x6e\x74\x65\x72\x28\x73\x74\x72\x75\
\x63\x74\x20\x74\x72\x61\x63\x65\x5f\x65\x76\x65\x6e\x74\x5f\x72\x61\x77\x5f\
\x73\x79\x73\x5f\x65\x6e\x74\x65\x72\x20\x2a\x63\x74\x78\x29\0\x20\x20\x20\x20\
\x5f\x5f\x75\x33\x32\x20\x6b\x65\x79\x20\x3d\x20\x30\x3b\0\x20\x20\x20\x20\x5f\
\x5f\x75\x36\x34\x20\x2a\x73\x74\x6f\x72\x65\x64\x20\x3d\x20\x62\x70\x66\x5f\
\x6d\x61\x70\x5f\x6c\x6f\x6f\x6b\x75\x70\x5f\x65\x6c\x65\x6d\x28\x26\x6e\x72\
\x66\x5f\x63\x67\x72\x6f\x75\x70\x5f\x6d\x61\x70\x2c\x20\x26\x6b\x65\x79\x29\
\x3b\0\x20\x20\x20\x20\x69\x66\x20\x28\x21\x73\x74\x6f\x72\x65\x64\x20\x7c\x7c\
\x20\x2a\x73\x74\x6f\x72\x65\x64\x20\x3d\x3d\x20\x30\x29\0\x20\x20\x20\x20\x72\
\x65\x74\x75\x72\x6e\x20\x62\x70\x66\x5f\x67\x65\x74\x5f\x63\x75\x72\x72\x65\
\x6e\x74\x5f\x63\x67\x72\x6f\x75\x70\x5f\x69\x64\x28\x29\x20\x3d\x3d\x20\x2a\
\x73\x74\x6f\x72\x65\x64\x3b\0\x20\x20\x20\x20\x69\x66\x20\x28\x21\x69\x73\x5f\
\x6e\x72\x66\x5f\x63\x67\x72\x6f\x75\x70\x28\x29\x29\x20\x72\x65\x74\x75\x72\
\x6e\x20\x30\x3b\0\x20\x20\x20\x20\x5f\x5f\x75\x36\x34\x20\x74\x69\x64\x20\x3d\
\x20\x28\x5f\x5f\x75\x33\x32\x29\x62\x70\x66\x5f\x67\x65\x74\x5f\x63\x75\x72\
\x72\x65\x6e\x74\x5f\x70\x69\x64\x5f\x74\x67\x69\x64\x28\x29\x3b\0\x30\x3a\x32\
\x3a\x30\0\x20\x20\x20\x20\x20\x20\x20\x20\x2e\x66\x64\x20\x20\x20\x3d\x20\x28\
\x69\x6e\x74\x29\x63\x74\x78\x2d\x3e\x61\x72\x67\x73\x5b\x30\x5d\x2c\0\x20\x20\
\x20\x20\x73\x74\x72\x75\x63\x74\x20\x5f\x63\x6f\x6e\x6e\x65\x63\x74\x5f\x61\
\x72\x67\x73\x20\x61\x72\x67\x73\x20\x3d\x20\x7b\0\x30\x3a\x32\x3a\x31\0\x20\
\x20\x20\x20\x20\x20\x20\x20\x2e\x61\x64\x64\x72\x20\x3d\x20\x28\x73\x74\x72\
\x75\x63\x74\x20\x73\x6f\x63\x6b\x61\x64\x64\x72\x20\x2a\x29\x63\x74\x78\x2d\
\x3e\x61\x72\x67\x73\x5b\x31\x5d\x2c\0\x20\x20\x20\x20\x62\x70\x66\x5f\x6d\x61\
\x70\x5f\x75\x70\x64\x61\x74\x65\x5f\x65\x6c\x65\x6d\x28\x26\x63\x6f\x6e\x6e\
\x65\x63\x74\x5f\x73\x63\x72\x61\x74\x63\x68\x2c\x20\x26\x74\x69\x64\x2c\x20\
\x26\x61\x72\x67\x73\x2c\x20\x42\x50\x46\x5f\x41\x4e\x59\x29\x3b\0\x74\x72\x61\
\x63\x65\x5f\x65\x76\x65\x6e\x74\x5f\x72\x61\x77\x5f\x73\x79\x73\x5f\x65\x78\
\x69\x74\0\x72\x65\x74\0\x74\x72\x61\x63\x65\x5f\x63\x6f\x6e\x6e\x65\x63\x74\
\x5f\x65\x78\x69\x74\0\x74\x72\x61\x63\x65\x70\x6f\x69\x6e\x74\x2f\x73\x79\x73\
\x63\x61\x6c\x6c\x73\x2f\x73\x79\x73\x5f\x65\x78\x69\x74\x5f\x63\x6f\x6e\x6e\
\x65\x63\x74\0\x69\x6e\x74\x20\x74\x72\x61\x63\x65\x5f\x63\x6f\x6e\x6e\x65\x63\
\x74\x5f\x65\x78\x69\x74\x28\x73\x74\x72\x75\x63\x74\x20\x74\x72\x61\x63\x65\
\x5f\x65\x76\x65\x6e\x74\x5f\x72\x61\x77\x5f\x73\x79\x73\x5f\x65\x78\x69\x74\
\x20\x2a\x63\x74\x78\x29\0\x20\x20\x20\x20\x73\x74\x72\x75\x63\x74\x20\x5f\x63\
\x6f\x6e\x6e\x65\x63\x74\x5f\x61\x72\x67\x73\x20\x2a\x61\x20\x3d\x20\x62\x70\
\x66\x5f\x6d\x61\x70\x5f\x6c\x6f\x6f\x6b\x75\x70\x5f\x65\x6c\x65\x6d\x28\x26\
\x63\x6f\x6e\x6e\x65\x63\x74\x5f\x73\x63\x72\x61\x74\x63\x68\x2c\x20\x26\x74\
\x69\x64\x29\x3b\0\x20\x20\x20\x20\x69\x66\x20\x28\x21\x61\x29\x20\x72\x65\x74\
\x75\x72\x6e\x20\x30\x3b\0\x20\x20\x20\x20\x62\x70\x66\x5f\x6d\x61\x70\x5f\x64\
\x65\x6c\x65\x74\x65\x5f\x65\x6c\x65\x6d\x28\x26\x63\x6f\x6e\x6e\x65\x63\x74\
\x5f\x73\x63\x72\x61\x74\x63\x68\x2c\x20\x26\x74\x69\x64\x29\x3b\0\x30\x3a\x32\
\0\x20\x20\x20\x20\x69\x66\x20\x28\x63\x74\x78\x2d\x3e\x72\x65\x74\x20\x21\x3d\
\x20\x30\x20\x26\x26\x20\x63\x74\x78\x2d\x3e\x72\x65\x74\x20\x21\x3d\x20\x2d\
\x31\x31\x35\x29\x20\x72\x65\x74\x75\x72\x6e\x20\x30\x3b\0\x20\x20\x20\x20\x5f\
\x5f\x62\x75\x69\x6c\x74\x69\x6e\x5f\x6d\x65\x6d\x73\x65\x74\x28\x65\x2c\x20\
\x30\x2c\x20\x73\x69\x7a\x65\x6f\x66\x28\x2a\x65\x29\x29\x3b\0\x20\x20\x20\x20\
\x72\x65\x61\x64\x5f\x73\x6f\x63\x6b\x61\x64\x64\x72\x5f\x69\x6e\x28\x65\x2c\
\x20\x61\x2d\x3e\x61\x64\x64\x72\x29\x3b\0\x20\x20\x20\x20\x5f\x5f\x75\x31\x36\
\x20\x66\x61\x6d\x69\x6c\x79\x20\x3d\x20\x30\x3b\0\x73\x6f\x63\x6b\x61\x64\x64\
\x72\0\x73\x61\x5f\x66\x61\x6d\x69\x6c\x79\0\x73\x61\x5f\x66\x61\x6d\x69\x6c\
\x79\x5f\x74\0\x5f\x5f\x6b\x65\x72\x6e\x65\x6c\x5f\x73\x61\x5f\x66\x61\x6d\x69\
\x6c\x79\x5f\x74\0\x73\x61\x5f\x64\x61\x74\x61\x5f\x6d\x69\x6e\0\x5f\x5f\x65\
\x6d\x70\x74\x79\x5f\x73\x61\x5f\x64\x61\x74\x61\0\x73\x61\x5f\x64\x61\x74\x61\
\0\x30\x3a\x30\0\x20\x20\x20\x20\x62\x70\x66\x5f\x70\x72\x6f\x62\x65\x5f\x72\
\x65\x61\x64\x5f\x75\x73\x65\x72\x28\x26\x66\x61\x6d\x69\x6c\x79\x2c\x20\x73\
\x69\x7a\x65\x6f\x66\x28\x66\x61\x6d\x69\x6c\x79\x29\x2c\x20\x26\x73\x61\x2d\
\x3e\x73\x61\x5f\x66\x61\x6d\x69\x6c\x79\x29\x3b\0\x20\x20\x20\x20\x69\x66\x20\
\x28\x66\x61\x6d\x69\x6c\x79\x20\x21\x3d\x20\x32\x20\x2f\x2a\x20\x41\x46\x5f\
\x49\x4e\x45\x54\x20\x2a\x2f\x29\0\x20\x20\x20\x20\x65\x2d\x3e\x61\x66\x20\x3d\
\x20\x32\x3b\0\x20\x20\x20\x20\x73\x74\x72\x75\x63\x74\x20\x73\x6f\x63\x6b\x61\
\x64\x64\x72\x5f\x69\x6e\x20\x73\x69\x6e\x20\x3d\x20\x7b\x7d\x3b\0\x20\x20\x20\
\x20\x62\x70\x66\x5f\x70\x72\x6f\x62\x65\x5f\x72\x65\x61\x64\x5f\x75\x73\x65\
\x72\x28\x26\x73\x69\x6e\x2c\x20\x73\x69\x7a\x65\x6f\x66\x28\x73\x69\x6e\x29\
\x2c\x20\x73\x61\x29\x3b\0\x73\x6f\x63\x6b\x61\x64\x64\x72\x5f\x69\x6e\0\x73\
\x69\x6e\x5f\x66\x61\x6d\x69\x6c\x79\0\x73\x69\x6e\x5f\x70\x6f\x72\x74\0\x73\
\x69\x6e\x5f\x61\x64\x64\x72\0\x5f\x5f\x70\x61\x64\0\x5f\x5f\x62\x65\x31\x36\0\
\x69\x6e\x5f\x61\x64\x64\x72\0\x73\x5f\x61\x64\x64\x72\0\x5f\x5f\x62\x65\x33\
\x32\0\x20\x20\x20\x20\x65\x2d\x3e\x64\x65\x73\x74\x5f\x69\x70\x20\x20\x20\x3d\
\x20\x73\x69\x6e\x2e\x73\x69\x6e\x5f\x61\x64\x64\x72\x2e\x73\x5f\x61\x64\x64\
\x72\x3b\0\x30\x3a\x31\0\x20\x20\x20\x20\x65\x2d\x3e\x64\x65\x73\x74\x5f\x70\
\x6f\x72\x74\x20\x3d\x20\x5f\x5f\x62\x75\x69\x6c\x74\x69\x6e\x5f\x62\x73\x77\
\x61\x70\x31\x36\x28\x73\x69\x6e\x2e\x73\x69\x6e\x5f\x70\x6f\x72\x74\x29\x3b\0\
\x20\x20\x20\x20\x65\x2d\x3e\x72\x65\x74\x20\x3d\x20\x63\x74\x78\x2d\x3e\x72\
\x65\x74\x3b\0\x74\x72\x61\x63\x65\x5f\x61\x63\x63\x65\x70\x74\x5f\x65\x6e\x74\
\x65\x72\0\x74\x72\x61\x63\x65\x70\x6f\x69\x6e\x74\x2f\x73\x79\x73\x63\x61\x6c\
\x6c\x73\x2f\x73\x79\x73\x5f\x65\x6e\x74\x65\x72\x5f\x61\x63\x63\x65\x70\x74\
\x34\0\x69\x6e\x74\x20\x74\x72\x61\x63\x65\x5f\x61\x63\x63\x65\x70\x74\x5f\x65\
\x6e\x74\x65\x72\x28\x73\x74\x72\x75\x63\x74\x20\x74\x72\x61\x63\x65\x5f\x65\
\x76\x65\x6e\x74\x5f\x72\x61\x77\x5f\x73\x79\x73\x5f\x65\x6e\x74\x65\x72\x20\
\x2a\x63\x74\x78\x29\0\x20\x20\x20\x20\x73\x74\x72\x75\x63\x74\x20\x5f\x61\x63\
\x63\x65\x70\x74\x5f\x61\x72\x67\x73\x20\x61\x72\x67\x73\x20\x3d\x20\x7b\0\x20\
\x20\x20\x20\x62\x70\x66\x5f\x6d\x61\x70\x5f\x75\x70\x64\x61\x74\x65\x5f\x65\
\x6c\x65\x6d\x28\x26\x61\x63\x63\x65\x70\x74\x5f\x73\x63\x72\x61\x74\x63\x68\
\x2c\x20\x26\x74\x69\x64\x2c\x20\x26\x61\x72\x67\x73\x2c\x20\x42\x50\x46\x5f\
\x41\x4e\x59\x29\x3b\0\x74\x72\x61\x63\x65\x5f\x61\x63\x63\x65\x70\x74\x5f\x65\
\x78\x69\x74\0\x74\x72\x61\x63\x65\x70\x6f\x69\x6e\x74\x2f\x73\x79\x73\x63\x61\
\x6c\x6c\x73\x2f\x73\x79\x73\x5f\x65\x78\x69\x74\x5f\x61\x63\x63\x65\x70\x74\
\x34\0\x69\x6e\x74\x20\x74\x72\x61\x63\x65\x5f\x61\x63\x63\x65\x70\x74\x5f\x65\
\x78\x69\x74\x28\x73\x74\x72\x75\x63\x74\x20\x74\x72\x61\x63\x65\x5f\x65\x76\
\x65\x6e\x74\x5f\x72\x61\x77\x5f\x73\x79\x73\x5f\x65\x78\x69\x74\x20\x2a\x63\
\x74\x78\x29\0\x20\x20\x20\x20\x73\x74\x72\x75\x63\x74\x20\x5f\x61\x63\x63\x65\
\x70\x74\x5f\x61\x72\x67\x73\x20\x2a\x61\x20\x3d\x20\x62\x70\x66\x5f\x6d\x61\
\x70\x5f\x6c\x6f\x6f\x6b\x75\x70\x5f\x65\x6c\x65\x6d\x28\x26\x61\x63\x63\x65\
\x70\x74\x5f\x73\x63\x72\x61\x74\x63\x68\x2c\x20\x26\x74\x69\x64\x29\x3b\0\x20\
\x20\x20\x20\x62\x70\x66\x5f\x6d\x61\x70\x5f\x64\x65\x6c\x65\x74\x65\x5f\x65\
\x6c\x65\x6d\x28\x26\x61\x63\x63\x65\x70\x74\x5f\x73\x63\x72\x61\x74\x63\x68\
\x2c\x20\x26\x74\x69\x64\x29\x3b\0\x20\x20\x20\x20\x69\x66\x20\x28\x63\x74\x78\
\x2d\x3e\x72\x65\x74\x20\x3c\x20\x30\x29\x20\x72\x65\x74\x75\x72\x6e\x20\x30\
\x3b\x20\x20\x20\x2f\x2a\x20\x66\x61\x69\x6c\x65\x64\x20\x61\x63\x63\x65\x70\
\x74\x20\x2a\x2f\0\x20\x20\x20\x20\x69\x66\x20\x28\x61\x2d\x3e\x61\x64\x64\x72\
\x29\0\x20\x20\x20\x20\x65\x2d\x3e\x72\x65\x74\x20\x3d\x20\x63\x74\x78\x2d\x3e\
\x72\x65\x74\x3b\x20\x20\x20\x20\x20\x20\x20\x20\x20\x20\x20\x20\x20\x20\x20\
\x20\x20\x2f\x2a\x20\x6e\x65\x77\x20\x73\x6f\x63\x6b\x65\x74\x20\x66\x64\x20\
\x2a\x2f\0\x74\x72\x61\x63\x65\x5f\x77\x72\x69\x74\x65\x5f\x65\x6e\x74\x65\x72\
\0\x74\x72\x61\x63\x65\x70\x6f\x69\x6e\x74\x2f\x73\x79\x73\x63\x61\x6c\x6c\x73\
\x2f\x73\x79\x73\x5f\x65\x6e\x74\x65\x72\x5f\x77\x72\x69\x74\x65\0\x69\x6e\x74\
\x20\x74\x72\x61\x63\x65\x5f\x77\x72\x69\x74\x65\x5f\x65\x6e\x74\x65\x72\x28\
\x73\x74\x72\x75\x63\x74\x20\x74\x72\x61\x63\x65\x5f\x65\x76\x65\x6e\x74\x5f\
\x72\x61\x77\x5f\x73\x79\x73\x5f\x65\x6e\x74\x65\x72\x20\x2a\x63\x74\x78\x29\0\
\x30\x3a\x32\x3a\x32\0\x20\x20\x20\x20\x5f\x5f\x75\x36\x34\x20\x63\x6f\x75\x6e\
\x74\x20\x3d\x20\x28\x73\x69\x7a\x65\x5f\x74\x29\x63\x74\x78\x2d\x3e\x61\x72\
\x67\x73\x5b\x32\x5d\x3b\0\x20\x20\x20\x20\x69\x66\x20\x28\x63\x6f\x75\x6e\x74\
\x20\x3d\x3d\x20\x30\x29\x20\x72\x65\x74\x75\x72\x6e\x20\x30\x3b\0\x20\x20\x20\
\x20\x65\x2d\x3e\x62\x79\x74\x65\x73\x20\x3d\x20\x63\x6f\x75\x6e\x74\x3b\0\x74\
\x72\x61\x63\x65\x5f\x72\x65\x61\x64\x5f\x65\x78\x69\x74\0\x74\x72\x61\x63\x65\
\x70\x6f\x69\x6e\x74\x2f\x73\x79\x73\x63\x61\x6c\x6c\x73\x2f\x73\x79\x73\x5f\
\x65\x78\x69\x74\x5f\x72\x65\x61\x64\0\x69\x6e\x74\x20\x74\x72\x61\x63\x65\x5f\
\x72\x65\x61\x64\x5f\x65\x78\x69\x74\x28\x73\x74\x72\x75\x63\x74\x20\x74\x72\
\x61\x63\x65\x5f\x65\x76\x65\x6e\x74\x5f\x72\x61\x77\x5f\x73\x79\x73\x5f\x65\
\x78\x69\x74\x20\x2a\x63\x74\x78\x29\0\x20\x20\x20\x20\x69\x66\x20\x28\x63\x74\
\x78\x2d\x3e\x72\x65\x74\x20\x3c\x3d\x20\x30\x29\x20\x72\x65\x74\x75\x72\x6e\
\x20\x30\x3b\0\x20\x20\x20\x20\x65\x2d\x3e\x62\x79\x74\x65\x73\x20\x3d\x20\x28\
\x5f\x5f\x75\x36\x34\x29\x63\x74\x78\x2d\x3e\x72\x65\x74\x3b\0\x20\x20\x20\x20\
\x65\x2d\x3e\x72\x65\x74\x20\x20\x20\x3d\x20\x63\x74\x78\x2d\x3e\x72\x65\x74\
\x3b\0\x4c\x49\x43\x45\x4e\x53\x45\0\x2e\x6d\x61\x70\x73\0\x6c\x69\x63\x65\x6e\
\x73\x65\0\0\0\0\x9f\xeb\x01\0\x20\0\0\0\0\0\0\0\x04\x01\0\0\x04\x01\0\0\xe4\
\x15\0\0\xe8\x16\0\0\x64\x01\0\0\x08\0\0\0\x9c\x01\0\0\x01\0\0\0\0\0\0\0\x2c\0\
\0\0\x8f\x03\0\0\x01\0\0\0\0\0\0\0\x2e\0\0\0\x15\x04\0\0\x01\0\0\0\0\0\0\0\x30\
\0\0\0\x9d\x04\0\0\x01\0\0\0\0\0\0\0\x32\0\0\0\x31\x05\0\0\x01\0\0\0\0\0\0\0\
\x34\0\0\0\xbc\x05\0\0\x01\0\0\0\0\0\0\0\x36\0\0\0\x41\x06\0\0\x01\0\0\0\0\0\0\
\0\x38\0\0\0\xc6\x06\0\0\x01\0\0\0\0\0\0\0\x3a\0\0\0\x4d\x07\0\0\x01\0\0\0\0\0\
\0\0\x3c\0\0\0\xd1\x07\0\0\x01\0\0\0\0\0\0\0\x3e\0\0\0\xbb\x08\0\0\x01\0\0\0\0\
\0\0\0\x48\0\0\0\x11\x0b\0\0\x01\0\0\0\0\0\0\0\x4c\0\0\0\x95\x0e\0\0\x01\0\0\0\
\0\0\0\0\x5a\0\0\0\x6c\x0f\0\0\x01\0\0\0\0\0\0\0\x5c\0\0\0\xda\x10\0\0\x01\0\0\
\0\0\0\0\0\x5e\0\0\0\xad\x11\0\0\x01\0\0\0\0\0\0\0\x60\0\0\0\x10\0\0\0\x9c\x01\
\0\0\x0e\0\0\0\0\0\0\0\xb3\x01\0\0\xe9\x01\0\0\0\xb8\x01\0\x08\0\0\0\xb3\x01\0\
\0\x12\x02\0\0\x17\x20\x01\0\x30\0\0\0\xb3\x01\0\0\x55\x02\0\0\x09\x24\x01\0\
\x38\0\0\0\xb3\x01\0\0\x61\x02\0\0\x0d\x30\x01\0\xc8\x02\0\0\xb3\x01\0\0\x75\
\x02\0\0\x0f\x34\x01\0\xd0\x02\0\0\xb3\x01\0\0\x75\x02\0\0\x0d\x34\x01\0\xd8\
\x02\0\0\xb3\x01\0\0\x97\x02\0\0\x10\x38\x01\0\xe0\x02\0\0\xb3\x01\0\0\xc2\x02\
\0\0\x0d\x40\x01\0\x08\x03\0\0\xb3\x01\0\0\xdb\x02\0\0\x0f\x44\x01\0\x18\x03\0\
\0\xb3\x01\0\0\x06\x03\0\0\x05\xc8\x01\0\xb0\x03\0\0\xb3\x01\0\0\x36\x03\0\0\
\x05\x48\x01\0\xb8\x03\0\0\xb3\x01\0\0\xdb\x02\0\0\x0d\x44\x01\0\xc0\x03\0\0\
\xb3\x01\0\0\x5d\x03\0\0\x05\xcc\x01\0\xd8\x03\0\0\xb3\x01\0\0\x7b\x03\0\0\x01\
\xd4\x01\0\x8f\x03\0\0\x0e\0\0\0\0\0\0\0\xb3\x01\0\0\xa8\x03\0\0\0\xe0\x01\0\
\x08\0\0\0\xb3\x01\0\0\x12\x02\0\0\x17\x20\x01\0\x30\0\0\0\xb3\x01\0\0\x55\x02\
\0\0\x09\x24\x01\0\x38\0\0\0\xb3\x01\0\0\x61\x02\0\0\x0d\x30\x01\0\xc8\x02\0\0\
\xb3\x01\0\0\x75\x02\0\0\x0f\x34\x01\0\xd0\x02\0\0\xb3\x01\0\0\x75\x02\0\0\x0d\
\x34\x01\0\xd8\x02\0\0\xb3\x01\0\0\x97\x02\0\0\x10\x38\x01\0\xe0\x02\0\0\xb3\
\x01\0\0\xc2\x02\0\0\x0d\x40\x01\0\x08\x03\0\0\xb3\x01\0\0\xdb\x02\0\0\x0f\x44\
\x01\0\x18\x03\0\0\xb3\x01\0\0\xd3\x03\0\0\x05\xf0\x01\0\xc0\x03\0\0\xb3\x01\0\
\0\x36\x03\0\0\x05\x48\x01\0\xc8\x03\0\0\xb3\x01\0\0\xdb\x02\0\0\x0d\x44\x01\0\
\xd0\x03\0\0\xb3\x01\0\0\x5d\x03\0\0\x05\xf4\x01\0\xe8\x03\0\0\xb3\x01\0\0\x7b\
\x03\0\0\x01\xfc\x01\0\x15\x04\0\0\x0f\0\0\0\0\0\0\0\xb3\x01\0\0\x2c\x04\0\0\0\
\x08\x02\0\x08\0\0\0\xb3\x01\0\0\x12\x02\0\0\x17\x20\x01\0\x30\0\0\0\xb3\x01\0\
\0\x55\x02\0\0\x09\x24\x01\0\x38\0\0\0\xb3\x01\0\0\x61\x02\0\0\x0d\x30\x01\0\
\xc8\x02\0\0\xb3\x01\0\0\x75\x02\0\0\x0f\x34\x01\0\xd0\x02\0\0\xb3\x01\0\0\x75\
\x02\0\0\x0d\x34\x01\0\xd8\x02\0\0\xb3\x01\0\0\x97\x02\0\0\x10\x38\x01\0\xe0\
\x02\0\0\xb3\x01\0\0\xc2\x02\0\0\x0d\x40\x01\0\x08\x03\0\0\xb3\x01\0\0\xdb\x02\
\0\0\x0f\x44\x01\0\x18\x03\0\0\xb3\x01\0\0\x55\x04\0\0\x05\x18\x02\0\xb8\x03\0\
\0\xb3\x01\0\0\x36\x03\0\0\x05\x48\x01\0\xc0\x03\0\0\xb3\x01\0\0\xdb\x02\0\0\
\x0d\x44\x01\0\xd0\x03\0\0\xb3\x01\0\0\x55\x04\0\0\x05\x18\x02\0\xe0\x03\0\0\
\xb3\x01\0\0\x5d\x03\0\0\x05\x1c\x02\0\xf8\x03\0\0\xb3\x01\0\0\x7b\x03\0\0\x01\
\x24\x02\0\x9d\x04\0\0\x0f\0\0\0\0\0\0\0\xb3\x01\0\0\xb9\x04\0\0\0\x30\x02\0\
\x08\0\0\0\xb3\x01\0\0\x12\x02\0\0\x17\x20\x01\0\x30\0\0\0\xb3\x01\0\0\x55\x02\
\0\0\x09\x24\x01\0\x38\0\0\0\xb3\x01\0\0\x61\x02\0\0\x0d\x30\x01\0\xc8\x02\0\0\
\xb3\x01\0\0\x75\x02\0\0\x0f\x34\x01\0\xd0\x02\0\0\xb3\x01\0\0\x75\x02\0\0\x0d\
\x34\x01\0\xd8\x02\0\0\xb3\x01\0\0\x97\x02\0\0\x10\x38\x01\0\xe0\x02\0\0\xb3\
\x01\0\0\xc2\x02\0\0\x0d\x40\x01\0\x08\x03\0\0\xb3\x01\0\0\xdb\x02\0\0\x0f\x44\
\x01\0\x18\x03\0\0\xb3\x01\0\0\xe7\x04\0\0\x05\x40\x02\0\xe0\x03\0\0\xb3\x01\0\
\0\x36\x03\0\0\x05\x48\x01\0\xe8\x03\0\0\xb3\x01\0\0\xdb\x02\0\0\x0d\x44\x01\0\
\xf8\x03\0\0\xb3\x01\0\0\xe7\x04\0\0\x05\x40\x02\0\x10\x04\0\0\xb3\x01\0\0\x5d\
\x03\0\0\x05\x44\x02\0\x28\x04\0\0\xb3\x01\0\0\x7b\x03\0\0\x01\x4c\x02\0\x31\
\x05\0\0\x0e\0\0\0\0\0\0\0\xb3\x01\0\0\x4b\x05\0\0\0\x58\x02\0\x08\0\0\0\xb3\
\x01\0\0\x12\x02\0\0\x17\x20\x01\0\x30\0\0\0\xb3\x01\0\0\x55\x02\0\0\x09\x24\
\x01\0\x38\0\0\0\xb3\x01\0\0\x61\x02\0\0\x0d\x30\x01\0\xc8\x02\0\0\xb3\x01\0\0\
\x75\x02\0\0\x0f\x34\x01\0\xd0\x02\0\0\xb3\x01\0\0\x75\x02\0\0\x0d\x34\x01\0\
\xd8\x02\0\0\xb3\x01\0\0\x97\x02\0\0\x10\x38\x01\0\xe0\x02\0\0\xb3\x01\0\0\xc2\
\x02\0\0\x0d\x40\x01\0\x08\x03\0\0\xb3\x01\0\0\xdb\x02\0\0\x0f\x44\x01\0\x18\
\x03\0\0\xb3\x01\0\0\x77\x05\0\0\x05\x68\x02\0\xf8\x03\0\0\xb3\x01\0\0\x36\x03\
\0\0\x05\x48\x01\0\0\x04\0\0\xb3\x01\0\0\xdb\x02\0\0\x0d\x44\x01\0\x08\x04\0\0\
\xb3\x01\0\0\x5d\x03\0\0\x05\x6c\x02\0\x20\x04\0\0\xb3\x01\0\0\x7b\x03\0\0\x01\
\x74\x02\0\xbc\x05\0\0\x0e\0\0\0\0\0\0\0\xb3\x01\0\0\xd2\x05\0\0\0\x80\x02\0\
\x08\0\0\0\xb3\x01\0\0\x12\x02\0\0\x17\x20\x01\0\x30\0\0\0\xb3\x01\0\0\x55\x02\
\0\0\x09\x24\x01\0\x38\0\0\0\xb3\x01\0\0\x61\x02\0\0\x0d\x30\x01\0\xc8\x02\0\0\
\xb3\x01\0\0\x75\x02\0\0\x0f\x34\x01\0\xd0\x02\0\0\xb3\x01\0\0\x75\x02\0\0\x0d\
\x34\x01\0\xd8\x02\0\0\xb3\x01\0\0\x97\x02\0\0\x10\x38\x01\0\xe0\x02\0\0\xb3\
\x01\0\0\xc2\x02\0\0\x0d\x40\x01\0\x08\x03\0\0\xb3\x01\0\0\xdb\x02\0\0\x0f\x44\
\x01\0\x18\x03\0\0\xb3\x01\0\0\xfa\x05\0\0\x05\x90\x02\0\x18\x04\0\0\xb3\x01\0\
\0\x36\x03\0\0\x05\x48\x01\0\x20\x04\0\0\xb3\x01\0\0\xdb\x02\0\0\x0d\x44\x01\0\
\x28\x04\0\0\xb3\x01\0\0\x5d\x03\0\0\x05\x94\x02\0\x40\x04\0\0\xb3\x01\0\0\x7b\
\x03\0\0\x01\x9c\x02\0\x41\x06\0\0\x0e\0\0\0\0\0\0\0\xb3\x01\0\0\x57\x06\0\0\0\
\xa8\x02\0\x08\0\0\0\xb3\x01\0\0\x12\x02\0\0\x17\x20\x01\0\x30\0\0\0\xb3\x01\0\
\0\x55\x02\0\0\x09\x24\x01\0\x38\0\0\0\xb3\x01\0\0\x61\x02\0\0\x0d\x30\x01\0\
\xc8\x02\0\0\xb3\x01\0\0\x75\x02\0\0\x0f\x34\x01\0\xd0\x02\0\0\xb3\x01\0\0\x75\
\x02\0\0\x0d\x34\x01\0\xd8\x02\0\0\xb3\x01\0\0\x97\x02\0\0\x10\x38\x01\0\xe0\
\x02\0\0\xb3\x01\0\0\xc2\x02\0\0\x0d\x40\x01\0\x08\x03\0\0\xb3\x01\0\0\xdb\x02\
\0\0\x0f\x44\x01\0\x18\x03\0\0\xb3\x01\0\0\x7f\x06\0\0\x05\xb8\x02\0\x20\x04\0\
\0\xb3\x01\0\0\x36\x03\0\0\x05\x48\x01\0\x28\x04\0\0\xb3\x01\0\0\xdb\x02\0\0\
\x0d\x44\x01\0\x30\x04\0\0\xb3\x01\0\0\x5d\x03\0\0\x05\xbc\x02\0\x48\x04\0\0\
\xb3\x01\0\0\x7b\x03\0\0\x01\xc4\x02\0\xc6\x06\0\0\x0e\0\0\0\0\0\0\0\xb3\x01\0\
\0\xdc\x06\0\0\0\xd0\x02\0\x08\0\0\0\xb3\x01\0\0\x12\x02\0\0\x17\x20\x01\0\x30\
\0\0\0\xb3\x01\0\0\x55\x02\0\0\x09\x24\x01\0\x38\0\0\0\xb3\x01\0\0\x61\x02\0\0\
\x0d\x30\x01\0\xc8\x02\0\0\xb3\x01\0\0\x75\x02\0\0\x0f\x34\x01\0\xd0\x02\0\0\
\xb3\x01\0\0\x75\x02\0\0\x0d\x34\x01\0\xd8\x02\0\0\xb3\x01\0\0\x97\x02\0\0\x10\
\x38\x01\0\xe0\x02\0\0\xb3\x01\0\0\xc2\x02\0\0\x0d\x40\x01\0\x08\x03\0\0\xb3\
\x01\0\0\xdb\x02\0\0\x0f\x44\x01\0\x18\x03\0\0\xb3\x01\0\0\x04\x07\0\0\x05\xe0\
\x02\0\x20\x04\0\0\xb3\x01\0\0\x36\x03\0\0\x05\x48\x01\0\x28\x04\0\0\xb3\x01\0\
\0\xdb\x02\0\0\x0d\x44\x01\0\x30\x04\0\0\xb3\x01\0\0\x5d\x03\0\0\x05\xe4\x02\0\
\x48\x04\0\0\xb3\x01\0\0\x7b\x03\0\0\x01\xec\x02\0\x4d\x07\0\0\x0f\0\0\0\0\0\0\
\0\xb3\x01\0\0\x65\x07\0\0\0\0\x03\0\x08\0\0\0\xb3\x01\0\0\x12\x02\0\0\x17\x20\
\x01\0\x30\0\0\0\xb3\x01\0\0\x55\x02\0\0\x09\x24\x01\0\x38\0\0\0\xb3\x01\0\0\
\x61\x02\0\0\x0d\x30\x01\0\xc8\x02\0\0\xb3\x01\0\0\x75\x02\0\0\x0f\x34\x01\0\
\xd0\x02\0\0\xb3\x01\0\0\x75\x02\0\0\x0d\x34\x01\0\xd8\x02\0\0\xb3\x01\0\0\x97\
\x02\0\0\x10\x38\x01\0\xe0\x02\0\0\xb3\x01\0\0\xc2\x02\0\0\x0d\x40\x01\0\x08\
\x03\0\0\xb3\x01\0\0\xdb\x02\0\0\x0f\x44\x01\0\x18\x03\0\0\xb3\x01\0\0\x8f\x07\
\0\0\x05\x10\x03\0\xa0\x03\0\0\xb3\x01\0\0\x36\x03\0\0\x05\x48\x01\0\xa8\x03\0\
\0\xb3\x01\0\0\xdb\x02\0\0\x0d\x44\x01\0\xb8\x03\0\0\xb3\x01\0\0\x8f\x07\0\0\
\x05\x10\x03\0\xc0\x03\0\0\xb3\x01\0\0\x5d\x03\0\0\x05\x14\x03\0\xd8\x03\0\0\
\xb3\x01\0\0\x7b\x03\0\0\x01\x1c\x03\0\xd1\x07\0\0\x0f\0\0\0\0\0\0\0\xb3\x01\0\
\0\xe9\x07\0\0\0\x30\x03\0\x08\0\0\0\xb3\x01\0\0\x12\x02\0\0\x17\x20\x01\0\x30\
\0\0\0\xb3\x01\0\0\x55\x02\0\0\x09\x24\x01\0\x38\0\0\0\xb3\x01\0\0\x61\x02\0\0\
\x0d\x30\x01\0\xc8\x02\0\0\xb3\x01\0\0\x75\x02\0\0\x0f\x34\x01\0\xd0\x02\0\0\
\xb3\x01\0\0\x75\x02\0\0\x0d\x34\x01\0\xd8\x02\0\0\xb3\x01\0\0\x97\x02\0\0\x10\
\x38\x01\0\xe0\x02\0\0\xb3\x01\0\0\xc2\x02\0\0\x0d\x40\x01\0\x08\x03\0\0\xb3\
\x01\0\0\xdb\x02\0\0\x0f\x44\x01\0\x18\x03\0\0\xb3\x01\0\0\x13\x08\0\0\x05\x40\
\x03\0\xb8\x03\0\0\xb3\x01\0\0\x36\x03\0\0\x05\x48\x01\0\xc0\x03\0\0\xb3\x01\0\
\0\xdb\x02\0\0\x0d\x44\x01\0\xd0\x03\0\0\xb3\x01\0\0\x13\x08\0\0\x05\x40\x03\0\
\xd8\x03\0\0\xb3\x01\0\0\x5d\x03\0\0\x05\x44\x03\0\xf0\x03\0\0\xb3\x01\0\0\x7b\
\x03\0\0\x01\x4c\x03\0\xbb\x08\0\0\x15\0\0\0\0\0\0\0\xb3\x01\0\0\xe1\x08\0\0\0\
\x74\x03\0\x10\0\0\0\xb3\x01\0\0\x20\x09\0\0\x0b\xf8\0\0\x20\0\0\0\xb3\x01\0\0\
\0\0\0\0\0\0\0\0\x28\0\0\0\xb3\x01\0\0\x33\x09\0\0\x15\xfc\0\0\x48\0\0\0\xb3\
\x01\0\0\x73\x09\0\0\x11\0\x01\0\x50\0\0\0\xb3\x01\0\0\x73\x09\0\0\x14\0\x01\0\
\x58\0\0\0\xb3\x01\0\0\x73\x09\0\0\x09\0\x01\0\x68\0\0\0\xb3\x01\0\0\x94\x09\0\
\0\x0c\x08\x01\0\x70\0\0\0\xb3\x01\0\0\x94\x09\0\0\x2b\x08\x01\0\x78\0\0\0\xb3\
\x01\0\0\xc7\x09\0\0\x09\x7c\x03\0\x80\0\0\0\xb3\x01\0\0\xeb\x09\0\0\x18\x80\
\x03\0\x88\0\0\0\xb3\x01\0\0\xeb\x09\0\0\x11\x80\x03\0\x98\0\0\0\xb3\x01\0\0\
\xeb\x09\0\0\x0b\x80\x03\0\xa0\0\0\0\xb3\x01\0\0\x24\x0a\0\0\x16\x88\x03\0\xa8\
\0\0\0\xb3\x01\0\0\x24\x0a\0\0\x11\x88\x03\0\xb8\0\0\0\xb3\x01\0\0\x47\x0a\0\0\
\x21\x84\x03\0\xc0\0\0\0\xb3\x01\0\0\x6f\x0a\0\0\x24\x8c\x03\0\xc8\0\0\0\xb3\
\x01\0\0\x47\x0a\0\0\x21\x84\x03\0\xd8\0\0\0\xb3\x01\0\0\xeb\x09\0\0\x18\x80\
\x03\0\xf0\0\0\0\xb3\x01\0\0\xa0\x0a\0\0\x05\x94\x03\0\x10\x01\0\0\xb3\x01\0\0\
\x7b\x03\0\0\x01\x9c\x03\0\x11\x0b\0\0\x33\0\0\0\0\0\0\0\xb3\x01\0\0\x36\x0b\0\
\0\0\xa8\x03\0\x10\0\0\0\xb3\x01\0\0\x20\x09\0\0\x0b\xf8\0\0\x20\0\0\0\xb3\x01\
\0\0\0\0\0\0\0\0\0\0\x28\0\0\0\xb3\x01\0\0\x33\x09\0\0\x15\xfc\0\0\x48\0\0\0\
\xb3\x01\0\0\x73\x09\0\0\x11\0\x01\0\x50\0\0\0\xb3\x01\0\0\x73\x09\0\0\x14\0\
\x01\0\x58\0\0\0\xb3\x01\0\0\x73\x09\0\0\x09\0\x01\0\x60\0\0\0\xb3\x01\0\0\x7b\
\x03\0\0\x01\xec\x03\0\x70\0\0\0\xb3\x01\0\0\x94\x09\0\0\x0c\x08\x01\0\x78\0\0\
\0\xb3\x01\0\0\x94\x09\0\0\x2b\x08\x01\0\x80\0\0\0\xb3\x01\0\0\xc7\x09\0\0\x09\
\xb0\x03\0\x88\0\0\0\xb3\x01\0\0\xeb\x09\0\0\x18\xb4\x03\0\x90\0\0\0\xb3\x01\0\
\0\xeb\x09\0\0\x11\xb4\x03\0\xa0\0\0\0\xb3\x01\0\0\xeb\x09\0\0\x0b\xb4\x03\0\
\xb0\0\0\0\xb3\x01\0\0\xeb\x09\0\0\x18\xb4\x03\0\xb8\0\0\0\xb3\x01\0\0\x73\x0b\
\0\0\x1f\xb8\x03\0\xd8\0\0\0\xb3\x01\0\0\xbe\x0b\0\0\x09\xbc\x03\0\xe8\0\0\0\
\xb3\x01\0\0\xd4\x0b\0\0\x05\xc0\x03\0\x08\x01\0\0\xb3\x01\0\0\x09\x0c\0\0\x0e\
\xcc\x03\0\x10\x01\0\0\xb3\x01\0\0\x09\x0c\0\0\x17\xcc\x03\0\x18\x01\0\0\xb3\
\x01\0\0\x09\x0c\0\0\x1f\xcc\x03\0\x20\x01\0\0\xb3\x01\0\0\x09\x0c\0\0\x09\xcc\
\x03\0\x30\x01\0\0\xb3\x01\0\0\x12\x02\0\0\x17\x20\x01\0\x60\x01\0\0\xb3\x01\0\
\0\x55\x02\0\0\x09\x24\x01\0\x68\x01\0\0\xb3\x01\0\0\x3e\x0c\0\0\x05\x2c\x01\0\
\xf8\x03\0\0\xb3\x01\0\0\x61\x02\0\0\x0d\x30\x01\0\0\x04\0\0\xb3\x01\0\0\x75\
\x02\0\0\x0f\x34\x01\0\x08\x04\0\0\xb3\x01\0\0\x75\x02\0\0\x0d\x34\x01\0\x10\
\x04\0\0\xb3\x01\0\0\x97\x02\0\0\x10\x38\x01\0\x18\x04\0\0\xb3\x01\0\0\xc2\x02\
\0\0\x0d\x40\x01\0\x40\x04\0\0\xb3\x01\0\0\xdb\x02\0\0\x0f\x44\x01\0\x50\x04\0\
\0\xb3\x01\0\0\x36\x03\0\0\x05\x48\x01\0\x58\x04\0\0\xb3\x01\0\0\xdb\x02\0\0\
\x0d\x44\x01\0\x60\x04\0\0\xb3\x01\0\0\x66\x0c\0\0\x1c\xdc\x03\0\x68\x04\0\0\
\xb3\x01\0\0\x88\x0c\0\0\x0b\x68\x01\0\x90\x04\0\0\xb3\x01\0\0\x3e\x0c\0\0\x05\
\x2c\x01\0\xa0\x04\0\0\xb3\x01\0\0\xfa\x0c\0\0\x05\x6c\x01\0\xb0\x04\0\0\xb3\
\x01\0\0\x3c\x0d\0\0\x09\x70\x01\0\xb8\x04\0\0\xb3\x01\0\0\x3c\x0d\0\0\x09\x70\
\x01\0\xc0\x04\0\0\xb3\x01\0\0\x5f\x0d\0\0\x0b\x7c\x01\0\xd0\x04\0\0\xb3\x01\0\
\0\x6e\x0d\0\0\x18\x80\x01\0\xe8\x04\0\0\xb3\x01\0\0\x5f\x0d\0\0\x0b\x7c\x01\0\
\xf0\x04\0\0\xb3\x01\0\0\x8f\x0d\0\0\x05\x84\x01\0\x10\x05\0\0\xb3\x01\0\0\x0b\
\x0e\0\0\x21\x88\x01\0\x18\x05\0\0\xb3\x01\0\0\x0b\x0e\0\0\x12\x88\x01\0\x20\
\x05\0\0\xb3\x01\0\0\x37\x0e\0\0\x2a\x8c\x01\0\x28\x05\0\0\xb3\x01\0\0\x37\x0e\
\0\0\x14\x8c\x01\0\x30\x05\0\0\xb3\x01\0\0\x37\x0e\0\0\x12\x8c\x01\0\x38\x05\0\
\0\xb3\x01\0\0\x6b\x0e\0\0\x13\xe0\x03\0\x40\x05\0\0\xb3\x01\0\0\x6b\x0e\0\0\
\x0c\xe0\x03\0\x48\x05\0\0\xb3\x01\0\0\x5d\x03\0\0\x05\xe4\x03\0\x95\x0e\0\0\
\x15\0\0\0\0\0\0\0\xb3\x01\0\0\xbb\x0e\0\0\0\0\x04\0\x10\0\0\0\xb3\x01\0\0\x20\
\x09\0\0\x0b\xf8\0\0\x20\0\0\0\xb3\x01\0\0\0\0\0\0\0\0\0\0\x28\0\0\0\xb3\x01\0\
\0\x33\x09\0\0\x15\xfc\0\0\x48\0\0\0\xb3\x01\0\0\x73\x09\0\0\x11\0\x01\0\x50\0\
\0\0\xb3\x01\0\0\x73\x09\0\0\x14\0\x01\0\x58\0\0\0\xb3\x01\0\0\x73\x09\0\0\x09\
\0\x01\0\x68\0\0\0\xb3\x01\0\0\x94\x09\0\0\x0c\x08\x01\0\x70\0\0\0\xb3\x01\0\0\
\x94\x09\0\0\x2b\x08\x01\0\x78\0\0\0\xb3\x01\0\0\xc7\x09\0\0\x09\x08\x04\0\x80\
\0\0\0\xb3\x01\0\0\xeb\x09\0\0\x18\x0c\x04\0\x88\0\0\0\xb3\x01\0\0\xeb\x09\0\0\
\x11\x0c\x04\0\x98\0\0\0\xb3\x01\0\0\xeb\x09\0\0\x0b\x0c\x04\0\xa0\0\0\0\xb3\
\x01\0\0\x24\x0a\0\0\x16\x14\x04\0\xa8\0\0\0\xb3\x01\0\0\x24\x0a\0\0\x11\x14\
\x04\0\xb8\0\0\0\xb3\x01\0\0\xf9\x0e\0\0\x20\x10\x04\0\xc0\0\0\0\xb3\x01\0\0\
\x6f\x0a\0\0\x24\x18\x04\0\xc8\0\0\0\xb3\x01\0\0\xf9\x0e\0\0\x20\x10\x04\0\xd8\
\0\0\0\xb3\x01\0\0\xeb\x09\0\0\x18\x0c\x04\0\xf0\0\0\0\xb3\x01\0\0\x1a\x0f\0\0\
\x05\x20\x04\0\x10\x01\0\0\xb3\x01\0\0\x7b\x03\0\0\x01\x28\x04\0\x6c\x0f\0\0\
\x32\0\0\0\0\0\0\0\xb3\x01\0\0\x91\x0f\0\0\0\x34\x04\0\x10\0\0\0\xb3\x01\0\0\
\x20\x09\0\0\x0b\xf8\0\0\x20\0\0\0\xb3\x01\0\0\0\0\0\0\0\0\0\0\x28\0\0\0\xb3\
\x01\0\0\x33\x09\0\0\x15\xfc\0\0\x48\0\0\0\xb3\x01\0\0\x73\x09\0\0\x11\0\x01\0\
\x50\0\0\0\xb3\x01\0\0\x73\x09\0\0\x14\0\x01\0\x58\0\0\0\xb3\x01\0\0\x73\x09\0\
\0\x09\0\x01\0\x60\0\0\0\xb3\x01\0\0\x7b\x03\0\0\x01\x78\x04\0\x70\0\0\0\xb3\
\x01\0\0\x94\x09\0\0\x0c\x08\x01\0\x78\0\0\0\xb3\x01\0\0\x94\x09\0\0\x2b\x08\
\x01\0\x80\0\0\0\xb3\x01\0\0\xc7\x09\0\0\x09\x3c\x04\0\x88\0\0\0\xb3\x01\0\0\
\xeb\x09\0\0\x18\x40\x04\0\x90\0\0\0\xb3\x01\0\0\xeb\x09\0\0\x11\x40\x04\0\xa0\
\0\0\0\xb3\x01\0\0\xeb\x09\0\0\x0b\x40\x04\0\xb0\0\0\0\xb3\x01\0\0\xeb\x09\0\0\
\x18\x40\x04\0\xb8\0\0\0\xb3\x01\0\0\xcd\x0f\0\0\x1e\x44\x04\0\xd8\0\0\0\xb3\
\x01\0\0\xbe\x0b\0\0\x09\x48\x04\0\xe8\0\0\0\xb3\x01\0\0\x16\x10\0\0\x05\x4c\
\x04\0\x08\x01\0\0\xb3\x01\0\0\x46\x10\0\0\x0e\x54\x04\0\x18\x01\0\0\xb3\x01\0\
\0\x46\x10\0\0\x09\x54\x04\0\x28\x01\0\0\xb3\x01\0\0\x12\x02\0\0\x17\x20\x01\0\
\x58\x01\0\0\xb3\x01\0\0\x55\x02\0\0\x09\x24\x01\0\x60\x01\0\0\xb3\x01\0\0\x3e\
\x0c\0\0\x05\x2c\x01\0\xf0\x03\0\0\xb3\x01\0\0\x61\x02\0\0\x0d\x30\x01\0\xf8\
\x03\0\0\xb3\x01\0\0\x75\x02\0\0\x0f\x34\x01\0\0\x04\0\0\xb3\x01\0\0\x75\x02\0\
\0\x0d\x34\x01\0\x08\x04\0\0\xb3\x01\0\0\x97\x02\0\0\x10\x38\x01\0\x10\x04\0\0\
\xb3\x01\0\0\xc2\x02\0\0\x0d\x40\x01\0\x38\x04\0\0\xb3\x01\0\0\xdb\x02\0\0\x0f\
\x44\x01\0\x48\x04\0\0\xb3\x01\0\0\x36\x03\0\0\x05\x48\x01\0\x50\x04\0\0\xb3\
\x01\0\0\xdb\x02\0\0\x0d\x44\x01\0\x58\x04\0\0\xb3\x01\0\0\x7c\x10\0\0\x0c\x64\
\x04\0\x60\x04\0\0\xb3\x01\0\0\x7c\x10\0\0\x09\x64\x04\0\x68\x04\0\0\xb3\x01\0\
\0\x88\x0c\0\0\x0b\x68\x01\0\x90\x04\0\0\xb3\x01\0\0\0\0\0\0\0\0\0\0\x98\x04\0\
\0\xb3\x01\0\0\xfa\x0c\0\0\x05\x6c\x01\0\xa8\x04\0\0\xb3\x01\0\0\x3c\x0d\0\0\
\x09\x70\x01\0\xb0\x04\0\0\xb3\x01\0\0\x3c\x0d\0\0\x09\x70\x01\0\xb8\x04\0\0\
\xb3\x01\0\0\x5f\x0d\0\0\x0b\x7c\x01\0\xc8\x04\0\0\xb3\x01\0\0\x6e\x0d\0\0\x18\
\x80\x01\0\xe0\x04\0\0\xb3\x01\0\0\x5f\x0d\0\0\x0b\x7c\x01\0\xe8\x04\0\0\xb3\
\x01\0\0\x8f\x0d\0\0\x05\x84\x01\0\x08\x05\0\0\xb3\x01\0\0\x0b\x0e\0\0\x21\x88\
\x01\0\x10\x05\0\0\xb3\x01\0\0\x0b\x0e\0\0\x12\x88\x01\0\x18\x05\0\0\xb3\x01\0\
\0\x37\x0e\0\0\x2a\x8c\x01\0\x20\x05\0\0\xb3\x01\0\0\x37\x0e\0\0\x14\x8c\x01\0\
\x28\x05\0\0\xb3\x01\0\0\x37\x0e\0\0\x12\x8c\x01\0\x30\x05\0\0\xb3\x01\0\0\x8d\
\x10\0\0\x13\x6c\x04\0\x38\x05\0\0\xb3\x01\0\0\x8d\x10\0\0\x0c\x6c\x04\0\x40\
\x05\0\0\xb3\x01\0\0\x5d\x03\0\0\x05\x70\x04\0\xda\x10\0\0\x1a\0\0\0\0\0\0\0\
\xb3\x01\0\0\xfe\x10\0\0\0\x8c\x04\0\x10\0\0\0\xb3\x01\0\0\x20\x09\0\0\x0b\xf8\
\0\0\x20\0\0\0\xb3\x01\0\0\0\0\0\0\0\0\0\0\x28\0\0\0\xb3\x01\0\0\x33\x09\0\0\
\x15\xfc\0\0\x48\0\0\0\xb3\x01\0\0\x73\x09\0\0\x11\0\x01\0\x50\0\0\0\xb3\x01\0\
\0\x73\x09\0\0\x14\0\x01\0\x58\0\0\0\xb3\x01\0\0\x73\x09\0\0\x09\0\x01\0\x60\0\
\0\0\xb3\x01\0\0\x7b\x03\0\0\x01\xb8\x04\0\x70\0\0\0\xb3\x01\0\0\x94\x09\0\0\
\x0c\x08\x01\0\x78\0\0\0\xb3\x01\0\0\x94\x09\0\0\x2b\x08\x01\0\x80\0\0\0\xb3\
\x01\0\0\xc7\x09\0\0\x09\x94\x04\0\x88\0\0\0\xb3\x01\0\0\x41\x11\0\0\x1b\x98\
\x04\0\x90\0\0\0\xb3\x01\0\0\x69\x11\0\0\x09\x9c\x04\0\xa0\0\0\0\xb3\x01\0\0\
\x12\x02\0\0\x17\x20\x01\0\xc8\0\0\0\xb3\x01\0\0\x55\x02\0\0\x09\x24\x01\0\xd0\
\0\0\0\xb3\x01\0\0\x3e\x0c\0\0\x05\x2c\x01\0\x60\x03\0\0\xb3\x01\0\0\x61\x02\0\
\0\x0d\x30\x01\0\x70\x03\0\0\xb3\x01\0\0\x75\x02\0\0\x0f\x34\x01\0\x78\x03\0\0\
\xb3\x01\0\0\x75\x02\0\0\x0d\x34\x01\0\x80\x03\0\0\xb3\x01\0\0\x97\x02\0\0\x10\
\x38\x01\0\x88\x03\0\0\xb3\x01\0\0\xc2\x02\0\0\x0d\x40\x01\0\xb0\x03\0\0\xb3\
\x01\0\0\xdb\x02\0\0\x0f\x44\x01\0\xb8\x03\0\0\xb3\x01\0\0\x87\x11\0\0\x0e\xac\
\x04\0\xc8\x03\0\0\xb3\x01\0\0\x36\x03\0\0\x05\x48\x01\0\xd0\x03\0\0\xb3\x01\0\
\0\xdb\x02\0\0\x0d\x44\x01\0\xd8\x03\0\0\xb3\x01\0\0\x5d\x03\0\0\x05\xb0\x04\0\
\xad\x11\0\0\x1d\0\0\0\0\0\0\0\xb3\x01\0\0\xcf\x11\0\0\0\xcc\x04\0\x10\0\0\0\
\xb3\x01\0\0\x20\x09\0\0\x0b\xf8\0\0\x20\0\0\0\xb3\x01\0\0\0\0\0\0\0\0\0\0\x28\
\0\0\0\xb3\x01\0\0\x33\x09\0\0\x15\xfc\0\0\x48\0\0\0\xb3\x01\0\0\x73\x09\0\0\
\x11\0\x01\0\x50\0\0\0\xb3\x01\0\0\x73\x09\0\0\x14\0\x01\0\x58\0\0\0\xb3\x01\0\
\0\x73\x09\0\0\x09\0\x01\0\x60\0\0\0\xb3\x01\0\0\x7b\x03\0\0\x01\xf8\x04\0\x70\
\0\0\0\xb3\x01\0\0\x94\x09\0\0\x0c\x08\x01\0\x78\0\0\0\xb3\x01\0\0\x94\x09\0\0\
\x2b\x08\x01\0\x80\0\0\0\xb3\x01\0\0\xc7\x09\0\0\x09\xd4\x04\0\x88\0\0\0\xb3\
\x01\0\0\x09\x12\0\0\x0e\xd8\x04\0\x98\0\0\0\xb3\x01\0\0\x09\x12\0\0\x09\xd8\
\x04\0\xa8\0\0\0\xb3\x01\0\0\x12\x02\0\0\x17\x20\x01\0\xd0\0\0\0\xb3\x01\0\0\
\x55\x02\0\0\x09\x24\x01\0\xd8\0\0\0\xb3\x01\0\0\x3e\x0c\0\0\x05\x2c\x01\0\x68\
\x03\0\0\xb3\x01\0\0\x61\x02\0\0\x0d\x30\x01\0\x78\x03\0\0\xb3\x01\0\0\x75\x02\
\0\0\x0f\x34\x01\0\x80\x03\0\0\xb3\x01\0\0\x75\x02\0\0\x0d\x34\x01\0\x88\x03\0\
\0\xb3\x01\0\0\x97\x02\0\0\x10\x38\x01\0\x90\x03\0\0\xb3\x01\0\0\xc2\x02\0\0\
\x0d\x40\x01\0\xb8\x03\0\0\xb3\x01\0\0\xdb\x02\0\0\x0f\x44\x01\0\xc8\x03\0\0\
\xb3\x01\0\0\x36\x03\0\0\x05\x48\x01\0\xd0\x03\0\0\xb3\x01\0\0\xdb\x02\0\0\x0d\
\x44\x01\0\xd8\x03\0\0\xb3\x01\0\0\x2a\x12\0\0\x1c\xe8\x04\0\xe0\x03\0\0\xb3\
\x01\0\0\x2a\x12\0\0\x0e\xe8\x04\0\xe8\x03\0\0\xb3\x01\0\0\x4a\x12\0\0\x15\xec\
\x04\0\xf0\x03\0\0\xb3\x01\0\0\x4a\x12\0\0\x0e\xec\x04\0\xf8\x03\0\0\xb3\x01\0\
\0\x5d\x03\0\0\x05\xf0\x04\0\x10\0\0\0\xbb\x08\0\0\x02\0\0\0\xa0\0\0\0\x40\0\0\
\0\x1e\x0a\0\0\0\0\0\0\xc0\0\0\0\x40\0\0\0\x69\x0a\0\0\0\0\0\0\x11\x0b\0\0\x06\
\0\0\0\x08\x01\0\0\x4a\0\0\0\x05\x0c\0\0\0\0\0\0\x18\x01\0\0\x4a\0\0\0\x05\x0c\
\0\0\0\0\0\0\x70\x04\0\0\x4d\0\0\0\xf6\x0c\0\0\0\0\0\0\x10\x05\0\0\x54\0\0\0\
\x1e\x0a\0\0\0\0\0\0\x20\x05\0\0\x54\0\0\0\x33\x0e\0\0\0\0\0\0\x38\x05\0\0\x4a\
\0\0\0\x05\x0c\0\0\0\0\0\0\x95\x0e\0\0\x02\0\0\0\xa0\0\0\0\x40\0\0\0\x1e\x0a\0\
\0\0\0\0\0\xc0\0\0\0\x40\0\0\0\x69\x0a\0\0\0\0\0\0\x6c\x0f\0\0\x05\0\0\0\x08\
\x01\0\0\x4a\0\0\0\x05\x0c\0\0\0\0\0\0\x70\x04\0\0\x4d\0\0\0\xf6\x0c\0\0\0\0\0\
\0\x08\x05\0\0\x54\0\0\0\x1e\x0a\0\0\0\0\0\0\x18\x05\0\0\x54\0\0\0\x33\x0e\0\0\
\0\0\0\0\x30\x05\0\0\x4a\0\0\0\x05\x0c\0\0\0\0\0\0\xda\x10\0\0\x01\0\0\0\x88\0\
\0\0\x40\0\0\0\x3b\x11\0\0\0\0\0\0\xad\x11\0\0\x03\0\0\0\x88\0\0\0\x4a\0\0\0\
\x05\x0c\0\0\0\0\0\0\xd8\x03\0\0\x4a\0\0\0\x05\x0c\0\0\0\0\0\0\xe8\x03\0\0\x4a\
\0\0\0\x05\x0c\0\0\0\0\0\0\x0c\0\0\0\xff\xff\xff\xff\x04\0\x08\0\x08\x7c\x0b\0\
\x14\0\0\0\0\0\0\0\0\0\0\0\0\0\0\0\xe8\x03\0\0\0\0\0\0\x14\0\0\0\0\0\0\0\0\0\0\
\0\0\0\0\0\xf8\x03\0\0\0\0\0\0\x14\0\0\0\0\0\0\0\0\0\0\0\0\0\0\0\x08\x04\0\0\0\
\0\0\0\x14\0\0\0\0\0\0\0\0\0\0\0\0\0\0\0\x38\x04\0\0\0\0\0\0\x14\0\0\0\0\0\0\0\
\0\0\0\0\0\0\0\0\x30\x04\0\0\0\0\0\0\x14\0\0\0\0\0\0\0\0\0\0\0\0\0\0\0\x50\x04\
\0\0\0\0\0\0\x14\0\0\0\0\0\0\0\0\0\0\0\0\0\0\0\x58\x04\0\0\0\0\0\0\x14\0\0\0\0\
\0\0\0\0\0\0\0\0\0\0\0\x58\x04\0\0\0\0\0\0\x14\0\0\0\0\0\0\0\0\0\0\0\0\0\0\0\
\xe8\x03\0\0\0\0\0\0\x14\0\0\0\0\0\0\0\0\0\0\0\0\0\0\0\0\x04\0\0\0\0\0\0\x14\0\
\0\0\0\0\0\0\0\0\0\0\0\0\0\0\x20\x01\0\0\0\0\0\0\x14\0\0\0\0\0\0\0\0\0\0\0\0\0\
\0\0\x68\x05\0\0\0\0\0\0\x14\0\0\0\0\0\0\0\0\0\0\0\0\0\0\0\x20\x01\0\0\0\0\0\0\
\x14\0\0\0\0\0\0\0\0\0\0\0\0\0\0\0\x60\x05\0\0\0\0\0\0\x14\0\0\0\0\0\0\0\0\0\0\
\0\0\0\0\0\xf8\x03\0\0\0\0\0\0\x14\0\0\0\0\0\0\0\0\0\0\0\0\0\0\0\x18\x04\0\0\0\
\0\0\0\xca\x07\0\0\x05\0\x08\0\x82\0\0\0\x08\x01\x01\xfb\x0e\x0d\0\x01\x01\x01\
\x01\0\0\0\x01\0\0\x01\x01\x01\x1f\x04\0\0\0\0\x25\0\0\0\x28\0\0\0\x39\0\0\0\
\x03\x01\x1f\x02\x0f\x05\x1e\x04\x3e\0\0\0\0\xa5\xfd\x9f\x5a\x30\x3f\xc2\xe0\
\xd7\xa8\x85\x68\x6d\x40\x86\xb1\x4f\0\0\0\x01\xe0\x59\x95\xdc\x51\xba\x40\x4c\
\x92\x2d\x62\x03\xcf\x13\x1e\x5b\x59\0\0\0\x02\x09\xcf\xcd\x71\x69\xc2\x4b\xec\
\x44\x8f\x30\x58\x2e\x8c\x6d\xb9\x6b\0\0\0\x03\xc1\xc5\x7d\xa1\x38\xfa\x78\x3a\
\x04\x1d\xf1\xb8\xc4\x37\xc4\x9b\x04\0\0\x09\x02\0\0\0\0\0\0\0\0\x03\xee\0\x01\
\x05\x17\x0a\x03\x59\x20\x05\x09\x59\x05\x0d\x23\x05\x0f\x02\x52\x13\x05\x0d\
\x06\x20\x05\x10\x06\x21\x05\x0d\x22\x05\x0f\x59\x06\x03\xaf\x7f\x20\x05\x05\
\x06\x03\xf2\0\x20\x03\x60\x08\x2e\x05\x0d\x1f\x05\x05\x03\x22\x20\x05\x01\x3e\
\x02\x02\0\x01\x01\x04\0\0\x09\x02\0\0\0\0\0\0\0\0\x03\xf8\0\x01\x05\x17\x0a\
\x03\x4f\x20\x05\x09\x59\x05\x0d\x23\x05\x0f\x02\x52\x13\x05\x0d\x06\x20\x05\
\x10\x06\x21\x05\x0d\x22\x05\x0f\x59\x06\x03\xaf\x7f\x20\x05\x05\x06\x03\xfc\0\
\x20\x03\x56\x08\x4a\x05\x0d\x1f\x05\x05\x03\x2c\x20\x05\x01\x3e\x02\x02\0\x01\
\x01\x04\0\0\x09\x02\0\0\0\0\0\0\0\0\x03\x82\x01\x01\x05\x17\x0a\x03\x45\x20\
\x05\x09\x59\x05\x0d\x23\x05\x0f\x02\x52\x13\x05\x0d\x06\x20\x05\x10\x06\x21\
\x05\x0d\x22\x05\x0f\x59\x06\x03\xaf\x7f\x20\x05\x05\x06\x03\x86\x01\x20\x03\
\x4c\x08\x3c\x05\x0d\x1f\x05\x05\x03\x35\x2e\x2f\x05\x01\x3e\x02\x02\0\x01\x01\
\x04\0\0\x09\x02\0\0\0\0\0\0\0\0\x03\x8c\x01\x01\x05\x17\x0a\x03\xbb\x7f\x20\
\x05\x09\x59\x05\x0d\x23\x05\x0f\x02\x52\x13\x05\x0d\x06\x20\x05\x10\x06\x21\
\x05\x0d\x22\x05\x0f\x59\x06\x03\xaf\x7f\x20\x05\x05\x06\x03\x90\x01\x20\x03\
\x42\x08\x82\x05\x0d\x1f\x05\x05\x03\x3f\x2e\x3d\x05\x01\x3e\x02\x02\0\x01\x01\
\x04\0\0\x09\x02\0\0\0\0\0\0\0\0\x03\x96\x01\x01\x05\x17\x0a\x03\xb1\x7f\x20\
\x05\x09\x59\x05\x0d\x23\x05\x0f\x02\x52\x13\x05\x0d\x06\x20\x05\x10\x06\x21\
\x05\x0d\x22\x05\x0f\x59\x06\x03\xaf\x7f\x20\x05\x05\x06\x03\x9a\x01\x20\x03\
\xb8\x7f\x08\xac\x05\x0d\x1f\x05\x05\x03\xca\0\x20\x05\x01\x3e\x02\x02\0\x01\
\x01\x04\0\0\x09\x02\0\0\0\0\0\0\0\0\x03\xa0\x01\x01\x05\x17\x0a\x03\xa7\x7f\
\x20\x05\x09\x59\x05\x0d\x23\x05\x0f\x02\x52\x13\x05\x0d\x06\x20\x05\x10\x06\
\x21\x05\x0d\x22\x05\x0f\x59\x06\x03\xaf\x7f\x20\x05\x05\x06\x03\xa4\x01\x20\
\x03\xae\x7f\x08\xe4\x05\x0d\x1f\x05\x05\x03\xd4\0\x20\x05\x01\x3e\x02\x02\0\
\x01\x01\x04\0\0\x09\x02\0\0\0\0\0\0\0\0\x03\xaa\x01\x01\x05\x17\x0a\x03\x9d\
\x7f\x20\x05\x09\x59\x05\x0d\x23\x05\x0f\x02\x52\x13\x05\x0d\x06\x20\x05\x10\
\x06\x21\x05\x0d\x22\x05\x0f\x59\x06\x03\xaf\x7f\x20\x05\x05\x06\x03\xae\x01\
\x20\x03\xa4\x7f\x08\xf2\x05\x0d\x1f\x05\x05\x03\xde\0\x20\x05\x01\x3e\x02\x02\
\0\x01\x01\x04\0\0\x09\x02\0\0\0\0\0\0\0\0\x03\xb4\x01\x01\x05\x17\x0a\x03\x93\
\x7f\x20\x05\x09\x59\x05\x0d\x23\x05\x0f\x02\x52\x13\x05\x0d\x06\x20\x05\x10\
\x06\x21\x05\x0d\x22\x05\x0f\x59\x06\x03\xaf\x7f\x20\x05\x05\x06\x03\xb8\x01\
\x20\x03\x9a\x7f\x08\xf2\x05\x0d\x1f\x05\x05\x03\xe8\0\x20\x05\x01\x3e\x02\x02\
\0\x01\x01\x04\0\0\x09\x02\0\0\0\0\0\0\0\0\x03\xc0\x01\x01\x05\x17\x0a\x03\x87\
\x7f\x20\x05\x09\x59\x05\x0d\x23\x05\x0f\x02\x52\x13\x05\x0d\x06\x20\x05\x10\
\x06\x21\x05\x0d\x22\x05\x0f\x59\x06\x03\xaf\x7f\x20\x05\x05\x06\x03\xc4\x01\
\x20\x03\x8e\x7f\x08\x12\x05\x0d\x1f\x05\x05\x03\xf3\0\x2e\x21\x05\x01\x3e\x02\
\x02\0\x01\x01\x04\0\0\x09\x02\0\0\0\0\0\0\0\0\x03\xcc\x01\x01\x05\x17\x0a\x03\
\xfb\x7e\x20\x05\x09\x59\x05\x0d\x23\x05\x0f\x02\x52\x13\x05\x0d\x06\x20\x05\
\x10\x06\x21\x05\x0d\x22\x05\x0f\x59\x06\x03\xaf\x7f\x20\x05\x05\x06\x03\xd0\
\x01\x20\x03\x82\x7f\x08\x3c\x05\x0d\x1f\x05\x05\x03\xff\0\x2e\x21\x05\x01\x3e\
\x02\x02\0\x01\x01\x04\0\0\x09\x02\0\0\0\0\0\0\0\0\x03\xdd\x01\x01\x05\x0b\x0a\
\x03\xe0\x7e\x2e\x05\0\x06\x03\x42\x2e\x05\x15\x06\x03\x3f\x20\x05\x11\x4b\x05\
\x14\x06\x20\x05\x09\x20\x03\x40\x20\x05\x0c\x06\x03\xc2\0\x20\x05\x2b\x06\x20\
\x05\x09\x06\x03\x9d\x01\x20\x05\x18\x21\x05\x11\x06\x20\x05\x0b\x2e\x05\x16\
\x06\x22\x05\x11\x06\x20\x05\x21\x06\x2d\x05\x24\x22\x05\x21\x1e\x05\x18\x2d\
\x05\x05\x41\x05\x01\x4c\x02\x02\0\x01\x01\x04\0\0\x09\x02\0\0\0\0\0\0\0\0\x03\
\xea\x01\x01\x05\x0b\x0a\x03\xd3\x7e\x2e\x05\0\x06\x03\x42\x2e\x05\x15\x06\x03\
\x3f\x20\x05\x11\x4b\x05\x14\x06\x20\x05\x09\x20\x05\x01\x06\x03\xbb\x01\x20\
\x05\x0c\x03\xc7\x7e\x2e\x05\x2b\x06\x20\x05\x09\x06\x03\xaa\x01\x20\x05\x18\
\x21\x05\x11\x06\x20\x05\x0b\x2e\x05\x18\x2e\x05\x1f\x06\x21\x05\x09\x4b\x06\
\x03\x91\x7e\x20\x05\x05\x06\x03\xf0\x01\x20\x05\x0e\x4d\x05\x17\x06\x20\x05\
\x1f\x20\x05\x09\x20\x03\x8d\x7e\x20\x05\x17\x06\x03\xc8\0\x20\x05\x09\x67\x05\
\x05\x22\x05\x0d\x02\x52\x13\x05\x0f\x21\x05\x0d\x06\x20\x05\x10\x06\x21\x05\
\x0d\x22\x05\x0f\x59\x06\x03\xaf\x7f\x20\x05\x05\x06\x03\xd2\0\x20\x05\x0d\x1f\
\x05\x1c\x03\xa6\x01\x20\x05\x0b\x03\xe3\x7e\x20\x05\x05\x03\x71\x58\x03\x10\
\x2e\x05\x09\x2f\x06\x20\x05\x0b\x06\x23\x05\x18\x2f\x05\x0b\x3b\x05\x05\x22\
\x05\x21\x4b\x05\x12\x06\x20\x05\x2a\x06\x21\x05\x14\x06\x20\x05\x12\x20\x05\
\x13\x06\x03\x95\x01\x20\x05\x0c\x06\x20\x05\x05\x06\x21\x06\x03\x87\x7e\x3c\
\x02\x01\0\x01\x01\x04\0\0\x09\x02\0\0\0\0\0\0\0\0\x03\x80\x02\x01\x05\x0b\x0a\
\x03\xbd\x7e\x2e\x05\0\x06\x03\x42\x2e\x05\x15\x06\x03\x3f\x20\x05\x11\x4b\x05\
\x14\x06\x20\x05\x09\x20\x03\x40\x20\x05\x0c\x06\x03\xc2\0\x20\x05\x2b\x06\x20\
\x05\x09\x06\x03\xc0\x01\x20\x05\x18\x21\x05\x11\x06\x20\x05\x0b\x2e\x05\x16\
\x06\x22\x05\x11\x06\x20\x05\x20\x06\x2d\x05\x24\x22\x05\x20\x1e\x05\x18\x2d\
\x05\x05\x41\x05\x01\x4c\x02\x02\0\x01\x01\x04\0\0\x09\x02\0\0\0\0\0\0\0\0\x03\
\x8d\x02\x01\x05\x0b\x0a\x03\xb0\x7e\x2e\x05\0\x06\x03\x42\x2e\x05\x15\x06\x03\
\x3f\x20\x05\x11\x4b\x05\x14\x06\x20\x05\x09\x20\x05\x01\x06\x03\xde\x01\x20\
\x05\x0c\x03\xa4\x7e\x2e\x05\x2b\x06\x20\x05\x09\x06\x03\xcd\x01\x20\x05\x18\
\x21\x05\x11\x06\x20\x05\x0b\x2e\x05\x18\x2e\x05\x1e\x06\x21\x05\x09\x4b\x06\
\x03\xee\x7d\x20\x05\x05\x06\x03\x93\x02\x20\x05\x0e\x4c\x05\x09\x06\x2e\x03\
\xeb\x7d\x20\x05\x17\x06\x03\xc8\0\x20\x05\x09\x67\x05\x05\x22\x05\x0d\x02\x52\
\x13\x05\x0f\x21\x05\x0d\x06\x20\x05\x10\x06\x21\x05\x0d\x22\x05\x0f\x59\x06\
\x03\xaf\x7f\x20\x05\x05\x06\x03\xd2\0\x20\x05\x0d\x1f\x05\x0c\x03\xc8\x01\x20\
\x05\x09\x06\x20\x05\x0b\x06\x03\xc1\x7e\x20\x05\0\x06\x03\xa6\x7f\x58\x05\x05\
\x06\x03\xdb\0\x20\x05\x09\x2f\x06\x20\x05\x0b\x06\x23\x05\x18\x2f\x05\x0b\x3b\
\x05\x05\x22\x05\x21\x4b\x05\x12\x06\x20\x05\x2a\x06\x21\x05\x14\x06\x20\x05\
\x12\x20\x05\x13\x06\x03\xb8\x01\x20\x05\x0c\x06\x20\x05\x05\x06\x21\x06\x03\
\xe4\x7d\x3c\x02\x01\0\x01\x01\x04\0\0\x09\x02\0\0\0\0\0\0\0\0\x03\xa3\x02\x01\
\x05\x0b\x0a\x03\x9a\x7e\x2e\x05\0\x06\x03\x42\x2e\x05\x15\x06\x03\x3f\x20\x05\
\x11\x4b\x05\x14\x06\x20\x05\x09\x20\x05\x01\x06\x03\xee\x01\x20\x05\x0c\x03\
\x94\x7e\x2e\x05\x2b\x06\x20\x05\x09\x06\x03\xe3\x01\x20\x05\x1b\x21\x05\x09\
\x21\x06\x03\xd9\x7d\x20\x05\x17\x06\x03\xc8\0\x20\x05\x09\x59\x05\x05\x22\x05\
\x0d\x02\x52\x13\x05\x0f\x2f\x05\x0d\x06\x20\x05\x10\x06\x21\x05\x0d\x22\x05\
\x0f\x59\x05\x0e\x03\xda\x01\x20\x05\x05\x03\xa7\x7e\x2e\x05\x0d\x1f\x05\x05\
\x03\xdb\x01\x20\x06\x03\xd4\x7d\x3c\x02\x01\0\x01\x01\x04\0\0\x09\x02\0\0\0\0\
\0\0\0\0\x03\xb3\x02\x01\x05\x0b\x0a\x03\x8a\x7e\x2e\x05\0\x06\x03\x42\x2e\x05\
\x15\x06\x03\x3f\x20\x05\x11\x4b\x05\x14\x06\x20\x05\x09\x20\x05\x01\x06\x03\
\xfe\x01\x20\x05\x0c\x03\x84\x7e\x2e\x05\x2b\x06\x20\x05\x09\x06\x03\xf3\x01\
\x20\x05\x0e\x21\x05\x09\x06\x2e\x03\xca\x7d\x20\x05\x17\x06\x03\xc8\0\x20\x05\
\x09\x59\x05\x05\x22\x05\x0d\x02\x52\x13\x05\x0f\x2f\x05\x0d\x06\x20\x05\x10\
\x06\x21\x05\x0d\x22\x05\x0f\x59\x06\x03\xaf\x7f\x20\x05\x05\x06\x03\xd2\0\x20\
\x05\x0d\x1f\x05\x1c\x03\xe9\x01\x20\x05\x0e\x06\x20\x05\x15\x06\x21\x05\x0e\
\x06\x20\x05\x05\x06\x21\x06\x03\xc4\x7d\x3c\x02\x01\0\x01\x01\x2f\x68\x6f\x6d\
\x65\x2f\x74\x34\x37\x30\x2f\x44\x65\x73\x6b\x74\x6f\x70\x2f\x65\x62\x70\x66\
\x2d\x6e\x66\x74\x72\x61\x63\x65\x72\x2f\x6e\x72\x66\0\x2e\x2e\0\x2f\x75\x73\
\x72\x2f\x69\x6e\x63\x6c\x75\x64\x65\x2f\x62\x70\x66\0\x2e\x2f\x2e\x2e\0\x6e\
\x72\x66\x5f\x74\x72\x61\x63\x65\x72\x2e\x62\x70\x66\x2e\x63\0\x76\x6d\x6c\x69\
\x6e\x75\x78\x2e\x68\0\x62\x70\x66\x5f\x68\x65\x6c\x70\x65\x72\x5f\x64\x65\x66\
\x73\x2e\x68\0\x65\x76\x65\x6e\x74\x73\x2e\x68\0\0\0\0\0\0\0\0\0\0\0\0\0\0\0\0\
\0\0\0\0\0\0\0\0\0\0\0\0\0\0\0\xde\x02\0\0\x04\0\xf1\xff\0\0\0\0\0\0\0\0\0\0\0\
\0\0\0\0\0\0\0\0\0\x03\0\x03\0\0\0\0\0\0\0\0\0\0\0\0\0\0\0\0\0\x70\x04\0\0\0\0\
\x03\0\xd8\x03\0\0\0\0\0\0\0\0\0\0\0\0\0\0\0\0\0\0\x03\0\x05\0\0\0\0\0\0\0\0\0\
\0\0\0\0\0\0\0\0\x61\x04\0\0\0\0\x05\0\xe8\x03\0\0\0\0\0\0\0\0\0\0\0\0\0\0\0\0\
\0\0\x03\0\x07\0\0\0\0\0\0\0\0\0\0\0\0\0\0\0\0\0\x52\x04\0\0\0\0\x07\0\xf8\x03\
\0\0\0\0\0\0\0\0\0\0\0\0\0\0\0\0\0\0\x03\0\x09\0\0\0\0\0\0\0\0\0\0\0\0\0\0\0\0\
\0\x43\x04\0\0\0\0\x09\0\x28\x04\0\0\0\0\0\0\0\0\0\0\0\0\0\0\0\0\0\0\x03\0\x0b\
\0\0\0\0\0\0\0\0\0\0\0\0\0\0\0\0\0\x34\x04\0\0\0\0\x0b\0\x20\x04\0\0\0\0\0\0\0\
\0\0\0\0\0\0\0\0\0\0\0\x03\0\x0d\0\0\0\0\0\0\0\0\0\0\0\0\0\0\0\0\0\x25\x04\0\0\
\0\0\x0d\0\x40\x04\0\0\0\0\0\0\0\0\0\0\0\0\0\0\0\0\0\0\x03\0\x0f\0\0\0\0\0\0\0\
\0\0\0\0\0\0\0\0\0\0\x1e\x04\0\0\0\0\x0f\0\x48\x04\0\0\0\0\0\0\0\0\0\0\0\0\0\0\
\0\0\0\0\x03\0\x11\0\0\0\0\0\0\0\0\0\0\0\0\0\0\0\0\0\x17\x04\0\0\0\0\x11\0\x48\
\x04\0\0\0\0\0\0\0\0\0\0\0\0\0\0\0\0\0\0\x03\0\x13\0\0\0\0\0\0\0\0\0\0\0\0\0\0\
\0\0\0\x10\x04\0\0\0\0\x13\0\xd8\x03\0\0\0\0\0\0\0\0\0\0\0\0\0\0\0\0\0\0\x03\0\
\x15\0\0\0\0\0\0\0\0\0\0\0\0\0\0\0\0\0\x09\x04\0\0\0\0\x15\0\xf0\x03\0\0\0\0\0\
\0\0\0\0\0\0\0\0\0\0\0\0\0\x03\0\x17\0\0\0\0\0\0\0\0\0\0\0\0\0\0\0\0\0\x77\x04\
\0\0\0\0\x17\0\x60\0\0\0\0\0\0\0\0\0\0\0\0\0\0\0\x01\x04\0\0\0\0\x17\0\x68\0\0\
\0\0\0\0\0\0\0\0\0\0\0\0\0\x7e\x03\0\0\0\0\x17\0\x10\x01\0\0\0\0\0\0\0\0\0\0\0\
\0\0\0\0\0\0\0\x03\0\x19\0\0\0\0\0\0\0\0\0\0\0\0\0\0\0\0\0\x68\x04\0\0\0\0\x19\
\0\x60\0\0\0\0\0\0\0\0\0\0\0\0\0\0\0\xf9\x03\0\0\0\0\x19\0\x70\0\0\0\0\0\0\0\0\
\0\0\0\0\0\0\0\x88\x04\0\0\0\0\x19\0\x60\0\0\0\0\0\0\0\0\0\0\0\0\0\0\0\x6e\x03\
\0\0\0\0\x19\0\x28\x01\0\0\0\0\0\0\0\0\0\0\0\0\0\0\xa9\x04\0\0\0\0\x19\0\x38\
\x05\0\0\0\0\0\0\0\0\0\0\0\0\0\0\0\0\0\0\x03\0\x1b\0\0\0\0\0\0\0\0\0\0\0\0\0\0\
\0\0\0\x59\x04\0\0\0\0\x1b\0\x60\0\0\0\0\0\0\0\0\0\0\0\0\0\0\0\xf1\x03\0\0\0\0\
\x1b\0\x68\0\0\0\0\0\0\0\0\0\0\0\0\0\0\0\x76\x03\0\0\0\0\x1b\0\x10\x01\0\0\0\0\
\0\0\0\0\0\0\0\0\0\0\0\0\0\0\x03\0\x1d\0\0\0\0\0\0\0\0\0\0\0\0\0\0\0\0\0\x4a\
\x04\0\0\0\0\x1d\0\x60\0\0\0\0\0\0\0\0\0\0\0\0\0\0\0\xe9\x03\0\0\0\0\x1d\0\x70\
\0\0\0\0\0\0\0\0\0\0\0\0\0\0\0\x7f\x04\0\0\0\0\x1d\0\x60\0\0\0\0\0\0\0\0\0\0\0\
\0\0\0\0\xa0\x04\0\0\0\0\x1d\0\x30\x05\0\0\0\0\0\0\0\0\0\0\0\0\0\0\0\0\0\0\x03\
\0\x1f\0\0\0\0\0\0\0\0\0\0\0\0\0\0\0\0\0\x3b\x04\0\0\0\0\x1f\0\x60\0\0\0\0\0\0\
\0\0\0\0\0\0\0\0\0\xe1\x03\0\0\0\0\x1f\0\x70\0\0\0\0\0\0\0\0\0\0\0\0\0\0\0\x66\
\x03\0\0\0\0\x1f\0\x60\0\0\0\0\0\0\0\0\0\0\0\0\0\0\0\0\0\0\0\x03\0\x21\0\0\0\0\
\0\0\0\0\0\0\0\0\0\0\0\0\0\x2c\x04\0\0\0\0\x21\0\x60\0\0\0\0\0\0\0\0\0\0\0\0\0\
\0\0\xd9\x03\0\0\0\0\x21\0\x70\0\0\0\0\0\0\0\0\0\0\0\0\0\0\0\x5e\x03\0\0\0\0\
\x21\0\x60\0\0\0\0\0\0\0\0\0\0\0\0\0\0\0\0\0\0\0\x03\0\x24\0\0\0\0\0\0\0\0\0\0\
\0\0\0\0\0\0\0\0\0\0\0\x03\0\x26\0\0\0\0\0\0\0\0\0\0\0\0\0\0\0\0\0\0\0\0\0\x03\
\0\x27\0\0\0\0\0\0\0\0\0\0\0\0\0\0\0\0\0\0\0\0\0\x03\0\x2a\0\0\0\0\0\0\0\0\0\0\
\0\0\0\0\0\0\0\0\0\0\0\x03\0\x2b\0\0\0\0\0\0\0\0\0\0\0\0\0\0\0\0\0\0\0\0\0\x03\
\0\x2d\0\0\0\0\0\0\0\0\0\0\0\0\0\0\0\0\0\0\0\0\0\x03\0\x2e\0\0\0\0\0\0\0\0\0\0\
\0\0\0\0\0\0\0\0\0\0\0\x03\0\x34\0\0\0\0\0\0\0\0\0\0\0\0\0\0\0\0\0\0\0\0\0\x03\
\0\x36\0\0\0\0\0\0\0\0\0\0\0\0\0\0\0\0\0\0\0\0\0\x03\0\x38\0\0\0\0\0\0\0\0\0\0\
\0\0\0\0\0\0\0\xa6\x01\0\0\x12\0\x03\0\0\0\0\0\0\0\0\0\xe8\x03\0\0\0\0\0\0\x3f\
\x01\0\0\x11\0\x25\0\x40\0\0\0\0\0\0\0\x10\0\0\0\0\0\0\0\x89\x01\0\0\x12\0\x05\
\0\0\0\0\0\0\0\0\0\xf8\x03\0\0\0\0\0\0\x49\0\0\0\x12\0\x07\0\0\0\0\0\0\0\0\0\
\x08\x04\0\0\0\0\0\0\x82\0\0\0\x12\0\x09\0\0\0\0\0\0\0\0\0\x38\x04\0\0\0\0\0\0\
\x64\0\0\0\x12\0\x0b\0\0\0\0\0\0\0\0\0\x30\x04\0\0\0\0\0\0\x14\x03\0\0\x12\0\
\x0d\0\0\0\0\0\0\0\0\0\x50\x04\0\0\0\0\0\0\xfa\x02\0\0\x12\0\x0f\0\0\0\0\0\0\0\
\0\0\x58\x04\0\0\0\0\0\0\x2e\x03\0\0\x12\0\x11\0\0\0\0\0\0\0\0\0\x58\x04\0\0\0\
\0\0\0\x29\x02\0\0\x12\0\x13\0\0\0\0\0\0\0\0\0\xe8\x03\0\0\0\0\0\0\x0c\0\0\0\
\x12\0\x15\0\0\0\0\0\0\0\0\0\0\x04\0\0\0\0\0\0\xc9\x01\0\0\x12\0\x17\0\0\0\0\0\
\0\0\0\0\x20\x01\0\0\0\0\0\0\xff\x01\0\0\x11\0\x25\0\x50\0\0\0\0\0\0\0\x20\0\0\
\0\0\0\0\0\x49\x02\0\0\x11\0\x25\0\0\0\0\0\0\0\0\0\x20\0\0\0\0\0\0\0\xa9\0\0\0\
\x12\0\x19\0\0\0\0\0\0\0\0\0\x68\x05\0\0\0\0\0\0\xb6\x01\0\0\x12\0\x1b\0\0\0\0\
\0\0\0\0\0\x20\x01\0\0\0\0\0\0\x3a\x02\0\0\x11\0\x25\0\x20\0\0\0\0\0\0\0\x20\0\
\0\0\0\0\0\0\x97\0\0\0\x12\0\x1d\0\0\0\0\0\0\0\0\0\x60\x05\0\0\0\0\0\0\xdd\x01\
\0\0\x12\0\x1f\0\0\0\0\0\0\0\0\0\xf8\x03\0\0\0\0\0\0\xbc\0\0\0\x12\0\x21\0\0\0\
\0\0\0\0\0\0\x18\x04\0\0\0\0\0\0\x56\x03\0\0\x11\0\x23\0\0\0\0\0\0\0\0\0\x04\0\
\0\0\0\0\0\0\x08\0\0\0\0\0\0\0\x01\0\0\0\x3c\0\0\0\x08\0\0\0\0\0\0\0\x01\0\0\0\
\x3c\0\0\0\x08\0\0\0\0\0\0\0\x01\0\0\0\x3c\0\0\0\x08\0\0\0\0\0\0\0\x01\0\0\0\
\x3c\0\0\0\x08\0\0\0\0\0\0\0\x01\0\0\0\x3c\0\0\0\x08\0\0\0\0\0\0\0\x01\0\0\0\
\x3c\0\0\0\x08\0\0\0\0\0\0\0\x01\0\0\0\x3c\0\0\0\x08\0\0\0\0\0\0\0\x01\0\0\0\
\x3c\0\0\0\x08\0\0\0\0\0\0\0\x01\0\0\0\x3c\0\0\0\x08\0\0\0\0\0\0\0\x01\0\0\0\
\x3c\0\0\0\x28\0\0\0\0\0\0\0\x01\0\0\0\x47\0\0\0\xf0\0\0\0\0\0\0\0\x01\0\0\0\
\x48\0\0\0\x28\0\0\0\0\0\0\0\x01\0\0\0\x47\0\0\0\xb8\0\0\0\0\0\0\0\x01\0\0\0\
\x48\0\0\0\xf0\0\0\0\0\0\0\0\x01\0\0\0\x48\0\0\0\x30\x01\0\0\0\0\0\0\x01\0\0\0\
\x3c\0\0\0\x28\0\0\0\0\0\0\0\x01\0\0\0\x47\0\0\0\xf0\0\0\0\0\0\0\0\x01\0\0\0\
\x4b\0\0\0\x28\0\0\0\0\0\0\0\x01\0\0\0\x47\0\0\0\xb8\0\0\0\0\0\0\0\x01\0\0\0\
\x4b\0\0\0\xf0\0\0\0\0\0\0\0\x01\0\0\0\x4b\0\0\0\x28\x01\0\0\0\0\0\0\x01\0\0\0\
\x3c\0\0\0\x28\0\0\0\0\0\0\0\x01\0\0\0\x47\0\0\0\xa0\0\0\0\0\0\0\0\x01\0\0\0\
\x3c\0\0\0\x28\0\0\0\0\0\0\0\x01\0\0\0\x47\0\0\0\xa8\0\0\0\0\0\0\0\x01\0\0\0\
\x3c\0\0\0\x08\0\0\0\0\0\0\0\x03\0\0\0\x33\0\0\0\x11\0\0\0\0\0\0\0\x03\0\0\0\
\x35\0\0\0\x15\0\0\0\0\0\0\0\x03\0\0\0\x39\0\0\0\x23\0\0\0\0\0\0\0\x03\0\0\0\
\x37\0\0\0\x27\0\0\0\0\0\0\0\x03\0\0\0\x34\0\0\0\x2b\0\0\0\0\0\0\0\x03\0\0\0\
\x32\0\0\0\x08\0\0\0\0\0\0\0\x03\0\0\0\x36\0\0\0\x0c\0\0\0\0\0\0\0\x03\0\0\0\
\x36\0\0\0\x10\0\0\0\0\0\0\0\x03\0\0\0\x36\0\0\0\x14\0\0\0\0\0\0\0\x03\0\0\0\
\x36\0\0\0\x18\0\0\0\0\0\0\0\x03\0\0\0\x36\0\0\0\x1c\0\0\0\0\0\0\0\x03\0\0\0\
\x36\0\0\0\x20\0\0\0\0\0\0\0\x03\0\0\0\x36\0\0\0\x24\0\0\0\0\0\0\0\x03\0\0\0\
\x36\0\0\0\x28\0\0\0\0\0\0\0\x03\0\0\0\x36\0\0\0\x2c\0\0\0\0\0\0\0\x03\0\0\0\
\x36\0\0\0\x30\0\0\0\0\0\0\0\x03\0\0\0\x36\0\0\0\x34\0\0\0\0\0\0\0\x03\0\0\0\
\x36\0\0\0\x38\0\0\0\0\0\0\0\x03\0\0\0\x36\0\0\0\x3c\0\0\0\0\0\0\0\x03\0\0\0\
\x36\0\0\0\x40\0\0\0\0\0\0\0\x03\0\0\0\x36\0\0\0\x44\0\0\0\0\0\0\0\x03\0\0\0\
\x36\0\0\0\x48\0\0\0\0\0\0\0\x03\0\0\0\x36\0\0\0\x4c\0\0\0\0\0\0\0\x03\0\0\0\
\x36\0\0\0\x50\0\0\0\0\0\0\0\x03\0\0\0\x36\0\0\0\x54\0\0\0\0\0\0\0\x03\0\0\0\
\x36\0\0\0\x58\0\0\0\0\0\0\0\x03\0\0\0\x36\0\0\0\x5c\0\0\0\0\0\0\0\x03\0\0\0\
\x36\0\0\0\x60\0\0\0\0\0\0\0\x03\0\0\0\x36\0\0\0\x64\0\0\0\0\0\0\0\x03\0\0\0\
\x36\0\0\0\x68\0\0\0\0\0\0\0\x03\0\0\0\x36\0\0\0\x6c\0\0\0\0\0\0\0\x03\0\0\0\
\x36\0\0\0\x70\0\0\0\0\0\0\0\x03\0\0\0\x36\0\0\0\x74\0\0\0\0\0\0\0\x03\0\0\0\
\x36\0\0\0\x78\0\0\0\0\0\0\0\x03\0\0\0\x36\0\0\0\x7c\0\0\0\0\0\0\0\x03\0\0\0\
\x36\0\0\0\x80\0\0\0\0\0\0\0\x03\0\0\0\x36\0\0\0\x84\0\0\0\0\0\0\0\x03\0\0\0\
\x36\0\0\0\x88\0\0\0\0\0\0\0\x03\0\0\0\x36\0\0\0\x8c\0\0\0\0\0\0\0\x03\0\0\0\
\x36\0\0\0\x90\0\0\0\0\0\0\0\x03\0\0\0\x36\0\0\0\x94\0\0\0\0\0\0\0\x03\0\0\0\
\x36\0\0\0\x98\0\0\0\0\0\0\0\x03\0\0\0\x36\0\0\0\x9c\0\0\0\0\0\0\0\x03\0\0\0\
\x36\0\0\0\xa0\0\0\0\0\0\0\0\x03\0\0\0\x36\0\0\0\xa4\0\0\0\0\0\0\0\x03\0\0\0\
\x36\0\0\0\xa8\0\0\0\0\0\0\0\x03\0\0\0\x36\0\0\0\xac\0\0\0\0\0\0\0\x03\0\0\0\
\x36\0\0\0\xb0\0\0\0\0\0\0\0\x03\0\0\0\x36\0\0\0\xb4\0\0\0\0\0\0\0\x03\0\0\0\
\x36\0\0\0\xb8\0\0\0\0\0\0\0\x03\0\0\0\x36\0\0\0\xbc\0\0\0\0\0\0\0\x03\0\0\0\
\x36\0\0\0\xc0\0\0\0\0\0\0\0\x03\0\0\0\x36\0\0\0\xc4\0\0\0\0\0\0\0\x03\0\0\0\
\x36\0\0\0\xc8\0\0\0\0\0\0\0\x03\0\0\0\x36\0\0\0\xcc\0\0\0\0\0\0\0\x03\0\0\0\
\x36\0\0\0\xd0\0\0\0\0\0\0\0\x03\0\0\0\x36\0\0\0\xd4\0\0\0\0\0\0\0\x03\0\0\0\
\x36\0\0\0\xd8\0\0\0\0\0\0\0\x03\0\0\0\x36\0\0\0\xdc\0\0\0\0\0\0\0\x03\0\0\0\
\x36\0\0\0\xe0\0\0\0\0\0\0\0\x03\0\0\0\x36\0\0\0\xe4\0\0\0\0\0\0\0\x03\0\0\0\
\x36\0\0\0\xe8\0\0\0\0\0\0\0\x03\0\0\0\x36\0\0\0\xec\0\0\0\0\0\0\0\x03\0\0\0\
\x36\0\0\0\xf0\0\0\0\0\0\0\0\x03\0\0\0\x36\0\0\0\xf4\0\0\0\0\0\0\0\x03\0\0\0\
\x36\0\0\0\xf8\0\0\0\0\0\0\0\x03\0\0\0\x36\0\0\0\xfc\0\0\0\0\0\0\0\x03\0\0\0\
\x36\0\0\0\0\x01\0\0\0\0\0\0\x03\0\0\0\x36\0\0\0\x04\x01\0\0\0\0\0\0\x03\0\0\0\
\x36\0\0\0\x08\x01\0\0\0\0\0\0\x03\0\0\0\x36\0\0\0\x0c\x01\0\0\0\0\0\0\x03\0\0\
\0\x36\0\0\0\x10\x01\0\0\0\0\0\0\x03\0\0\0\x36\0\0\0\x14\x01\0\0\0\0\0\0\x03\0\
\0\0\x36\0\0\0\x18\x01\0\0\0\0\0\0\x03\0\0\0\x36\0\0\0\x1c\x01\0\0\0\0\0\0\x03\
\0\0\0\x36\0\0\0\x20\x01\0\0\0\0\0\0\x03\0\0\0\x36\0\0\0\x24\x01\0\0\0\0\0\0\
\x03\0\0\0\x36\0\0\0\x28\x01\0\0\0\0\0\0\x03\0\0\0\x36\0\0\0\x2c\x01\0\0\0\0\0\
\0\x03\0\0\0\x36\0\0\0\x30\x01\0\0\0\0\0\0\x03\0\0\0\x36\0\0\0\x34\x01\0\0\0\0\
\0\0\x03\0\0\0\x36\0\0\0\x38\x01\0\0\0\0\0\0\x03\0\0\0\x36\0\0\0\x3c\x01\0\0\0\
\0\0\0\x03\0\0\0\x36\0\0\0\x40\x01\0\0\0\0\0\0\x03\0\0\0\x36\0\0\0\x44\x01\0\0\
\0\0\0\0\x03\0\0\0\x36\0\0\0\x48\x01\0\0\0\0\0\0\x03\0\0\0\x36\0\0\0\x4c\x01\0\
\0\0\0\0\0\x03\0\0\0\x36\0\0\0\x50\x01\0\0\0\0\0\0\x03\0\0\0\x36\0\0\0\x54\x01\
\0\0\0\0\0\0\x03\0\0\0\x36\0\0\0\x58\x01\0\0\0\0\0\0\x03\0\0\0\x36\0\0\0\x5c\
\x01\0\0\0\0\0\0\x03\0\0\0\x36\0\0\0\x60\x01\0\0\0\0\0\0\x03\0\0\0\x36\0\0\0\
\x64\x01\0\0\0\0\0\0\x03\0\0\0\x36\0\0\0\x68\x01\0\0\0\0\0\0\x03\0\0\0\x36\0\0\
\0\x6c\x01\0\0\0\0\0\0\x03\0\0\0\x36\0\0\0\x70\x01\0\0\0\0\0\0\x03\0\0\0\x36\0\
\0\0\x74\x01\0\0\0\0\0\0\x03\0\0\0\x36\0\0\0\x78\x01\0\0\0\0\0\0\x03\0\0\0\x36\
\0\0\0\x7c\x01\0\0\0\0\0\0\x03\0\0\0\x36\0\0\0\x80\x01\0\0\0\0\0\0\x03\0\0\0\
\x36\0\0\0\x84\x01\0\0\0\0\0\0\x03\0\0\0\x36\0\0\0\x88\x01\0\0\0\0\0\0\x03\0\0\
\0\x36\0\0\0\x8c\x01\0\0\0\0\0\0\x03\0\0\0\x36\0\0\0\x90\x01\0\0\0\0\0\0\x03\0\
\0\0\x36\0\0\0\x94\x01\0\0\0\0\0\0\x03\0\0\0\x36\0\0\0\x98\x01\0\0\0\0\0\0\x03\
\0\0\0\x36\0\0\0\x9c\x01\0\0\0\0\0\0\x03\0\0\0\x36\0\0\0\xa0\x01\0\0\0\0\0\0\
\x03\0\0\0\x36\0\0\0\xa4\x01\0\0\0\0\0\0\x03\0\0\0\x36\0\0\0\xa8\x01\0\0\0\0\0\
\0\x03\0\0\0\x36\0\0\0\xac\x01\0\0\0\0\0\0\x03\0\0\0\x36\0\0\0\xb0\x01\0\0\0\0\
\0\0\x03\0\0\0\x36\0\0\0\xb4\x01\0\0\0\0\0\0\x03\0\0\0\x36\0\0\0\xb8\x01\0\0\0\
\0\0\0\x03\0\0\0\x36\0\0\0\xbc\x01\0\0\0\0\0\0\x03\0\0\0\x36\0\0\0\xc0\x01\0\0\
\0\0\0\0\x03\0\0\0\x36\0\0\0\xc4\x01\0\0\0\0\0\0\x03\0\0\0\x36\0\0\0\xc8\x01\0\
\0\0\0\0\0\x03\0\0\0\x36\0\0\0\xcc\x01\0\0\0\0\0\0\x03\0\0\0\x36\0\0\0\xd0\x01\
\0\0\0\0\0\0\x03\0\0\0\x36\0\0\0\xd4\x01\0\0\0\0\0\0\x03\0\0\0\x36\0\0\0\xd8\
\x01\0\0\0\0\0\0\x03\0\0\0\x36\0\0\0\xdc\x01\0\0\0\0\0\0\x03\0\0\0\x36\0\0\0\
\xe0\x01\0\0\0\0\0\0\x03\0\0\0\x36\0\0\0\xe4\x01\0\0\0\0\0\0\x03\0\0\0\x36\0\0\
\0\xe8\x01\0\0\0\0\0\0\x03\0\0\0\x36\0\0\0\xec\x01\0\0\0\0\0\0\x03\0\0\0\x36\0\
\0\0\xf0\x01\0\0\0\0\0\0\x03\0\0\0\x36\0\0\0\xf4\x01\0\0\0\0\0\0\x03\0\0\0\x36\
\0\0\0\xf8\x01\0\0\0\0\0\0\x03\0\0\0\x36\0\0\0\xfc\x01\0\0\0\0\0\0\x03\0\0\0\
\x36\0\0\0\0\x02\0\0\0\0\0\0\x03\0\0\0\x36\0\0\0\x04\x02\0\0\0\0\0\0\x03\0\0\0\
\x36\0\0\0\x08\x02\0\0\0\0\0\0\x03\0\0\0\x36\0\0\0\x0c\x02\0\0\0\0\0\0\x03\0\0\
\0\x36\0\0\0\x10\x02\0\0\0\0\0\0\x03\0\0\0\x36\0\0\0\x14\x02\0\0\0\0\0\0\x03\0\
\0\0\x36\0\0\0\x18\x02\0\0\0\0\0\0\x03\0\0\0\x36\0\0\0\x1c\x02\0\0\0\0\0\0\x03\
\0\0\0\x36\0\0\0\x20\x02\0\0\0\0\0\0\x03\0\0\0\x36\0\0\0\x24\x02\0\0\0\0\0\0\
\x03\0\0\0\x36\0\0\0\x28\x02\0\0\0\0\0\0\x03\0\0\0\x36\0\0\0\x2c\x02\0\0\0\0\0\
\0\x03\0\0\0\x36\0\0\0\x30\x02\0\0\0\0\0\0\x03\0\0\0\x36\0\0\0\x34\x02\0\0\0\0\
\0\0\x03\0\0\0\x36\0\0\0\x38\x02\0\0\0\0\0\0\x03\0\0\0\x36\0\0\0\x3c\x02\0\0\0\
\0\0\0\x03\0\0\0\x36\0\0\0\x40\x02\0\0\0\0\0\0\x03\0\0\0\x36\0\0\0\x44\x02\0\0\
\0\0\0\0\x03\0\0\0\x36\0\0\0\x48\x02\0\0\0\0\0\0\x03\0\0\0\x36\0\0\0\x4c\x02\0\
\0\0\0\0\0\x03\0\0\0\x36\0\0\0\x50\x02\0\0\0\0\0\0\x03\0\0\0\x36\0\0\0\x54\x02\
\0\0\0\0\0\0\x03\0\0\0\x36\0\0\0\x58\x02\0\0\0\0\0\0\x03\0\0\0\x36\0\0\0\x5c\
\x02\0\0\0\0\0\0\x03\0\0\0\x36\0\0\0\x60\x02\0\0\0\0\0\0\x03\0\0\0\x36\0\0\0\
\x64\x02\0\0\0\0\0\0\x03\0\0\0\x36\0\0\0\x68\x02\0\0\0\0\0\0\x03\0\0\0\x36\0\0\
\0\x6c\x02\0\0\0\0\0\0\x03\0\0\0\x36\0\0\0\x70\x02\0\0\0\0\0\0\x03\0\0\0\x36\0\
\0\0\x74\x02\0\0\0\0\0\0\x03\0\0\0\x36\0\0\0\x78\x02\0\0\0\0\0\0\x03\0\0\0\x36\
\0\0\0\x7c\x02\0\0\0\0\0\0\x03\0\0\0\x36\0\0\0\x80\x02\0\0\0\0\0\0\x03\0\0\0\
\x36\0\0\0\x84\x02\0\0\0\0\0\0\x03\0\0\0\x36\0\0\0\x88\x02\0\0\0\0\0\0\x03\0\0\
\0\x36\0\0\0\x8c\x02\0\0\0\0\0\0\x03\0\0\0\x36\0\0\0\x90\x02\0\0\0\0\0\0\x03\0\
\0\0\x36\0\0\0\x94\x02\0\0\0\0\0\0\x03\0\0\0\x36\0\0\0\x98\x02\0\0\0\0\0\0\x03\
\0\0\0\x36\0\0\0\x9c\x02\0\0\0\0\0\0\x03\0\0\0\x36\0\0\0\x08\0\0\0\0\0\0\0\x02\
\0\0\0\x4f\0\0\0\x10\0\0\0\0\0\0\0\x02\0\0\0\x31\0\0\0\x18\0\0\0\0\0\0\0\x02\0\
\0\0\x31\0\0\0\x20\0\0\0\0\0\0\0\x02\0\0\0\x31\0\0\0\x28\0\0\0\0\0\0\0\x02\0\0\
\0\x31\0\0\0\x30\0\0\0\0\0\0\0\x02\0\0\0\x31\0\0\0\x38\0\0\0\0\0\0\0\x02\0\0\0\
\x31\0\0\0\x40\0\0\0\0\0\0\0\x02\0\0\0\x31\0\0\0\x48\0\0\0\0\0\0\0\x02\0\0\0\
\x31\0\0\0\x50\0\0\0\0\0\0\0\x02\0\0\0\x31\0\0\0\x58\0\0\0\0\0\0\0\x02\0\0\0\
\x31\0\0\0\x60\0\0\0\0\0\0\0\x02\0\0\0\x3c\0\0\0\x68\0\0\0\0\0\0\0\x02\0\0\0\
\x47\0\0\0\x70\0\0\0\0\0\0\0\x02\0\0\0\x48\0\0\0\x78\0\0\0\0\0\0\0\x02\0\0\0\
\x4b\0\0\0\x80\0\0\0\0\0\0\0\x02\0\0\0\x02\0\0\0\x88\0\0\0\0\0\0\0\x02\0\0\0\
\x04\0\0\0\x90\0\0\0\0\0\0\0\x02\0\0\0\x06\0\0\0\x98\0\0\0\0\0\0\0\x02\0\0\0\
\x08\0\0\0\xa0\0\0\0\0\0\0\0\x02\0\0\0\x0a\0\0\0\xa8\0\0\0\0\0\0\0\x02\0\0\0\
\x0c\0\0\0\xb0\0\0\0\0\0\0\0\x02\0\0\0\x0e\0\0\0\xb8\0\0\0\0\0\0\0\x02\0\0\0\
\x10\0\0\0\xc0\0\0\0\0\0\0\0\x02\0\0\0\x12\0\0\0\xc8\0\0\0\0\0\0\0\x02\0\0\0\
\x14\0\0\0\xd0\0\0\0\0\0\0\0\x02\0\0\0\x16\0\0\0\xd8\0\0\0\0\0\0\0\x02\0\0\0\
\x1a\0\0\0\xe0\0\0\0\0\0\0\0\x02\0\0\0\x20\0\0\0\xe8\0\0\0\0\0\0\0\x02\0\0\0\
\x24\0\0\0\xf0\0\0\0\0\0\0\0\x02\0\0\0\x24\0\0\0\xf8\0\0\0\0\0\0\0\x02\0\0\0\
\x24\0\0\0\0\x01\0\0\0\0\0\0\x02\0\0\0\x29\0\0\0\x08\x01\0\0\0\0\0\0\x02\0\0\0\
\x2d\0\0\0\x10\x01\0\0\0\0\0\0\x02\0\0\0\x2d\0\0\0\x4c\x0a\0\0\0\0\0\0\x04\0\0\
\0\x48\0\0\0\x58\x0a\0\0\0\0\0\0\x04\0\0\0\x4b\0\0\0\x64\x0a\0\0\0\0\0\0\x04\0\
\0\0\x3c\0\0\0\x70\x0a\0\0\0\0\0\0\x04\0\0\0\x47\0\0\0\x88\x0a\0\0\0\0\0\0\x04\
\0\0\0\x4f\0\0\0\x2c\0\0\0\0\0\0\0\x04\0\0\0\x02\0\0\0\x3c\0\0\0\0\0\0\0\x04\0\
\0\0\x04\0\0\0\x4c\0\0\0\0\0\0\0\x04\0\0\0\x06\0\0\0\x5c\0\0\0\0\0\0\0\x04\0\0\
\0\x08\0\0\0\x6c\0\0\0\0\0\0\0\x04\0\0\0\x0a\0\0\0\x7c\0\0\0\0\0\0\0\x04\0\0\0\
\x0c\0\0\0\x8c\0\0\0\0\0\0\0\x04\0\0\0\x0e\0\0\0\x9c\0\0\0\0\0\0\0\x04\0\0\0\
\x10\0\0\0\xac\0\0\0\0\0\0\0\x04\0\0\0\x12\0\0\0\xbc\0\0\0\0\0\0\0\x04\0\0\0\
\x14\0\0\0\xcc\0\0\0\0\0\0\0\x04\0\0\0\x16\0\0\0\xdc\0\0\0\0\0\0\0\x04\0\0\0\
\x1a\0\0\0\xec\0\0\0\0\0\0\0\x04\0\0\0\x20\0\0\0\xfc\0\0\0\0\0\0\0\x04\0\0\0\
\x24\0\0\0\x0c\x01\0\0\0\0\0\0\x04\0\0\0\x29\0\0\0\x1c\x01\0\0\0\0\0\0\x04\0\0\
\0\x2d\0\0\0\x30\x01\0\0\0\0\0\0\x04\0\0\0\x02\0\0\0\x40\x01\0\0\0\0\0\0\x04\0\
\0\0\x02\0\0\0\x50\x01\0\0\0\0\0\0\x04\0\0\0\x02\0\0\0\x60\x01\0\0\0\0\0\0\x04\
\0\0\0\x02\0\0\0\x70\x01\0\0\0\0\0\0\x04\0\0\0\x02\0\0\0\x80\x01\0\0\0\0\0\0\
\x04\0\0\0\x02\0\0\0\x90\x01\0\0\0\0\0\0\x04\0\0\0\x02\0\0\0\xa0\x01\0\0\0\0\0\
\0\x04\0\0\0\x02\0\0\0\xb0\x01\0\0\0\0\0\0\x04\0\0\0\x02\0\0\0\xc0\x01\0\0\0\0\
\0\0\x04\0\0\0\x02\0\0\0\xd0\x01\0\0\0\0\0\0\x04\0\0\0\x02\0\0\0\xe0\x01\0\0\0\
\0\0\0\x04\0\0\0\x02\0\0\0\xf0\x01\0\0\0\0\0\0\x04\0\0\0\x02\0\0\0\0\x02\0\0\0\
\0\0\0\x04\0\0\0\x02\0\0\0\x18\x02\0\0\0\0\0\0\x04\0\0\0\x04\0\0\0\x28\x02\0\0\
\0\0\0\0\x04\0\0\0\x04\0\0\0\x38\x02\0\0\0\0\0\0\x04\0\0\0\x04\0\0\0\x48\x02\0\
\0\0\0\0\0\x04\0\0\0\x04\0\0\0\x58\x02\0\0\0\0\0\0\x04\0\0\0\x04\0\0\0\x68\x02\
\0\0\0\0\0\0\x04\0\0\0\x04\0\0\0\x78\x02\0\0\0\0\0\0\x04\0\0\0\x04\0\0\0\x88\
\x02\0\0\0\0\0\0\x04\0\0\0\x04\0\0\0\x98\x02\0\0\0\0\0\0\x04\0\0\0\x04\0\0\0\
\xa8\x02\0\0\0\0\0\0\x04\0\0\0\x04\0\0\0\xb8\x02\0\0\0\0\0\0\x04\0\0\0\x04\0\0\
\0\xc8\x02\0\0\0\0\0\0\x04\0\0\0\x04\0\0\0\xd8\x02\0\0\0\0\0\0\x04\0\0\0\x04\0\
\0\0\xe8\x02\0\0\0\0\0\0\x04\0\0\0\x04\0\0\0\0\x03\0\0\0\0\0\0\x04\0\0\0\x06\0\
\0\0\x10\x03\0\0\0\0\0\0\x04\0\0\0\x06\0\0\0\x20\x03\0\0\0\0\0\0\x04\0\0\0\x06\
\0\0\0\x30\x03\0\0\0\0\0\0\x04\0\0\0\x06\0\0\0\x40\x03\0\0\0\0\0\0\x04\0\0\0\
\x06\0\0\0\x50\x03\0\0\0\0\0\0\x04\0\0\0\x06\0\0\0\x60\x03\0\0\0\0\0\0\x04\0\0\
\0\x06\0\0\0\x70\x03\0\0\0\0\0\0\x04\0\0\0\x06\0\0\0\x80\x03\0\0\0\0\0\0\x04\0\
\0\0\x06\0\0\0\x90\x03\0\0\0\0\0\0\x04\0\0\0\x06\0\0\0\xa0\x03\0\0\0\0\0\0\x04\
\0\0\0\x06\0\0\0\xb0\x03\0\0\0\0\0\0\x04\0\0\0\x06\0\0\0\xc0\x03\0\0\0\0\0\0\
\x04\0\0\0\x06\0\0\0\xd0\x03\0\0\0\0\0\0\x04\0\0\0\x06\0\0\0\xe0\x03\0\0\0\0\0\
\0\x04\0\0\0\x06\0\0\0\xf8\x03\0\0\0\0\0\0\x04\0\0\0\x08\0\0\0\x08\x04\0\0\0\0\
\0\0\x04\0\0\0\x08\0\0\0\x18\x04\0\0\0\0\0\0\x04\0\0\0\x08\0\0\0\x28\x04\0\0\0\
\0\0\0\x04\0\0\0\x08\0\0\0\x38\x04\0\0\0\0\0\0\x04\0\0\0\x08\0\0\0\x48\x04\0\0\
\0\0\0\0\x04\0\0\0\x08\0\0\0\x58\x04\0\0\0\0\0\0\x04\0\0\0\x08\0\0\0\x68\x04\0\
\0\0\0\0\0\x04\0\0\0\x08\0\0\0\x78\x04\0\0\0\0\0\0\x04\0\0\0\x08\0\0\0\x88\x04\
\0\0\0\0\0\0\x04\0\0\0\x08\0\0\0\x98\x04\0\0\0\0\0\0\x04\0\0\0\x08\0\0\0\xa8\
\x04\0\0\0\0\0\0\x04\0\0\0\x08\0\0\0\xb8\x04\0\0\0\0\0\0\x04\0\0\0\x08\0\0\0\
\xc8\x04\0\0\0\0\0\0\x04\0\0\0\x08\0\0\0\xd8\x04\0\0\0\0\0\0\x04\0\0\0\x08\0\0\
\0\xf0\x04\0\0\0\0\0\0\x04\0\0\0\x0a\0\0\0\0\x05\0\0\0\0\0\0\x04\0\0\0\x0a\0\0\
\0\x10\x05\0\0\0\0\0\0\x04\0\0\0\x0a\0\0\0\x20\x05\0\0\0\0\0\0\x04\0\0\0\x0a\0\
\0\0\x30\x05\0\0\0\0\0\0\x04\0\0\0\x0a\0\0\0\x40\x05\0\0\0\0\0\0\x04\0\0\0\x0a\
\0\0\0\x50\x05\0\0\0\0\0\0\x04\0\0\0\x0a\0\0\0\x60\x05\0\0\0\0\0\0\x04\0\0\0\
\x0a\0\0\0\x70\x05\0\0\0\0\0\0\x04\0\0\0\x0a\0\0\0\x80\x05\0\0\0\0\0\0\x04\0\0\
\0\x0a\0\0\0\x90\x05\0\0\0\0\0\0\x04\0\0\0\x0a\0\0\0\xa0\x05\0\0\0\0\0\0\x04\0\
\0\0\x0a\0\0\0\xb0\x05\0\0\0\0\0\0\x04\0\0\0\x0a\0\0\0\xc0\x05\0\0\0\0\0\0\x04\
\0\0\0\x0a\0\0\0\xd8\x05\0\0\0\0\0\0\x04\0\0\0\x0c\0\0\0\xe8\x05\0\0\0\0\0\0\
\x04\0\0\0\x0c\0\0\0\xf8\x05\0\0\0\0\0\0\x04\0\0\0\x0c\0\0\0\x08\x06\0\0\0\0\0\
\0\x04\0\0\0\x0c\0\0\0\x18\x06\0\0\0\0\0\0\x04\0\0\0\x0c\0\0\0\x28\x06\0\0\0\0\
\0\0\x04\0\0\0\x0c\0\0\0\x38\x06\0\0\0\0\0\0\x04\0\0\0\x0c\0\0\0\x48\x06\0\0\0\
\0\0\0\x04\0\0\0\x0c\0\0\0\x58\x06\0\0\0\0\0\0\x04\0\0\0\x0c\0\0\0\x68\x06\0\0\
\0\0\0\0\x04\0\0\0\x0c\0\0\0\x78\x06\0\0\0\0\0\0\x04\0\0\0\x0c\0\0\0\x88\x06\0\
\0\0\0\0\0\x04\0\0\0\x0c\0\0\0\x98\x06\0\0\0\0\0\0\x04\0\0\0\x0c\0\0\0\xa8\x06\
\0\0\0\0\0\0\x04\0\0\0\x0c\0\0\0\xc0\x06\0\0\0\0\0\0\x04\0\0\0\x0e\0\0\0\xd0\
\x06\0\0\0\0\0\0\x04\0\0\0\x0e\0\0\0\xe0\x06\0\0\0\0\0\0\x04\0\0\0\x0e\0\0\0\
\xf0\x06\0\0\0\0\0\0\x04\0\0\0\x0e\0\0\0\0\x07\0\0\0\0\0\0\x04\0\0\0\x0e\0\0\0\
\x10\x07\0\0\0\0\0\0\x04\0\0\0\x0e\0\0\0\x20\x07\0\0\0\0\0\0\x04\0\0\0\x0e\0\0\
\0\x30\x07\0\0\0\0\0\0\x04\0\0\0\x0e\0\0\0\x40\x07\0\0\0\0\0\0\x04\0\0\0\x0e\0\
\0\0\x50\x07\0\0\0\0\0\0\x04\0\0\0\x0e\0\0\0\x60\x07\0\0\0\0\0\0\x04\0\0\0\x0e\
\0\0\0\x70\x07\0\0\0\0\0\0\x04\0\0\0\x0e\0\0\0\x80\x07\0\0\0\0\0\0\x04\0\0\0\
\x0e\0\0\0\x90\x07\0\0\0\0\0\0\x04\0\0\0\x0e\0\0\0\xa8\x07\0\0\0\0\0\0\x04\0\0\
\0\x10\0\0\0\xb8\x07\0\0\0\0\0\0\x04\0\0\0\x10\0\0\0\xc8\x07\0\0\0\0\0\0\x04\0\
\0\0\x10\0\0\0\xd8\x07\0\0\0\0\0\0\x04\0\0\0\x10\0\0\0\xe8\x07\0\0\0\0\0\0\x04\
\0\0\0\x10\0\0\0\xf8\x07\0\0\0\0\0\0\x04\0\0\0\x10\0\0\0\x08\x08\0\0\0\0\0\0\
\x04\0\0\0\x10\0\0\0\x18\x08\0\0\0\0\0\0\x04\0\0\0\x10\0\0\0\x28\x08\0\0\0\0\0\
\0\x04\0\0\0\x10\0\0\0\x38\x08\0\0\0\0\0\0\x04\0\0\0\x10\0\0\0\x48\x08\0\0\0\0\
\0\0\x04\0\0\0\x10\0\0\0\x58\x08\0\0\0\0\0\0\x04\0\0\0\x10\0\0\0\x68\x08\0\0\0\
\0\0\0\x04\0\0\0\x10\0\0\0\x78\x08\0\0\0\0\0\0\x04\0\0\0\x10\0\0\0\x90\x08\0\0\
\0\0\0\0\x04\0\0\0\x12\0\0\0\xa0\x08\0\0\0\0\0\0\x04\0\0\0\x12\0\0\0\xb0\x08\0\
\0\0\0\0\0\x04\0\0\0\x12\0\0\0\xc0\x08\0\0\0\0\0\0\x04\0\0\0\x12\0\0\0\xd0\x08\
\0\0\0\0\0\0\x04\0\0\0\x12\0\0\0\xe0\x08\0\0\0\0\0\0\x04\0\0\0\x12\0\0\0\xf0\
\x08\0\0\0\0\0\0\x04\0\0\0\x12\0\0\0\0\x09\0\0\0\0\0\0\x04\0\0\0\x12\0\0\0\x10\
\x09\0\0\0\0\0\0\x04\0\0\0\x12\0\0\0\x20\x09\0\0\0\0\0\0\x04\0\0\0\x12\0\0\0\
\x30\x09\0\0\0\0\0\0\x04\0\0\0\x12\0\0\0\x40\x09\0\0\0\0\0\0\x04\0\0\0\x12\0\0\
\0\x50\x09\0\0\0\0\0\0\x04\0\0\0\x12\0\0\0\x60\x09\0\0\0\0\0\0\x04\0\0\0\x12\0\
\0\0\x70\x09\0\0\0\0\0\0\x04\0\0\0\x12\0\0\0\x88\x09\0\0\0\0\0\0\x04\0\0\0\x14\
\0\0\0\x98\x09\0\0\0\0\0\0\x04\0\0\0\x14\0\0\0\xa8\x09\0\0\0\0\0\0\x04\0\0\0\
\x14\0\0\0\xb8\x09\0\0\0\0\0\0\x04\0\0\0\x14\0\0\0\xc8\x09\0\0\0\0\0\0\x04\0\0\
\0\x14\0\0\0\xd8\x09\0\0\0\0\0\0\x04\0\0\0\x14\0\0\0\xe8\x09\0\0\0\0\0\0\x04\0\
\0\0\x14\0\0\0\xf8\x09\0\0\0\0\0\0\x04\0\0\0\x14\0\0\0\x08\x0a\0\0\0\0\0\0\x04\
\0\0\0\x14\0\0\0\x18\x0a\0\0\0\0\0\0\x04\0\0\0\x14\0\0\0\x28\x0a\0\0\0\0\0\0\
\x04\0\0\0\x14\0\0\0\x38\x0a\0\0\0\0\0\0\x04\0\0\0\x14\0\0\0\x48\x0a\0\0\0\0\0\
\0\x04\0\0\0\x14\0\0\0\x58\x0a\0\0\0\0\0\0\x04\0\0\0\x14\0\0\0\x68\x0a\0\0\0\0\
\0\0\x04\0\0\0\x14\0\0\0\x80\x0a\0\0\0\0\0\0\x04\0\0\0\x16\0\0\0\x90\x0a\0\0\0\
\0\0\0\x04\0\0\0\x16\0\0\0\xa0\x0a\0\0\0\0\0\0\x04\0\0\0\x16\0\0\0\xb0\x0a\0\0\
\0\0\0\0\x04\0\0\0\x16\0\0\0\xc0\x0a\0\0\0\0\0\0\x04\0\0\0\x16\0\0\0\xd0\x0a\0\
\0\0\0\0\0\x04\0\0\0\x16\0\0\0\xe0\x0a\0\0\0\0\0\0\x04\0\0\0\x16\0\0\0\xf0\x0a\
\0\0\0\0\0\0\x04\0\0\0\x16\0\0\0\0\x0b\0\0\0\0\0\0\x04\0\0\0\x16\0\0\0\x10\x0b\
\0\0\0\0\0\0\x04\0\0\0\x16\0\0\0\x20\x0b\0\0\0\0\0\0\x04\0\0\0\x16\0\0\0\x30\
\x0b\0\0\0\0\0\0\x04\0\0\0\x16\0\0\0\x40\x0b\0\0\0\0\0\0\x04\0\0\0\x16\0\0\0\
\x50\x0b\0\0\0\0\0\0\x04\0\0\0\x16\0\0\0\x60\x0b\0\0\0\0\0\0\x04\0\0\0\x16\0\0\
\0\x70\x0b\0\0\0\0\0\0\x04\0\0\0\x16\0\0\0\x80\x0b\0\0\0\0\0\0\x04\0\0\0\x16\0\
\0\0\x90\x0b\0\0\0\0\0\0\x04\0\0\0\x16\0\0\0\xa0\x0b\0\0\0\0\0\0\x04\0\0\0\x16\
\0\0\0\xb0\x0b\0\0\0\0\0\0\x04\0\0\0\x16\0\0\0\xc0\x0b\0\0\0\0\0\0\x04\0\0\0\
\x16\0\0\0\xd8\x0b\0\0\0\0\0\0\x04\0\0\0\x1a\0\0\0\xe8\x0b\0\0\0\0\0\0\x04\0\0\
\0\x1a\0\0\0\xf8\x0b\0\0\0\0\0\0\x04\0\0\0\x1a\0\0\0\x08\x0c\0\0\0\0\0\0\x04\0\
\0\0\x1a\0\0\0\x18\x0c\0\0\0\0\0\0\x04\0\0\0\x1a\0\0\0\x28\x0c\0\0\0\0\0\0\x04\
\0\0\0\x1a\0\0\0\x38\x0c\0\0\0\0\0\0\x04\0\0\0\x1a\0\0\0\x48\x0c\0\0\0\0\0\0\
\x04\0\0\0\x1a\0\0\0\x58\x0c\0\0\0\0\0\0\x04\0\0\0\x1a\0\0\0\x68\x0c\0\0\0\0\0\
\0\x04\0\0\0\x1a\0\0\0\x78\x0c\0\0\0\0\0\0\x04\0\0\0\x1a\0\0\0\x88\x0c\0\0\0\0\
\0\0\x04\0\0\0\x1a\0\0\0\x98\x0c\0\0\0\0\0\0\x04\0\0\0\x1a\0\0\0\xa8\x0c\0\0\0\
\0\0\0\x04\0\0\0\x1a\0\0\0\xb8\x0c\0\0\0\0\0\0\x04\0\0\0\x1a\0\0\0\xc8\x0c\0\0\
\0\0\0\0\x04\0\0\0\x1a\0\0\0\xd8\x0c\0\0\0\0\0\0\x04\0\0\0\x1a\0\0\0\xe8\x0c\0\
\0\0\0\0\0\x04\0\0\0\x1a\0\0\0\xf8\x0c\0\0\0\0\0\0\x04\0\0\0\x1a\0\0\0\x08\x0d\
\0\0\0\0\0\0\x04\0\0\0\x1a\0\0\0\x18\x0d\0\0\0\0\0\0\x04\0\0\0\x1a\0\0\0\x28\
\x0d\0\0\0\0\0\0\x04\0\0\0\x1a\0\0\0\x38\x0d\0\0\0\0\0\0\x04\0\0\0\x1a\0\0\0\
\x48\x0d\0\0\0\0\0\0\x04\0\0\0\x1a\0\0\0\x58\x0d\0\0\0\0\0\0\x04\0\0\0\x1a\0\0\
\0\x68\x0d\0\0\0\0\0\0\x04\0\0\0\x1a\0\0\0\x78\x0d\0\0\0\0\0\0\x04\0\0\0\x1a\0\
\0\0\x88\x0d\0\0\0\0\0\0\x04\0\0\0\x1a\0\0\0\x98\x0d\0\0\0\0\0\0\x04\0\0\0\x1a\
\0\0\0\xa8\x0d\0\0\0\0\0\0\x04\0\0\0\x1a\0\0\0\xb8\x0d\0\0\0\0\0\0\x04\0\0\0\
\x1a\0\0\0\xc8\x0d\0\0\0\0\0\0\x04\0\0\0\x1a\0\0\0\xd8\x0d\0\0\0\0\0\0\x04\0\0\
\0\x1a\0\0\0\xe8\x0d\0\0\0\0\0\0\x04\0\0\0\x1a\0\0\0\xf8\x0d\0\0\0\0\0\0\x04\0\
\0\0\x1a\0\0\0\x08\x0e\0\0\0\0\0\0\x04\0\0\0\x1a\0\0\0\x18\x0e\0\0\0\0\0\0\x04\
\0\0\0\x1a\0\0\0\x28\x0e\0\0\0\0\0\0\x04\0\0\0\x1a\0\0\0\x38\x0e\0\0\0\0\0\0\
\x04\0\0\0\x1a\0\0\0\x48\x0e\0\0\0\0\0\0\x04\0\0\0\x1a\0\0\0\x58\x0e\0\0\0\0\0\
\0\x04\0\0\0\x1a\0\0\0\x68\x0e\0\0\0\0\0\0\x04\0\0\0\x1a\0\0\0\x78\x0e\0\0\0\0\
\0\0\x04\0\0\0\x1a\0\0\0\x88\x0e\0\0\0\0\0\0\x04\0\0\0\x1a\0\0\0\x98\x0e\0\0\0\
\0\0\0\x04\0\0\0\x1a\0\0\0\xa8\x0e\0\0\0\0\0\0\x04\0\0\0\x1a\0\0\0\xb8\x0e\0\0\
\0\0\0\0\x04\0\0\0\x1a\0\0\0\xc8\x0e\0\0\0\0\0\0\x04\0\0\0\x1a\0\0\0\xd8\x0e\0\
\0\0\0\0\0\x04\0\0\0\x1a\0\0\0\xe8\x0e\0\0\0\0\0\0\x04\0\0\0\x1a\0\0\0\xf8\x0e\
\0\0\0\0\0\0\x04\0\0\0\x1a\0\0\0\x10\x0f\0\0\0\0\0\0\x04\0\0\0\x20\0\0\0\x20\
\x0f\0\0\0\0\0\0\x04\0\0\0\x20\0\0\0\x30\x0f\0\0\0\0\0\0\x04\0\0\0\x20\0\0\0\
\x40\x0f\0\0\0\0\0\0\x04\0\0\0\x20\0\0\0\x50\x0f\0\0\0\0\0\0\x04\0\0\0\x20\0\0\
\0\x60\x0f\0\0\0\0\0\0\x04\0\0\0\x20\0\0\0\x70\x0f\0\0\0\0\0\0\x04\0\0\0\x20\0\
\0\0\x80\x0f\0\0\0\0\0\0\x04\0\0\0\x20\0\0\0\x90\x0f\0\0\0\0\0\0\x04\0\0\0\x20\
\0\0\0\xa0\x0f\0\0\0\0\0\0\x04\0\0\0\x20\0\0\0\xb0\x0f\0\0\0\0\0\0\x04\0\0\0\
\x20\0\0\0\xc0\x0f\0\0\0\0\0\0\x04\0\0\0\x20\0\0\0\xd0\x0f\0\0\0\0\0\0\x04\0\0\
\0\x20\0\0\0\xe0\x0f\0\0\0\0\0\0\x04\0\0\0\x20\0\0\0\xf0\x0f\0\0\0\0\0\0\x04\0\
\0\0\x20\0\0\0\0\x10\0\0\0\0\0\0\x04\0\0\0\x20\0\0\0\x10\x10\0\0\0\0\0\0\x04\0\
\0\0\x20\0\0\0\x20\x10\0\0\0\0\0\0\x04\0\0\0\x20\0\0\0\x30\x10\0\0\0\0\0\0\x04\
\0\0\0\x20\0\0\0\x40\x10\0\0\0\0\0\0\x04\0\0\0\x20\0\0\0\x50\x10\0\0\0\0\0\0\
\x04\0\0\0\x20\0\0\0\x68\x10\0\0\0\0\0\0\x04\0\0\0\x24\0\0\0\x78\x10\0\0\0\0\0\
\0\x04\0\0\0\x24\0\0\0\x88\x10\0\0\0\0\0\0\x04\0\0\0\x24\0\0\0\x98\x10\0\0\0\0\
\0\0\x04\0\0\0\x24\0\0\0\xa8\x10\0\0\0\0\0\0\x04\0\0\0\x24\0\0\0\xb8\x10\0\0\0\
\0\0\0\x04\0\0\0\x24\0\0\0\xc8\x10\0\0\0\0\0\0\x04\0\0\0\x24\0\0\0\xd8\x10\0\0\
\0\0\0\0\x04\0\0\0\x24\0\0\0\xe8\x10\0\0\0\0\0\0\x04\0\0\0\x24\0\0\0\xf8\x10\0\
\0\0\0\0\0\x04\0\0\0\x24\0\0\0\x08\x11\0\0\0\0\0\0\x04\0\0\0\x24\0\0\0\x18\x11\
\0\0\0\0\0\0\x04\0\0\0\x24\0\0\0\x28\x11\0\0\0\0\0\0\x04\0\0\0\x24\0\0\0\x38\
\x11\0\0\0\0\0\0\x04\0\0\0\x24\0\0\0\x48\x11\0\0\0\0\0\0\x04\0\0\0\x24\0\0\0\
\x58\x11\0\0\0\0\0\0\x04\0\0\0\x24\0\0\0\x68\x11\0\0\0\0\0\0\x04\0\0\0\x24\0\0\
\0\x78\x11\0\0\0\0\0\0\x04\0\0\0\x24\0\0\0\x88\x11\0\0\0\0\0\0\x04\0\0\0\x24\0\
\0\0\x98\x11\0\0\0\0\0\0\x04\0\0\0\x24\0\0\0\xa8\x11\0\0\0\0\0\0\x04\0\0\0\x24\
\0\0\0\xb8\x11\0\0\0\0\0\0\x04\0\0\0\x24\0\0\0\xc8\x11\0\0\0\0\0\0\x04\0\0\0\
\x24\0\0\0\xd8\x11\0\0\0\0\0\0\x04\0\0\0\x24\0\0\0\xe8\x11\0\0\0\0\0\0\x04\0\0\
\0\x24\0\0\0\xf8\x11\0\0\0\0\0\0\x04\0\0\0\x24\0\0\0\x08\x12\0\0\0\0\0\0\x04\0\
\0\0\x24\0\0\0\x18\x12\0\0\0\0\0\0\x04\0\0\0\x24\0\0\0\x28\x12\0\0\0\0\0\0\x04\
\0\0\0\x24\0\0\0\x38\x12\0\0\0\0\0\0\x04\0\0\0\x24\0\0\0\x48\x12\0\0\0\0\0\0\
\x04\0\0\0\x24\0\0\0\x58\x12\0\0\0\0\0\0\x04\0\0\0\x24\0\0\0\x68\x12\0\0\0\0\0\
\0\x04\0\0\0\x24\0\0\0\x78\x12\0\0\0\0\0\0\x04\0\0\0\x24\0\0\0\x88\x12\0\0\0\0\
\0\0\x04\0\0\0\x24\0\0\0\x98\x12\0\0\0\0\0\0\x04\0\0\0\x24\0\0\0\xa8\x12\0\0\0\
\0\0\0\x04\0\0\0\x24\0\0\0\xb8\x12\0\0\0\0\0\0\x04\0\0\0\x24\0\0\0\xc8\x12\0\0\
\0\0\0\0\x04\0\0\0\x24\0\0\0\xd8\x12\0\0\0\0\0\0\x04\0\0\0\x24\0\0\0\xe8\x12\0\
\0\0\0\0\0\x04\0\0\0\x24\0\0\0\xf8\x12\0\0\0\0\0\0\x04\0\0\0\x24\0\0\0\x08\x13\
\0\0\0\0\0\0\x04\0\0\0\x24\0\0\0\x18\x13\0\0\0\0\0\0\x04\0\0\0\x24\0\0\0\x28\
\x13\0\0\0\0\0\0\x04\0\0\0\x24\0\0\0\x38\x13\0\0\0\0\0\0\x04\0\0\0\x24\0\0\0\
\x48\x13\0\0\0\0\0\0\x04\0\0\0\x24\0\0\0\x58\x13\0\0\0\0\0\0\x04\0\0\0\x24\0\0\
\0\x68\x13\0\0\0\0\0\0\x04\0\0\0\x24\0\0\0\x78\x13\0\0\0\0\0\0\x04\0\0\0\x24\0\
\0\0\x90\x13\0\0\0\0\0\0\x04\0\0\0\x29\0\0\0\xa0\x13\0\0\0\0\0\0\x04\0\0\0\x29\
\0\0\0\xb0\x13\0\0\0\0\0\0\x04\0\0\0\x29\0\0\0\xc0\x13\0\0\0\0\0\0\x04\0\0\0\
\x29\0\0\0\xd0\x13\0\0\0\0\0\0\x04\0\0\0\x29\0\0\0\xe0\x13\0\0\0\0\0\0\x04\0\0\
\0\x29\0\0\0\xf0\x13\0\0\0\0\0\0\x04\0\0\0\x29\0\0\0\0\x14\0\0\0\0\0\0\x04\0\0\
\0\x29\0\0\0\x10\x14\0\0\0\0\0\0\x04\0\0\0\x29\0\0\0\x20\x14\0\0\0\0\0\0\x04\0\
\0\0\x29\0\0\0\x30\x14\0\0\0\0\0\0\x04\0\0\0\x29\0\0\0\x40\x14\0\0\0\0\0\0\x04\
\0\0\0\x29\0\0\0\x50\x14\0\0\0\0\0\0\x04\0\0\0\x29\0\0\0\x60\x14\0\0\0\0\0\0\
\x04\0\0\0\x29\0\0\0\x70\x14\0\0\0\0\0\0\x04\0\0\0\x29\0\0\0\x80\x14\0\0\0\0\0\
\0\x04\0\0\0\x29\0\0\0\x90\x14\0\0\0\0\0\0\x04\0\0\0\x29\0\0\0\xa0\x14\0\0\0\0\
\0\0\x04\0\0\0\x29\0\0\0\xb0\x14\0\0\0\0\0\0\x04\0\0\0\x29\0\0\0\xc0\x14\0\0\0\
\0\0\0\x04\0\0\0\x29\0\0\0\xd0\x14\0\0\0\0\0\0\x04\0\0\0\x29\0\0\0\xe0\x14\0\0\
\0\0\0\0\x04\0\0\0\x29\0\0\0\xf0\x14\0\0\0\0\0\0\x04\0\0\0\x29\0\0\0\0\x15\0\0\
\0\0\0\0\x04\0\0\0\x29\0\0\0\x10\x15\0\0\0\0\0\0\x04\0\0\0\x29\0\0\0\x20\x15\0\
\0\0\0\0\0\x04\0\0\0\x29\0\0\0\x38\x15\0\0\0\0\0\0\x04\0\0\0\x2d\0\0\0\x48\x15\
\0\0\0\0\0\0\x04\0\0\0\x2d\0\0\0\x58\x15\0\0\0\0\0\0\x04\0\0\0\x2d\0\0\0\x68\
\x15\0\0\0\0\0\0\x04\0\0\0\x2d\0\0\0\x78\x15\0\0\0\0\0\0\x04\0\0\0\x2d\0\0\0\
\x88\x15\0\0\0\0\0\0\x04\0\0\0\x2d\0\0\0\x98\x15\0\0\0\0\0\0\x04\0\0\0\x2d\0\0\
\0\xa8\x15\0\0\0\0\0\0\x04\0\0\0\x2d\0\0\0\xb8\x15\0\0\0\0\0\0\x04\0\0\0\x2d\0\
\0\0\xc8\x15\0\0\0\0\0\0\x04\0\0\0\x2d\0\0\0\xd8\x15\0\0\0\0\0\0\x04\0\0\0\x2d\
\0\0\0\xe8\x15\0\0\0\0\0\0\x04\0\0\0\x2d\0\0\0\xf8\x15\0\0\0\0\0\0\x04\0\0\0\
\x2d\0\0\0\x08\x16\0\0\0\0\0\0\x04\0\0\0\x2d\0\0\0\x18\x16\0\0\0\0\0\0\x04\0\0\
\0\x2d\0\0\0\x28\x16\0\0\0\0\0\0\x04\0\0\0\x2d\0\0\0\x38\x16\0\0\0\0\0\0\x04\0\
\0\0\x2d\0\0\0\x48\x16\0\0\0\0\0\0\x04\0\0\0\x2d\0\0\0\x58\x16\0\0\0\0\0\0\x04\
\0\0\0\x2d\0\0\0\x68\x16\0\0\0\0\0\0\x04\0\0\0\x2d\0\0\0\x78\x16\0\0\0\0\0\0\
\x04\0\0\0\x2d\0\0\0\x88\x16\0\0\0\0\0\0\x04\0\0\0\x2d\0\0\0\x98\x16\0\0\0\0\0\
\0\x04\0\0\0\x2d\0\0\0\xa8\x16\0\0\0\0\0\0\x04\0\0\0\x2d\0\0\0\xb8\x16\0\0\0\0\
\0\0\x04\0\0\0\x2d\0\0\0\xc8\x16\0\0\0\0\0\0\x04\0\0\0\x2d\0\0\0\xd8\x16\0\0\0\
\0\0\0\x04\0\0\0\x2d\0\0\0\xe8\x16\0\0\0\0\0\0\x04\0\0\0\x2d\0\0\0\xf8\x16\0\0\
\0\0\0\0\x04\0\0\0\x2d\0\0\0\x14\x17\0\0\0\0\0\0\x04\0\0\0\x16\0\0\0\x24\x17\0\
\0\0\0\0\0\x04\0\0\0\x16\0\0\0\x3c\x17\0\0\0\0\0\0\x04\0\0\0\x1a\0\0\0\x4c\x17\
\0\0\0\0\0\0\x04\0\0\0\x1a\0\0\0\x5c\x17\0\0\0\0\0\0\x04\0\0\0\x1a\0\0\0\x6c\
\x17\0\0\0\0\0\0\x04\0\0\0\x1a\0\0\0\x7c\x17\0\0\0\0\0\0\x04\0\0\0\x1a\0\0\0\
\x8c\x17\0\0\0\0\0\0\x04\0\0\0\x1a\0\0\0\xa4\x17\0\0\0\0\0\0\x04\0\0\0\x20\0\0\
\0\xb4\x17\0\0\0\0\0\0\x04\0\0\0\x20\0\0\0\xcc\x17\0\0\0\0\0\0\x04\0\0\0\x24\0\
\0\0\xdc\x17\0\0\0\0\0\0\x04\0\0\0\x24\0\0\0\xec\x17\0\0\0\0\0\0\x04\0\0\0\x24\
\0\0\0\xfc\x17\0\0\0\0\0\0\x04\0\0\0\x24\0\0\0\x0c\x18\0\0\0\0\0\0\x04\0\0\0\
\x24\0\0\0\x24\x18\0\0\0\0\0\0\x04\0\0\0\x29\0\0\0\x3c\x18\0\0\0\0\0\0\x04\0\0\
\0\x2d\0\0\0\x4c\x18\0\0\0\0\0\0\x04\0\0\0\x2d\0\0\0\x5c\x18\0\0\0\0\0\0\x04\0\
\0\0\x2d\0\0\0\x14\0\0\0\0\0\0\0\x03\0\0\0\x38\0\0\0\x18\0\0\0\0\0\0\0\x02\0\0\
\0\x02\0\0\0\x2c\0\0\0\0\0\0\0\x03\0\0\0\x38\0\0\0\x30\0\0\0\0\0\0\0\x02\0\0\0\
\x04\0\0\0\x44\0\0\0\0\0\0\0\x03\0\0\0\x38\0\0\0\x48\0\0\0\0\0\0\0\x02\0\0\0\
\x06\0\0\0\x5c\0\0\0\0\0\0\0\x03\0\0\0\x38\0\0\0\x60\0\0\0\0\0\0\0\x02\0\0\0\
\x08\0\0\0\x74\0\0\0\0\0\0\0\x03\0\0\0\x38\0\0\0\x78\0\0\0\0\0\0\0\x02\0\0\0\
\x0a\0\0\0\x8c\0\0\0\0\0\0\0\x03\0\0\0\x38\0\0\0\x90\0\0\0\0\0\0\0\x02\0\0\0\
\x0c\0\0\0\xa4\0\0\0\0\0\0\0\x03\0\0\0\x38\0\0\0\xa8\0\0\0\0\0\0\0\x02\0\0\0\
\x0e\0\0\0\xbc\0\0\0\0\0\0\0\x03\0\0\0\x38\0\0\0\xc0\0\0\0\0\0\0\0\x02\0\0\0\
\x10\0\0\0\xd4\0\0\0\0\0\0\0\x03\0\0\0\x38\0\0\0\xd8\0\0\0\0\0\0\0\x02\0\0\0\
\x12\0\0\0\xec\0\0\0\0\0\0\0\x03\0\0\0\x38\0\0\0\xf0\0\0\0\0\0\0\0\x02\0\0\0\
\x14\0\0\0\x04\x01\0\0\0\0\0\0\x03\0\0\0\x38\0\0\0\x08\x01\0\0\0\0\0\0\x02\0\0\
\0\x16\0\0\0\x1c\x01\0\0\0\0\0\0\x03\0\0\0\x38\0\0\0\x20\x01\0\0\0\0\0\0\x02\0\
\0\0\x1a\0\0\0\x34\x01\0\0\0\0\0\0\x03\0\0\0\x38\0\0\0\x38\x01\0\0\0\0\0\0\x02\
\0\0\0\x20\0\0\0\x4c\x01\0\0\0\0\0\0\x03\0\0\0\x38\0\0\0\x50\x01\0\0\0\0\0\0\
\x02\0\0\0\x24\0\0\0\x64\x01\0\0\0\0\0\0\x03\0\0\0\x38\0\0\0\x68\x01\0\0\0\0\0\
\0\x02\0\0\0\x29\0\0\0\x7c\x01\0\0\0\0\0\0\x03\0\0\0\x38\0\0\0\x80\x01\0\0\0\0\
\0\0\x02\0\0\0\x2d\0\0\0\x22\0\0\0\0\0\0\0\x03\0\0\0\x3a\0\0\0\x26\0\0\0\0\0\0\
\0\x03\0\0\0\x3a\0\0\0\x2a\0\0\0\0\0\0\0\x03\0\0\0\x3a\0\0\0\x2e\0\0\0\0\0\0\0\
\x03\0\0\0\x3a\0\0\0\x3a\0\0\0\0\0\0\0\x03\0\0\0\x3a\0\0\0\x4f\0\0\0\0\0\0\0\
\x03\0\0\0\x3a\0\0\0\x64\0\0\0\0\0\0\0\x03\0\0\0\x3a\0\0\0\x79\0\0\0\0\0\0\0\
\x03\0\0\0\x3a\0\0\0\x93\0\0\0\0\0\0\0\x02\0\0\0\x02\0\0\0\xe3\0\0\0\0\0\0\0\
\x02\0\0\0\x04\0\0\0\x33\x01\0\0\0\0\0\0\x02\0\0\0\x06\0\0\0\x84\x01\0\0\0\0\0\
\0\x02\0\0\0\x08\0\0\0\xd6\x01\0\0\0\0\0\0\x02\0\0\0\x0a\0\0\0\x29\x02\0\0\0\0\
\0\0\x02\0\0\0\x0c\0\0\0\x7c\x02\0\0\0\0\0\0\x02\0\0\0\x0e\0\0\0\xcf\x02\0\0\0\
\0\0\0\x02\0\0\0\x10\0\0\0\x22\x03\0\0\0\0\0\0\x02\0\0\0\x12\0\0\0\x76\x03\0\0\
\0\0\0\0\x02\0\0\0\x14\0\0\0\xca\x03\0\0\0\0\0\0\x02\0\0\0\x16\0\0\0\x37\x04\0\
\0\0\0\0\0\x02\0\0\0\x1a\0\0\0\x31\x05\0\0\0\0\0\0\x02\0\0\0\x20\0\0\0\x9e\x05\
\0\0\0\0\0\0\x02\0\0\0\x24\0\0\0\x9d\x06\0\0\0\0\0\0\x02\0\0\0\x29\0\0\0\x30\
\x07\0\0\0\0\0\0\x02\0\0\0\x2d\0\0\0\x3b\x3d\x3e\x3f\x40\x41\x42\x43\x44\x45\
\x46\x49\x4a\x4c\x4d\x4e\x4f\x48\x4b\x3c\x47\0\x2e\x72\x65\x6c\x75\x70\x72\x6f\
\x62\x65\x2f\x6e\x72\x66\x5f\x6e\x66\x5f\x64\x69\x73\x63\x6f\x76\x65\x72\x79\0\
\x2e\x64\x65\x62\x75\x67\x5f\x61\x62\x62\x72\x65\x76\0\x2e\x74\x65\x78\x74\0\
\x2e\x72\x65\x6c\x2e\x42\x54\x46\x2e\x65\x78\x74\0\x2e\x72\x65\x6c\x75\x70\x72\
\x6f\x62\x65\x2f\x6e\x72\x66\x5f\x67\x65\x74\x5f\x6e\x66\x5f\x69\x6e\x73\x74\0\
\x2e\x72\x65\x6c\x75\x70\x72\x6f\x62\x65\x2f\x6e\x72\x66\x5f\x75\x70\x64\x61\
\x74\x65\x5f\x6e\x66\x5f\x69\x6e\x73\x74\0\x2e\x72\x65\x6c\x75\x70\x72\x6f\x62\
\x65\x2f\x6e\x72\x66\x5f\x67\x65\x74\x5f\x6e\x66\x5f\x69\x6e\x73\x74\x5f\x6c\
\x69\x73\x74\0\x74\x72\x61\x63\x65\x5f\x61\x63\x63\x65\x70\x74\x5f\x65\x78\x69\
\x74\0\x74\x72\x61\x63\x65\x5f\x63\x6f\x6e\x6e\x65\x63\x74\x5f\x65\x78\x69\x74\
\0\x74\x72\x61\x63\x65\x5f\x72\x65\x61\x64\x5f\x65\x78\x69\x74\0\x2e\x72\x65\
\x6c\x74\x72\x61\x63\x65\x70\x6f\x69\x6e\x74\x2f\x73\x79\x73\x63\x61\x6c\x6c\
\x73\x2f\x73\x79\x73\x5f\x65\x78\x69\x74\x5f\x63\x6f\x6e\x6e\x65\x63\x74\0\x2e\
\x72\x65\x6c\x74\x72\x61\x63\x65\x70\x6f\x69\x6e\x74\x2f\x73\x79\x73\x63\x61\
\x6c\x6c\x73\x2f\x73\x79\x73\x5f\x65\x6e\x74\x65\x72\x5f\x63\x6f\x6e\x6e\x65\
\x63\x74\0\x2e\x64\x65\x62\x75\x67\x5f\x72\x6e\x67\x6c\x69\x73\x74\x73\0\x2e\
\x64\x65\x62\x75\x67\x5f\x6c\x6f\x63\x6c\x69\x73\x74\x73\0\x65\x76\x65\x6e\x74\
\x73\0\x2e\x72\x65\x6c\x2e\x64\x65\x62\x75\x67\x5f\x73\x74\x72\x5f\x6f\x66\x66\
\x73\x65\x74\x73\0\x2e\x6d\x61\x70\x73\0\x2e\x64\x65\x62\x75\x67\x5f\x73\x74\
\x72\0\x2e\x64\x65\x62\x75\x67\x5f\x6c\x69\x6e\x65\x5f\x73\x74\x72\0\x2e\x72\
\x65\x6c\x75\x70\x72\x6f\x62\x65\x2f\x6e\x72\x66\x5f\x6e\x66\x5f\x64\x65\x72\
\x65\x67\x69\x73\x74\x65\x72\0\x2e\x72\x65\x6c\x75\x70\x72\x6f\x62\x65\x2f\x6e\
\x72\x66\x5f\x6e\x66\x5f\x72\x65\x67\x69\x73\x74\x65\x72\0\x74\x72\x61\x63\x65\
\x5f\x61\x63\x63\x65\x70\x74\x5f\x65\x6e\x74\x65\x72\0\x74\x72\x61\x63\x65\x5f\
\x63\x6f\x6e\x6e\x65\x63\x74\x5f\x65\x6e\x74\x65\x72\0\x74\x72\x61\x63\x65\x5f\
\x77\x72\x69\x74\x65\x5f\x65\x6e\x74\x65\x72\0\x2e\x72\x65\x6c\x2e\x64\x65\x62\
\x75\x67\x5f\x61\x64\x64\x72\0\x6e\x72\x66\x5f\x63\x67\x72\x6f\x75\x70\x5f\x6d\
\x61\x70\0\x2e\x72\x65\x6c\x2e\x64\x65\x62\x75\x67\x5f\x69\x6e\x66\x6f\0\x2e\
\x72\x65\x6c\x75\x70\x72\x6f\x62\x65\x2f\x6e\x72\x66\x5f\x61\x63\x63\x65\x73\
\x73\x5f\x74\x6f\x6b\x65\x6e\0\x61\x63\x63\x65\x70\x74\x5f\x73\x63\x72\x61\x74\
\x63\x68\0\x63\x6f\x6e\x6e\x65\x63\x74\x5f\x73\x63\x72\x61\x74\x63\x68\0\x2e\
\x6c\x6c\x76\x6d\x5f\x61\x64\x64\x72\x73\x69\x67\0\x2e\x72\x65\x6c\x74\x72\x61\
\x63\x65\x70\x6f\x69\x6e\x74\x2f\x73\x79\x73\x63\x61\x6c\x6c\x73\x2f\x73\x79\
\x73\x5f\x65\x6e\x74\x65\x72\x5f\x77\x72\x69\x74\x65\0\x6c\x69\x63\x65\x6e\x73\
\x65\0\x2e\x72\x65\x6c\x2e\x64\x65\x62\x75\x67\x5f\x6c\x69\x6e\x65\0\x2e\x72\
\x65\x6c\x2e\x64\x65\x62\x75\x67\x5f\x66\x72\x61\x6d\x65\0\x2e\x72\x65\x6c\x74\
\x72\x61\x63\x65\x70\x6f\x69\x6e\x74\x2f\x73\x79\x73\x63\x61\x6c\x6c\x73\x2f\
\x73\x79\x73\x5f\x65\x78\x69\x74\x5f\x72\x65\x61\x64\0\x6e\x72\x66\x5f\x74\x72\
\x61\x63\x65\x72\x2e\x62\x70\x66\x2e\x63\0\x2e\x72\x65\x6c\x75\x70\x72\x6f\x62\
\x65\x2f\x6e\x72\x66\x5f\x72\x65\x6d\x6f\x76\x65\x5f\x73\x75\x62\0\x2e\x72\x65\
\x6c\x75\x70\x72\x6f\x62\x65\x2f\x6e\x72\x66\x5f\x63\x72\x65\x61\x74\x65\x5f\
\x73\x75\x62\0\x2e\x72\x65\x6c\x75\x70\x72\x6f\x62\x65\x2f\x6e\x72\x66\x5f\x75\
\x70\x64\x61\x74\x65\x5f\x73\x75\x62\0\x2e\x73\x74\x72\x74\x61\x62\0\x2e\x73\
\x79\x6d\x74\x61\x62\0\x2e\x72\x65\x6c\x2e\x42\x54\x46\0\x4c\x49\x43\x45\x4e\
\x53\x45\0\x4c\x42\x42\x31\x35\x5f\x37\0\x4c\x42\x42\x31\x34\x5f\x37\0\x4c\x42\
\x42\x31\x31\x5f\x37\0\x4c\x42\x42\x31\x32\x5f\x35\0\x4c\x42\x42\x31\x30\x5f\
\x35\0\x2e\x72\x65\x6c\x74\x72\x61\x63\x65\x70\x6f\x69\x6e\x74\x2f\x73\x79\x73\
\x63\x61\x6c\x6c\x73\x2f\x73\x79\x73\x5f\x65\x78\x69\x74\x5f\x61\x63\x63\x65\
\x70\x74\x34\0\x2e\x72\x65\x6c\x74\x72\x61\x63\x65\x70\x6f\x69\x6e\x74\x2f\x73\
\x79\x73\x63\x61\x6c\x6c\x73\x2f\x73\x79\x73\x5f\x65\x6e\x74\x65\x72\x5f\x61\
\x63\x63\x65\x70\x74\x34\0\x4c\x42\x42\x31\x35\x5f\x33\0\x4c\x42\x42\x31\x34\
\x5f\x33\0\x4c\x42\x42\x31\x33\x5f\x33\0\x4c\x42\x42\x31\x32\x5f\x33\0\x4c\x42\
\x42\x31\x31\x5f\x33\0\x4c\x42\x42\x31\x30\x5f\x33\0\x4c\x42\x42\x39\x5f\x32\0\
\x4c\x42\x42\x38\x5f\x32\0\x4c\x42\x42\x37\x5f\x32\0\x4c\x42\x42\x36\x5f\x32\0\
\x4c\x42\x42\x35\x5f\x32\0\x4c\x42\x42\x31\x35\x5f\x32\0\x4c\x42\x42\x34\x5f\
\x32\0\x4c\x42\x42\x31\x34\x5f\x32\0\x4c\x42\x42\x33\x5f\x32\0\x4c\x42\x42\x31\
\x33\x5f\x32\0\x4c\x42\x42\x32\x5f\x32\0\x4c\x42\x42\x31\x32\x5f\x32\0\x4c\x42\
\x42\x31\x5f\x32\0\x4c\x42\x42\x31\x31\x5f\x32\0\x4c\x42\x42\x30\x5f\x32\0\x4c\
\x42\x42\x31\x30\x5f\x32\0\x4c\x42\x42\x31\x33\x5f\x31\x31\0\x4c\x42\x42\x31\
\x31\x5f\x31\x31\0\x2e\x72\x6f\x64\x61\x74\x61\x2e\x73\x74\x72\x31\x2e\x31\0\
\x4c\x42\x42\x31\x33\x5f\x31\x30\0\x4c\x42\x42\x31\x31\x5f\x31\x30\0\0\0\0\0\0\
\0\0\0\0\0\0\0\0\0\0\0\0\0\0\0\0\0\0\0\0\0\0\0\0\0\0\0\0\0\0\0\0\0\0\0\0\0\0\0\
\0\0\0\0\0\0\0\0\0\0\0\0\0\0\0\0\0\0\0\0\0\x3d\x03\0\0\x03\0\0\0\0\0\0\0\0\0\0\
\0\0\0\0\0\0\0\0\0\xdd\xcf\0\0\0\0\0\0\xb2\x04\0\0\0\0\0\0\0\0\0\0\0\0\0\0\x01\
\0\0\0\0\0\0\0\0\0\0\0\0\0\0\0\x2b\0\0\0\x01\0\0\0\x06\0\0\0\0\0\0\0\0\0\0\0\0\
\0\0\0\x40\0\0\0\0\0\0\0\0\0\0\0\0\0\0\0\0\0\0\0\0\0\0\0\x04\0\0\0\0\0\0\0\0\0\
\0\0\0\0\0\0\x9f\x01\0\0\x01\0\0\0\x06\0\0\0\0\0\0\0\0\0\0\0\0\0\0\0\x40\0\0\0\
\0\0\0\0\xe8\x03\0\0\0\0\0\0\0\0\0\0\0\0\0\0\x08\0\0\0\0\0\0\0\0\0\0\0\0\0\0\0\
\x9b\x01\0\0\x09\0\0\0\x40\0\0\0\0\0\0\0\0\0\0\0\0\0\0\0\xe8\xa5\0\0\0\0\0\0\
\x10\0\0\0\0\0\0\0\x3a\0\0\0\x03\0\0\0\x08\0\0\0\0\0\0\0\x10\0\0\0\0\0\0\0\x82\
\x01\0\0\x01\0\0\0\x06\0\0\0\0\0\0\0\0\0\0\0\0\0\0\0\x28\x04\0\0\0\0\0\0\xf8\
\x03\0\0\0\0\0\0\0\0\0\0\0\0\0\0\x08\0\0\0\0\0\0\0\0\0\0\0\0\0\0\0\x7e\x01\0\0\
\x09\0\0\0\x40\0\0\0\0\0\0\0\0\0\0\0\0\0\0\0\xf8\xa5\0\0\0\0\0\0\x10\0\0\0\0\0\
\0\0\x3a\0\0\0\x05\0\0\0\x08\0\0\0\0\0\0\0\x10\0\0\0\0\0\0\0\x42\0\0\0\x01\0\0\
\0\x06\0\0\0\0\0\0\0\0\0\0\0\0\0\0\0\x20\x08\0\0\0\0\0\0\x08\x04\0\0\0\0\0\0\0\
\0\0\0\0\0\0\0\x08\0\0\0\0\0\0\0\0\0\0\0\0\0\0\0\x3e\0\0\0\x09\0\0\0\x40\0\0\0\
\0\0\0\0\0\0\0\0\0\0\0\0\x08\xa6\0\0\0\0\0\0\x10\0\0\0\0\0\0\0\x3a\0\0\0\x07\0\
\0\0\x08\0\0\0\0\0\0\0\x10\0\0\0\0\0\0\0\x7b\0\0\0\x01\0\0\0\x06\0\0\0\0\0\0\0\
\0\0\0\0\0\0\0\0\x28\x0c\0\0\0\0\0\0\x38\x04\0\0\0\0\0\0\0\0\0\0\0\0\0\0\x08\0\
\0\0\0\0\0\0\0\0\0\0\0\0\0\0\x77\0\0\0\x09\0\0\0\x40\0\0\0\0\0\0\0\0\0\0\0\0\0\
\0\0\x18\xa6\0\0\0\0\0\0\x10\0\0\0\0\0\0\0\x3a\0\0\0\x09\0\0\0\x08\0\0\0\0\0\0\
\0\x10\0\0\0\0\0\0\0\x5d\0\0\0\x01\0\0\0\x06\0\0\0\0\0\0\0\0\0\0\0\0\0\0\0\x60\
\x10\0\0\0\0\0\0\x30\x04\0\0\0\0\0\0\0\0\0\0\0\0\0\0\x08\0\0\0\0\0\0\0\0\0\0\0\
\0\0\0\0\x59\0\0\0\x09\0\0\0\x40\0\0\0\0\0\0\0\0\0\0\0\0\0\0\0\x28\xa6\0\0\0\0\
\0\0\x10\0\0\0\0\0\0\0\x3a\0\0\0\x0b\0\0\0\x08\0\0\0\0\0\0\0\x10\0\0\0\0\0\0\0\
\x0d\x03\0\0\x01\0\0\0\x06\0\0\0\0\0\0\0\0\0\0\0\0\0\0\0\x90\x14\0\0\0\0\0\0\
\x50\x04\0\0\0\0\0\0\0\0\0\0\0\0\0\0\x08\0\0\0\0\0\0\0\0\0\0\0\0\0\0\0\x09\x03\
\0\0\x09\0\0\0\x40\0\0\0\0\0\0\0\0\0\0\0\0\0\0\0\x38\xa6\0\0\0\0\0\0\x10\0\0\0\
\0\0\0\0\x3a\0\0\0\x0d\0\0\0\x08\0\0\0\0\0\0\0\x10\0\0\0\0\0\0\0\xf3\x02\0\0\
\x01\0\0\0\x06\0\0\0\0\0\0\0\0\0\0\0\0\0\0\0\xe0\x18\0\0\0\0\0\0\x58\x04\0\0\0\
\0\0\0\0\0\0\0\0\0\0\0\x08\0\0\0\0\0\0\0\0\0\0\0\0\0\0\0\xef\x02\0\0\x09\0\0\0\
\x40\0\0\0\0\0\0\0\0\0\0\0\0\0\0\0\x48\xa6\0\0\0\0\0\0\x10\0\0\0\0\0\0\0\x3a\0\
\0\0\x0f\0\0\0\x08\0\0\0\0\0\0\0\x10\0\0\0\0\0\0\0\x27\x03\0\0\x01\0\0\0\x06\0\
\0\0\0\0\0\0\0\0\0\0\0\0\0\0\x38\x1d\0\0\0\0\0\0\x58\x04\0\0\0\0\0\0\0\0\0\0\0\
\0\0\0\x08\0\0\0\0\0\0\0\0\0\0\0\0\0\0\0\x23\x03\0\0\x09\0\0\0\x40\0\0\0\0\0\0\
\0\0\0\0\0\0\0\0\0\x58\xa6\0\0\0\0\0\0\x10\0\0\0\0\0\0\0\x3a\0\0\0\x11\0\0\0\
\x08\0\0\0\0\0\0\0\x10\0\0\0\0\0\0\0\x22\x02\0\0\x01\0\0\0\x06\0\0\0\0\0\0\0\0\
\0\0\0\0\0\0\0\x90\x21\0\0\0\0\0\0\xe8\x03\0\0\0\0\0\0\0\0\0\0\0\0\0\0\x08\0\0\
\0\0\0\0\0\0\0\0\0\0\0\0\0\x1e\x02\0\0\x09\0\0\0\x40\0\0\0\0\0\0\0\0\0\0\0\0\0\
\0\0\x68\xa6\0\0\0\0\0\0\x10\0\0\0\0\0\0\0\x3a\0\0\0\x13\0\0\0\x08\0\0\0\0\0\0\
\0\x10\0\0\0\0\0\0\0\x05\0\0\0\x01\0\0\0\x06\0\0\0\0\0\0\0\0\0\0\0\0\0\0\0\x78\
\x25\0\0\0\0\0\0\0\x04\0\0\0\0\0\0\0\0\0\0\0\0\0\0\x08\0\0\0\0\0\0\0\0\0\0\0\0\
\0\0\0\x01\0\0\0\x09\0\0\0\x40\0\0\0\0\0\0\0\0\0\0\0\0\0\0\0\x78\xa6\0\0\0\0\0\
\0\x10\0\0\0\0\0\0\0\x3a\0\0\0\x15\0\0\0\x08\0\0\0\0\0\0\0\x10\0\0\0\0\0\0\0\
\xf9\0\0\0\x01\0\0\0\x06\0\0\0\0\0\0\0\0\0\0\0\0\0\0\0\x78\x29\0\0\0\0\0\0\x20\
\x01\0\0\0\0\0\0\0\0\0\0\0\0\0\0\x08\0\0\0\0\0\0\0\0\0\0\0\0\0\0\0\xf5\0\0\0\
\x09\0\0\0\x40\0\0\0\0\0\0\0\0\0\0\0\0\0\0\0\x88\xa6\0\0\0\0\0\0\x20\0\0\0\0\0\
\0\0\x3a\0\0\0\x17\0\0\0\x08\0\0\0\0\0\0\0\x10\0\0\0\0\0\0\0\xd0\0\0\0\x01\0\0\
\0\x06\0\0\0\0\0\0\0\0\0\0\0\0\0\0\0\x98\x2a\0\0\0\0\0\0\x68\x05\0\0\0\0\0\0\0\
\0\0\0\0\0\0\0\x08\0\0\0\0\0\0\0\0\0\0\0\0\0\0\0\xcc\0\0\0\x09\0\0\0\x40\0\0\0\
\0\0\0\0\0\0\0\0\0\0\0\0\xa8\xa6\0\0\0\0\0\0\x40\0\0\0\0\0\0\0\x3a\0\0\0\x19\0\
\0\0\x08\0\0\0\0\0\0\0\x10\0\0\0\0\0\0\0\xb3\x03\0\0\x01\0\0\0\x06\0\0\0\0\0\0\
\0\0\0\0\0\0\0\0\0\0\x30\0\0\0\0\0\0\x20\x01\0\0\0\0\0\0\0\0\0\0\0\0\0\0\x08\0\
\0\0\0\0\0\0\0\0\0\0\0\0\0\0\xaf\x03\0\0\x09\0\0\0\x40\0\0\0\0\0\0\0\0\0\0\0\0\
\0\0\0\xe8\xa6\0\0\0\0\0\0\x20\0\0\0\0\0\0\0\x3a\0\0\0\x1b\0\0\0\x08\0\0\0\0\0\
\0\0\x10\0\0\0\0\0\0\0\x8a\x03\0\0\x01\0\0\0\x06\0\0\0\0\0\0\0\0\0\0\0\0\0\0\0\
\x20\x31\0\0\0\0\0\0\x60\x05\0\0\0\0\0\0\0\0\0\0\0\0\0\0\x08\0\0\0\0\0\0\0\0\0\
\0\0\0\0\0\0\x86\x03\0\0\x09\0\0\0\x40\0\0\0\0\0\0\0\0\0\0\0\0\0\0\0\x08\xa7\0\
\0\0\0\0\0\x40\0\0\0\0\0\0\0\x3a\0\0\0\x1d\0\0\0\x08\0\0\0\0\0\0\0\x10\0\0\0\0\
\0\0\0\x6b\x02\0\0\x01\0\0\0\x06\0\0\0\0\0\0\0\0\0\0\0\0\0\0\0\x80\x36\0\0\0\0\
\0\0\xf8\x03\0\0\0\0\0\0\0\0\0\0\0\0\0\0\x08\0\0\0\0\0\0\0\0\0\0\0\0\0\0\0\x67\
\x02\0\0\x09\0\0\0\x40\0\0\0\0\0\0\0\0\0\0\0\0\0\0\0\x48\xa7\0\0\0\0\0\0\x20\0\
\0\0\0\0\0\0\x3a\0\0\0\x1f\0\0\0\x08\0\0\0\0\0\0\0\x10\0\0\0\0\0\0\0\xbc\x02\0\
\0\x01\0\0\0\x06\0\0\0\0\0\0\0\0\0\0\0\0\0\0\0\x78\x3a\0\0\0\0\0\0\x18\x04\0\0\
\0\0\0\0\0\0\0\0\0\0\0\0\x08\0\0\0\0\0\0\0\0\0\0\0\0\0\0\0\xb8\x02\0\0\x09\0\0\
\0\x40\0\0\0\0\0\0\0\0\0\0\0\0\0\0\0\x68\xa7\0\0\0\0\0\0\x20\0\0\0\0\0\0\0\x3a\
\0\0\0\x21\0\0\0\x08\0\0\0\0\0\0\0\x10\0\0\0\0\0\0\0\x8f\x02\0\0\x01\0\0\0\x03\
\0\0\0\0\0\0\0\0\0\0\0\0\0\0\0\x90\x3e\0\0\0\0\0\0\x04\0\0\0\0\0\0\0\0\0\0\0\0\
\0\0\0\x01\0\0\0\0\0\0\0\0\0\0\0\0\0\0\0\x91\x04\0\0\x01\0\0\0\x32\0\0\0\0\0\0\
\0\0\0\0\0\0\0\0\0\x94\x3e\0\0\0\0\0\0\x9a\0\0\0\0\0\0\0\0\0\0\0\0\0\0\0\x01\0\
\0\0\0\0\0\0\x01\0\0\0\0\0\0\0\x5d\x01\0\0\x01\0\0\0\x03\0\0\0\0\0\0\0\0\0\0\0\
\0\0\0\0\x30\x3f\0\0\0\0\0\0\x70\0\0\0\0\0\0\0\0\0\0\0\0\0\0\0\x08\0\0\0\0\0\0\
\0\0\0\0\0\0\0\0\0\x2f\x01\0\0\x01\0\0\0\0\0\0\0\0\0\0\0\0\0\0\0\0\0\0\0\xa0\
\x3f\0\0\0\0\0\0\x73\x03\0\0\0\0\0\0\0\0\0\0\0\0\0\0\x01\0\0\0\0\0\0\0\0\0\0\0\
\0\0\0\0\x1d\0\0\0\x01\0\0\0\0\0\0\0\0\0\0\0\0\0\0\0\0\0\0\0\x13\x43\0\0\0\0\0\
\0\xc5\x02\0\0\0\0\0\0\0\0\0\0\0\0\0\0\x01\0\0\0\0\0\0\0\0\0\0\0\0\0\0\0\x12\
\x02\0\0\x01\0\0\0\0\0\0\0\0\0\0\0\0\0\0\0\0\0\0\0\xd8\x45\0\0\0\0\0\0\xdb\x0d\
\0\0\0\0\0\0\0\0\0\0\0\0\0\0\x01\0\0\0\0\0\0\0\0\0\0\0\0\0\0\0\x0e\x02\0\0\x09\
\0\0\0\x40\0\0\0\0\0\0\0\0\0\0\0\0\0\0\0\x88\xa7\0\0\0\0\0\0\x60\0\0\0\0\0\0\0\
\x3a\0\0\0\x28\0\0\0\x08\0\0\0\0\0\0\0\x10\0\0\0\0\0\0\0\x1f\x01\0\0\x01\0\0\0\
\0\0\0\0\0\0\0\0\0\0\0\0\0\0\0\0\xb3\x53\0\0\0\0\0\0\x82\x01\0\0\0\0\0\0\0\0\0\
\0\0\0\0\0\x01\0\0\0\0\0\0\0\0\0\0\0\0\0\0\0\x4a\x01\0\0\x01\0\0\0\0\0\0\0\0\0\
\0\0\0\0\0\0\0\0\0\0\x35\x55\0\0\0\0\0\0\xa0\x02\0\0\0\0\0\0\0\0\0\0\0\0\0\0\
\x01\0\0\0\0\0\0\0\0\0\0\0\0\0\0\0\x46\x01\0\0\x09\0\0\0\x40\0\0\0\0\0\0\0\0\0\
\0\0\0\0\0\0\xe8\xa7\0\0\0\0\0\0\x60\x0a\0\0\0\0\0\0\x3a\0\0\0\x2b\0\0\0\x08\0\
\0\0\0\0\0\0\x10\0\0\0\0\0\0\0\x63\x01\0\0\x01\0\0\0\x30\0\0\0\0\0\0\0\0\0\0\0\
\0\0\0\0\xd5\x57\0\0\0\0\0\0\x2b\x06\0\0\0\0\0\0\0\0\0\0\0\0\0\0\x01\0\0\0\0\0\
\0\0\x01\0\0\0\0\0\0\0\xf3\x01\0\0\x01\0\0\0\0\0\0\0\0\0\0\0\0\0\0\0\0\0\0\0\0\
\x5e\0\0\0\0\0\0\x18\x01\0\0\0\0\0\0\0\0\0\0\0\0\0\0\x01\0\0\0\0\0\0\0\0\0\0\0\
\0\0\0\0\xef\x01\0\0\x09\0\0\0\x40\0\0\0\0\0\0\0\0\0\0\0\0\0\0\0\x48\xb2\0\0\0\
\0\0\0\x20\x02\0\0\0\0\0\0\x3a\0\0\0\x2e\0\0\0\x08\0\0\0\0\0\0\0\x10\0\0\0\0\0\
\0\0\x51\x03\0\0\x01\0\0\0\0\0\0\0\0\0\0\0\0\0\0\0\0\0\0\0\x18\x5f\0\0\0\0\0\0\
\x09\x1d\0\0\0\0\0\0\0\0\0\0\0\0\0\0\x04\0\0\0\0\0\0\0\0\0\0\0\0\0\0\0\x4d\x03\
\0\0\x09\0\0\0\x40\0\0\0\0\0\0\0\0\0\0\0\0\0\0\0\x68\xb4\0\0\0\0\0\0\x50\0\0\0\
\0\0\0\0\x3a\0\0\0\x30\0\0\0\x08\0\0\0\0\0\0\0\x10\0\0\0\0\0\0\0\x35\0\0\0\x01\
\0\0\0\0\0\0\0\0\0\0\0\0\0\0\0\0\0\0\0\x24\x7c\0\0\0\0\0\0\x6c\x18\0\0\0\0\0\0\
\0\0\0\0\0\0\0\0\x04\0\0\0\0\0\0\0\0\0\0\0\0\0\0\0\x31\0\0\0\x09\0\0\0\x40\0\0\
\0\0\0\0\0\0\0\0\0\0\0\0\0\xb8\xb4\0\0\0\0\0\0\x90\x17\0\0\0\0\0\0\x3a\0\0\0\
\x32\0\0\0\x08\0\0\0\0\0\0\0\x10\0\0\0\0\0\0\0\xab\x02\0\0\x01\0\0\0\0\0\0\0\0\
\0\0\0\0\0\0\0\0\0\0\0\x90\x94\0\0\0\0\0\0\x90\x01\0\0\0\0\0\0\0\0\0\0\0\0\0\0\
\x08\0\0\0\0\0\0\0\0\0\0\0\0\0\0\0\xa7\x02\0\0\x09\0\0\0\x40\0\0\0\0\0\0\0\0\0\
\0\0\0\0\0\0\x48\xcc\0\0\0\0\0\0\0\x02\0\0\0\0\0\0\x3a\0\0\0\x34\0\0\0\x08\0\0\
\0\0\0\0\0\x10\0\0\0\0\0\0\0\x9b\x02\0\0\x01\0\0\0\0\0\0\0\0\0\0\0\0\0\0\0\0\0\
\0\0\x20\x96\0\0\0\0\0\0\xce\x07\0\0\0\0\0\0\0\0\0\0\0\0\0\0\x01\0\0\0\0\0\0\0\
\0\0\0\0\0\0\0\0\x97\x02\0\0\x09\0\0\0\x40\0\0\0\0\0\0\0\0\0\0\0\0\0\0\0\x48\
\xce\0\0\0\0\0\0\x80\x01\0\0\0\0\0\0\x3a\0\0\0\x36\0\0\0\x08\0\0\0\0\0\0\0\x10\
\0\0\0\0\0\0\0\x6e\x01\0\0\x01\0\0\0\x30\0\0\0\0\0\0\0\0\0\0\0\0\0\0\0\xee\x9d\
\0\0\0\0\0\0\x74\0\0\0\0\0\0\0\0\0\0\0\0\0\0\0\x01\0\0\0\0\0\0\0\x01\0\0\0\0\0\
\0\0\x59\x02\0\0\x03\x4c\xff\x6f\0\0\0\x80\0\0\0\0\0\0\0\0\0\0\0\0\xc8\xcf\0\0\
\0\0\0\0\x15\0\0\0\0\0\0\0\x3a\0\0\0\0\0\0\0\x01\0\0\0\0\0\0\0\0\0\0\0\0\0\0\0\
\x45\x03\0\0\x02\0\0\0\0\0\0\0\0\0\0\0\0\0\0\0\0\0\0\0\x68\x9e\0\0\0\0\0\0\x80\
\x07\0\0\0\0\0\0\x01\0\0\0\x3b\0\0\0\x08\0\0\0\0\0\0\0\x18\0\0\0\0\0\0\0";

	*sz = sizeof(data) - 1;
	return (const void *)data;
}

#ifdef __cplusplus
struct nrf_tracer_bpf *nrf_tracer_bpf::open(const struct bpf_object_open_opts *opts) { return nrf_tracer_bpf__open_opts(opts); }
struct nrf_tracer_bpf *nrf_tracer_bpf::open_and_load() { return nrf_tracer_bpf__open_and_load(); }
int nrf_tracer_bpf::load(struct nrf_tracer_bpf *skel) { return nrf_tracer_bpf__load(skel); }
int nrf_tracer_bpf::attach(struct nrf_tracer_bpf *skel) { return nrf_tracer_bpf__attach(skel); }
void nrf_tracer_bpf::detach(struct nrf_tracer_bpf *skel) { nrf_tracer_bpf__detach(skel); }
void nrf_tracer_bpf::destroy(struct nrf_tracer_bpf *skel) { nrf_tracer_bpf__destroy(skel); }
const void *nrf_tracer_bpf::elf_bytes(size_t *sz) { return nrf_tracer_bpf__elf_bytes(sz); }
#endif /* __cplusplus */

__attribute__((unused)) static void
nrf_tracer_bpf__assert(struct nrf_tracer_bpf *s __attribute__((unused)))
{
#ifdef __cplusplus
#define _Static_assert static_assert
#endif
#ifdef __cplusplus
#undef _Static_assert
#endif
}

#endif /* __NRF_TRACER_BPF_SKEL_H__ */
