/* SPDX-License-Identifier: (LGPL-2.1 OR BSD-2-Clause) */

/* THIS FILE IS AUTOGENERATED BY BPFTOOL! */
#ifndef __AMF_TRACER_BPF_SKEL_H__
#define __AMF_TRACER_BPF_SKEL_H__

#include <errno.h>
#include <stdlib.h>
#include <bpf/libbpf.h>

#define BPF_SKEL_SUPPORTS_MAP_AUTO_ATTACH 1

struct amf_tracer_bpf {
	struct bpf_object_skeleton *skeleton;
	struct bpf_object *obj;
	struct {
		struct bpf_map *connect_scratch;
		struct bpf_map *accept_scratch;
		struct bpf_map *events;
		struct bpf_map *amf_cgroup_map;
		struct bpf_map *rodata_str1_1;
	} maps;
	struct {
		struct bpf_program *amf_stat_ch_sub;
		struct bpf_program *amf_stat_ch_unsub;
		struct bpf_program *amf_stat_ch_mod_sub;
		struct bpf_program *amf_ue_create;
		struct bpf_program *amf_ue_assign_ebi;
		struct bpf_program *amf_ue_release;
		struct bpf_program *amf_ue_transfer;
		struct bpf_program *amf_ue_reg_stat_update;
		struct bpf_program *amf_n1msg_notify;
		struct bpf_program *amf_sm_notify;
		struct bpf_program *amf_am_update_notify;
		struct bpf_program *amf_am_terminate_notify;
		struct bpf_program *amf_create_event_sub;
		struct bpf_program *amf_modify_event_sub;
		struct bpf_program *amf_delete_event_sub;
		struct bpf_program *amf_n1n2msg_transfer;
		struct bpf_program *amf_n1n2msg_sub;
		struct bpf_program *amf_n1n2msg_unsub;
		struct bpf_program *amf_n1n2msg_stat;
		struct bpf_program *amf_loc_info;
		struct bpf_program *amf_domain_sel_info;
		struct bpf_program *amf_oam_ue_context;
		struct bpf_program *trace_connect_enter;
		struct bpf_program *trace_connect_exit;
		struct bpf_program *trace_accept_enter;
		struct bpf_program *trace_accept_exit;
		struct bpf_program *trace_write_enter;
		struct bpf_program *trace_read_exit;
	} progs;
	struct {
		struct bpf_link *amf_stat_ch_sub;
		struct bpf_link *amf_stat_ch_unsub;
		struct bpf_link *amf_stat_ch_mod_sub;
		struct bpf_link *amf_ue_create;
		struct bpf_link *amf_ue_assign_ebi;
		struct bpf_link *amf_ue_release;
		struct bpf_link *amf_ue_transfer;
		struct bpf_link *amf_ue_reg_stat_update;
		struct bpf_link *amf_n1msg_notify;
		struct bpf_link *amf_sm_notify;
		struct bpf_link *amf_am_update_notify;
		struct bpf_link *amf_am_terminate_notify;
		struct bpf_link *amf_create_event_sub;
		struct bpf_link *amf_modify_event_sub;
		struct bpf_link *amf_delete_event_sub;
		struct bpf_link *amf_n1n2msg_transfer;
		struct bpf_link *amf_n1n2msg_sub;
		struct bpf_link *amf_n1n2msg_unsub;
		struct bpf_link *amf_n1n2msg_stat;
		struct bpf_link *amf_loc_info;
		struct bpf_link *amf_domain_sel_info;
		struct bpf_link *amf_oam_ue_context;
		struct bpf_link *trace_connect_enter;
		struct bpf_link *trace_connect_exit;
		struct bpf_link *trace_accept_enter;
		struct bpf_link *trace_accept_exit;
		struct bpf_link *trace_write_enter;
		struct bpf_link *trace_read_exit;
	} links;

#ifdef __cplusplus
	static inline struct amf_tracer_bpf *open(const struct bpf_object_open_opts *opts = nullptr);
	static inline struct amf_tracer_bpf *open_and_load();
	static inline int load(struct amf_tracer_bpf *skel);
	static inline int attach(struct amf_tracer_bpf *skel);
	static inline void detach(struct amf_tracer_bpf *skel);
	static inline void destroy(struct amf_tracer_bpf *skel);
	static inline const void *elf_bytes(size_t *sz);
#endif /* __cplusplus */
};

static void
amf_tracer_bpf__destroy(struct amf_tracer_bpf *obj)
{
	if (!obj)
		return;
	if (obj->skeleton)
		bpf_object__destroy_skeleton(obj->skeleton);
	free(obj);
}

static inline int
amf_tracer_bpf__create_skeleton(struct amf_tracer_bpf *obj);

static inline struct amf_tracer_bpf *
amf_tracer_bpf__open_opts(const struct bpf_object_open_opts *opts)
{
	struct amf_tracer_bpf *obj;
	int err;

	obj = (struct amf_tracer_bpf *)calloc(1, sizeof(*obj));
	if (!obj) {
		errno = ENOMEM;
		return NULL;
	}

	err = amf_tracer_bpf__create_skeleton(obj);
	if (err)
		goto err_out;

	err = bpf_object__open_skeleton(obj->skeleton, opts);
	if (err)
		goto err_out;

	return obj;
err_out:
	amf_tracer_bpf__destroy(obj);
	errno = -err;
	return NULL;
}

static inline struct amf_tracer_bpf *
amf_tracer_bpf__open(void)
{
	return amf_tracer_bpf__open_opts(NULL);
}

static inline int
amf_tracer_bpf__load(struct amf_tracer_bpf *obj)
{
	return bpf_object__load_skeleton(obj->skeleton);
}

static inline struct amf_tracer_bpf *
amf_tracer_bpf__open_and_load(void)
{
	struct amf_tracer_bpf *obj;
	int err;

	obj = amf_tracer_bpf__open();
	if (!obj)
		return NULL;
	err = amf_tracer_bpf__load(obj);
	if (err) {
		amf_tracer_bpf__destroy(obj);
		errno = -err;
		return NULL;
	}
	return obj;
}

static inline int
amf_tracer_bpf__attach(struct amf_tracer_bpf *obj)
{
	return bpf_object__attach_skeleton(obj->skeleton);
}

static inline void
amf_tracer_bpf__detach(struct amf_tracer_bpf *obj)
{
	bpf_object__detach_skeleton(obj->skeleton);
}

static inline const void *amf_tracer_bpf__elf_bytes(size_t *sz);

static inline int
amf_tracer_bpf__create_skeleton(struct amf_tracer_bpf *obj)
{
	struct bpf_object_skeleton *s;
	struct bpf_map_skeleton *map __attribute__((unused));
	int err;

	s = (struct bpf_object_skeleton *)calloc(1, sizeof(*s));
	if (!s)	{
		err = -ENOMEM;
		goto err;
	}

	s->sz = sizeof(*s);
	s->name = "amf_tracer_bpf";
	s->obj = &obj->obj;

	/* maps */
	s->map_cnt = 5;
	s->map_skel_sz = 24;
	s->maps = (struct bpf_map_skeleton *)calloc(s->map_cnt,
			sizeof(*s->maps) > 24 ? sizeof(*s->maps) : 24);
	if (!s->maps) {
		err = -ENOMEM;
		goto err;
	}

	map = (struct bpf_map_skeleton *)((char *)s->maps + 0 * s->map_skel_sz);
	map->name = "connect_scratch";
	map->map = &obj->maps.connect_scratch;

	map = (struct bpf_map_skeleton *)((char *)s->maps + 1 * s->map_skel_sz);
	map->name = "accept_scratch";
	map->map = &obj->maps.accept_scratch;

	map = (struct bpf_map_skeleton *)((char *)s->maps + 2 * s->map_skel_sz);
	map->name = "events";
	map->map = &obj->maps.events;

	map = (struct bpf_map_skeleton *)((char *)s->maps + 3 * s->map_skel_sz);
	map->name = "amf_cgroup_map";
	map->map = &obj->maps.amf_cgroup_map;

	map = (struct bpf_map_skeleton *)((char *)s->maps + 4 * s->map_skel_sz);
	map->name = ".rodata.str1.1";
	map->map = &obj->maps.rodata_str1_1;

	/* programs */
	s->prog_cnt = 28;
	s->prog_skel_sz = sizeof(*s->progs);
	s->progs = (struct bpf_prog_skeleton *)calloc(s->prog_cnt, s->prog_skel_sz);
	if (!s->progs) {
		err = -ENOMEM;
		goto err;
	}

	s->progs[0].name = "amf_stat_ch_sub";
	s->progs[0].prog = &obj->progs.amf_stat_ch_sub;
	s->progs[0].link = &obj->links.amf_stat_ch_sub;

	s->progs[1].name = "amf_stat_ch_unsub";
	s->progs[1].prog = &obj->progs.amf_stat_ch_unsub;
	s->progs[1].link = &obj->links.amf_stat_ch_unsub;

	s->progs[2].name = "amf_stat_ch_mod_sub";
	s->progs[2].prog = &obj->progs.amf_stat_ch_mod_sub;
	s->progs[2].link = &obj->links.amf_stat_ch_mod_sub;

	s->progs[3].name = "amf_ue_create";
	s->progs[3].prog = &obj->progs.amf_ue_create;
	s->progs[3].link = &obj->links.amf_ue_create;

	s->progs[4].name = "amf_ue_assign_ebi";
	s->progs[4].prog = &obj->progs.amf_ue_assign_ebi;
	s->progs[4].link = &obj->links.amf_ue_assign_ebi;

	s->progs[5].name = "amf_ue_release";
	s->progs[5].prog = &obj->progs.amf_ue_release;
	s->progs[5].link = &obj->links.amf_ue_release;

	s->progs[6].name = "amf_ue_transfer";
	s->progs[6].prog = &obj->progs.amf_ue_transfer;
	s->progs[6].link = &obj->links.amf_ue_transfer;

	s->progs[7].name = "amf_ue_reg_stat_update";
	s->progs[7].prog = &obj->progs.amf_ue_reg_stat_update;
	s->progs[7].link = &obj->links.amf_ue_reg_stat_update;

	s->progs[8].name = "amf_n1msg_notify";
	s->progs[8].prog = &obj->progs.amf_n1msg_notify;
	s->progs[8].link = &obj->links.amf_n1msg_notify;

	s->progs[9].name = "amf_sm_notify";
	s->progs[9].prog = &obj->progs.amf_sm_notify;
	s->progs[9].link = &obj->links.amf_sm_notify;

	s->progs[10].name = "amf_am_update_notify";
	s->progs[10].prog = &obj->progs.amf_am_update_notify;
	s->progs[10].link = &obj->links.amf_am_update_notify;

	s->progs[11].name = "amf_am_terminate_notify";
	s->progs[11].prog = &obj->progs.amf_am_terminate_notify;
	s->progs[11].link = &obj->links.amf_am_terminate_notify;

	s->progs[12].name = "amf_create_event_sub";
	s->progs[12].prog = &obj->progs.amf_create_event_sub;
	s->progs[12].link = &obj->links.amf_create_event_sub;

	s->progs[13].name = "amf_modify_event_sub";
	s->progs[13].prog = &obj->progs.amf_modify_event_sub;
	s->progs[13].link = &obj->links.amf_modify_event_sub;

	s->progs[14].name = "amf_delete_event_sub";
	s->progs[14].prog = &obj->progs.amf_delete_event_sub;
	s->progs[14].link = &obj->links.amf_delete_event_sub;

	s->progs[15].name = "amf_n1n2msg_transfer";
	s->progs[15].prog = &obj->progs.amf_n1n2msg_transfer;
	s->progs[15].link = &obj->links.amf_n1n2msg_transfer;

	s->progs[16].name = "amf_n1n2msg_sub";
	s->progs[16].prog = &obj->progs.amf_n1n2msg_sub;
	s->progs[16].link = &obj->links.amf_n1n2msg_sub;

	s->progs[17].name = "amf_n1n2msg_unsub";
	s->progs[17].prog = &obj->progs.amf_n1n2msg_unsub;
	s->progs[17].link = &obj->links.amf_n1n2msg_unsub;

	s->progs[18].name = "amf_n1n2msg_stat";
	s->progs[18].prog = &obj->progs.amf_n1n2msg_stat;
	s->progs[18].link = &obj->links.amf_n1n2msg_stat;

	s->progs[19].name = "amf_loc_info";
	s->progs[19].prog = &obj->progs.amf_loc_info;
	s->progs[19].link = &obj->links.amf_loc_info;

	s->progs[20].name = "amf_domain_sel_info";
	s->progs[20].prog = &obj->progs.amf_domain_sel_info;
	s->progs[20].link = &obj->links.amf_domain_sel_info;

	s->progs[21].name = "amf_oam_ue_context";
	s->progs[21].prog = &obj->progs.amf_oam_ue_context;
	s->progs[21].link = &obj->links.amf_oam_ue_context;

	s->progs[22].name = "trace_connect_enter";
	s->progs[22].prog = &obj->progs.trace_connect_enter;
	s->progs[22].link = &obj->links.trace_connect_enter;

	s->progs[23].name = "trace_connect_exit";
	s->progs[23].prog = &obj->progs.trace_connect_exit;
	s->progs[23].link = &obj->links.trace_connect_exit;

	s->progs[24].name = "trace_accept_enter";
	s->progs[24].prog = &obj->progs.trace_accept_enter;
	s->progs[24].link = &obj->links.trace_accept_enter;

	s->progs[25].name = "trace_accept_exit";
	s->progs[25].prog = &obj->progs.trace_accept_exit;
	s->progs[25].link = &obj->links.trace_accept_exit;

	s->progs[26].name = "trace_write_enter";
	s->progs[26].prog = &obj->progs.trace_write_enter;
	s->progs[26].link = &obj->links.trace_write_enter;

	s->progs[27].name = "trace_read_exit";
	s->progs[27].prog = &obj->progs.trace_read_exit;
	s->progs[27].link = &obj->links.trace_read_exit;

	s->data = amf_tracer_bpf__elf_bytes(&s->data_sz);

	obj->skeleton = s;
	return 0;
err:
	bpf_object__destroy_skeleton(s);
	return err;
}

static inline const void *amf_tracer_bpf__elf_bytes(size_t *sz)
{
	static const char data[] __attribute__((__aligned__(8))) = "\
\x7f\x45\x4c\x46\x02\x01\x01\0\0\0\0\0\0\0\0\0\x01\0\xf7\0\x01\0\0\0\0\0\0\0\0\
\0\0\0\0\0\0\0\0\0\0\0\xe8\x47\x01\0\0\0\0\0\0\0\0\0\x40\0\0\0\0\0\x40\0\x53\0\
\x01\0\xb7\x06\0\0\0\0\0\0\x18\x01\0\0\0\0\0\0\0\0\0\0\0\0\0\0\xb7\x02\0\0\x88\
\x02\0\0\xb7\x03\0\0\0\0\0\0\x85\0\0\0\x83\0\0\0\x15\0\x8a\0\0\0\0\0\x7b\x60\
\x80\x02\0\0\0\0\x7b\x60\x78\x02\0\0\0\0\x7b\x60\x70\x02\0\0\0\0\x7b\x60\x68\
\x02\0\0\0\0\x7b\x60\x60\x02\0\0\0\0\x7b\x60\x58\x02\0\0\0\0\x7b\x60\x50\x02\0\
\0\0\0\x7b\x60\x48\x02\0\0\0\0\x7b\x60\x40\x02\0\0\0\0\x7b\x60\x38\x02\0\0\0\0\
\x7b\x60\x30\x02\0\0\0\0\x7b\x60\x28\x02\0\0\0\0\x7b\x60\x20\x02\0\0\0\0\x7b\
\x60\x18\x02\0\0\0\0\x7b\x60\x10\x02\0\0\0\0\x7b\x60\x08\x02\0\0\0\0\x7b\x60\0\
\x02\0\0\0\0\x7b\x60\xf8\x01\0\0\0\0\x7b\x60\xf0\x01\0\0\0\0\x7b\x60\xe8\x01\0\
\0\0\0\x7b\x60\xe0\x01\0\0\0\0\x7b\x60\xd8\x01\0\0\0\0\x7b\x60\xd0\x01\0\0\0\0\
\x7b\x60\xc8\x01\0\0\0\0\x7b\x60\xc0\x01\0\0\0\0\x7b\x60\xb8\x01\0\0\0\0\x7b\
\x60\xb0\x01\0\0\0\0\x7b\x60\xa8\x01\0\0\0\0\x7b\x60\xa0\x01\0\0\0\0\x7b\x60\
\x98\x01\0\0\0\0\x7b\x60\x90\x01\0\0\0\0\x7b\x60\x88\x01\0\0\0\0\x7b\x60\x80\
\x01\0\0\0\0\x7b\x60\x78\x01\0\0\0\0\x7b\x60\x70\x01\0\0\0\0\x7b\x60\x68\x01\0\
\0\0\0\x7b\x60\x60\x01\0\0\0\0\x7b\x60\x58\x01\0\0\0\0\x7b\x60\x50\x01\0\0\0\0\
\x7b\x60\x48\x01\0\0\0\0\x7b\x60\x40\x01\0\0\0\0\x7b\x60\x38\x01\0\0\0\0\x7b\
\x60\x30\x01\0\0\0\0\x7b\x60\x28\x01\0\0\0\0\x7b\x60\x20\x01\0\0\0\0\x7b\x60\
\x18\x01\0\0\0\0\x7b\x60\x10\x01\0\0\0\0\x7b\x60\x08\x01\0\0\0\0\x7b\x60\0\x01\
\0\0\0\0\x7b\x60\xf8\0\0\0\0\0\x7b\x60\xf0\0\0\0\0\0\x7b\x60\xe8\0\0\0\0\0\x7b\
\x60\xe0\0\0\0\0\0\x7b\x60\xd8\0\0\0\0\0\x7b\x60\xd0\0\0\0\0\0\x7b\x60\xc8\0\0\
\0\0\0\x7b\x60\xc0\0\0\0\0\0\x7b\x60\xb8\0\0\0\0\0\x7b\x60\xb0\0\0\0\0\0\x7b\
\x60\xa8\0\0\0\0\0\x7b\x60\xa0\0\0\0\0\0\x7b\x60\x98\0\0\0\0\0\x7b\x60\x90\0\0\
\0\0\0\x7b\x60\x88\0\0\0\0\0\x7b\x60\x80\0\0\0\0\0\x7b\x60\x78\0\0\0\0\0\x7b\
\x60\x70\0\0\0\0\0\x7b\x60\x68\0\0\0\0\0\x7b\x60\x60\0\0\0\0\0\x7b\x60\x58\0\0\
\0\0\0\x7b\x60\x50\0\0\0\0\0\x7b\x60\x48\0\0\0\0\0\x7b\x60\x40\0\0\0\0\0\x7b\
\x60\x38\0\0\0\0\0\x7b\x60\x30\0\0\0\0\0\x7b\x60\x28\0\0\0\0\0\x7b\x60\x20\0\0\
\0\0\0\x7b\x60\x18\0\0\0\0\0\x7b\x60\x10\0\0\0\0\0\x7b\x60\x08\0\0\0\0\0\x7b\
\x60\0\0\0\0\0\0\xbf\x06\0\0\0\0\0\0\x85\0\0\0\x05\0\0\0\x7b\x06\x08\0\0\0\0\0\
\x85\0\0\0\x0e\0\0\0\xbf\x01\0\0\0\0\0\0\x67\x01\0\0\x20\0\0\0\x77\0\0\0\x20\0\
\0\0\x4f\x10\0\0\0\0\0\0\x7b\x06\x10\0\0\0\0\0\x85\0\0\0\x50\0\0\0\xb7\x01\0\0\
\x74\0\0\0\x73\x16\x2e\0\0\0\0\0\x73\x16\x2c\0\0\0\0\0\xb7\x01\0\0\x46\0\0\0\
\x73\x16\x2a\0\0\0\0\0\xb7\x01\0\0\x4d\0\0\0\x73\x16\x29\0\0\0\0\0\xb7\x01\0\0\
\x41\0\0\0\x73\x16\x28\0\0\0\0\0\xb7\x01\0\0\x53\0\0\0\x73\x16\x2b\0\0\0\0\0\
\x73\x16\x37\0\0\0\0\0\xb7\x01\0\0\x67\0\0\0\x73\x16\x35\0\0\0\0\0\xb7\x01\0\0\
\x6e\0\0\0\x73\x16\x34\0\0\0\0\0\xb7\x01\0\0\x61\0\0\0\x73\x16\x2d\0\0\0\0\0\
\x73\x16\x33\0\0\0\0\0\xb7\x01\0\0\x68\0\0\0\x73\x16\x32\0\0\0\0\0\xb7\x01\0\0\
\x43\0\0\0\x73\x16\x31\0\0\0\0\0\xb7\x01\0\0\x65\0\0\0\x73\x16\x36\0\0\0\0\0\
\x73\x16\x3f\0\0\0\0\0\xb7\x01\0\0\x69\0\0\0\x73\x16\x3d\0\0\0\0\0\xb7\x01\0\0\
\x72\0\0\0\x73\x16\x3c\0\0\0\0\0\xb7\x01\0\0\x63\0\0\0\x73\x16\x3b\0\0\0\0\0\
\xb7\x01\0\0\x73\0\0\0\x73\x16\x30\0\0\0\0\0\x73\x16\x3a\0\0\0\0\0\xb7\x01\0\0\
\x62\0\0\0\x73\x16\x3e\0\0\0\0\0\x73\x16\x39\0\0\0\0\0\xb7\x01\0\0\x75\0\0\0\
\x73\x16\x2f\0\0\0\0\0\x73\x16\x38\0\0\0\0\0\xb7\x01\0\0\x41\x4d\x46\0\x63\x16\
\x20\0\0\0\0\0\x7b\x06\x18\0\0\0\0\0\xbf\x61\0\0\0\0\0\0\xb7\x02\0\0\0\0\0\0\
\x85\0\0\0\x84\0\0\0\xb7\0\0\0\0\0\0\0\x95\0\0\0\0\0\0\0\xb7\x06\0\0\0\0\0\0\
\x18\x01\0\0\0\0\0\0\0\0\0\0\0\0\0\0\xb7\x02\0\0\x88\x02\0\0\xb7\x03\0\0\0\0\0\
\0\x85\0\0\0\x83\0\0\0\x15\0\x8d\0\0\0\0\0\x7b\x60\x80\x02\0\0\0\0\x7b\x60\x78\
\x02\0\0\0\0\x7b\x60\x70\x02\0\0\0\0\x7b\x60\x68\x02\0\0\0\0\x7b\x60\x60\x02\0\
\0\0\0\x7b\x60\x58\x02\0\0\0\0\x7b\x60\x50\x02\0\0\0\0\x7b\x60\x48\x02\0\0\0\0\
\x7b\x60\x40\x02\0\0\0\0\x7b\x60\x38\x02\0\0\0\0\x7b\x60\x30\x02\0\0\0\0\x7b\
\x60\x28\x02\0\0\0\0\x7b\x60\x20\x02\0\0\0\0\x7b\x60\x18\x02\0\0\0\0\x7b\x60\
\x10\x02\0\0\0\0\x7b\x60\x08\x02\0\0\0\0\x7b\x60\0\x02\0\0\0\0\x7b\x60\xf8\x01\
\0\0\0\0\x7b\x60\xf0\x01\0\0\0\0\x7b\x60\xe8\x01\0\0\0\0\x7b\x60\xe0\x01\0\0\0\
\0\x7b\x60\xd8\x01\0\0\0\0\x7b\x60\xd0\x01\0\0\0\0\x7b\x60\xc8\x01\0\0\0\0\x7b\
\x60\xc0\x01\0\0\0\0\x7b\x60\xb8\x01\0\0\0\0\x7b\x60\xb0\x01\0\0\0\0\x7b\x60\
\xa8\x01\0\0\0\0\x7b\x60\xa0\x01\0\0\0\0\x7b\x60\x98\x01\0\0\0\0\x7b\x60\x90\
\x01\0\0\0\0\x7b\x60\x88\x01\0\0\0\0\x7b\x60\x80\x01\0\0\0\0\x7b\x60\x78\x01\0\
\0\0\0\x7b\x60\x70\x01\0\0\0\0\x7b\x60\x68\x01\0\0\0\0\x7b\x60\x60\x01\0\0\0\0\
\x7b\x60\x58\x01\0\0\0\0\x7b\x60\x50\x01\0\0\0\0\x7b\x60\x48\x01\0\0\0\0\x7b\
\x60\x40\x01\0\0\0\0\x7b\x60\x38\x01\0\0\0\0\x7b\x60\x30\x01\0\0\0\0\x7b\x60\
\x28\x01\0\0\0\0\x7b\x60\x20\x01\0\0\0\0\x7b\x60\x18\x01\0\0\0\0\x7b\x60\x10\
\x01\0\0\0\0\x7b\x60\x08\x01\0\0\0\0\x7b\x60\0\x01\0\0\0\0\x7b\x60\xf8\0\0\0\0\
\0\x7b\x60\xf0\0\0\0\0\0\x7b\x60\xe8\0\0\0\0\0\x7b\x60\xe0\0\0\0\0\0\x7b\x60\
\xd8\0\0\0\0\0\x7b\x60\xd0\0\0\0\0\0\x7b\x60\xc8\0\0\0\0\0\x7b\x60\xc0\0\0\0\0\
\0\x7b\x60\xb8\0\0\0\0\0\x7b\x60\xb0\0\0\0\0\0\x7b\x60\xa8\0\0\0\0\0\x7b\x60\
\xa0\0\0\0\0\0\x7b\x60\x98\0\0\0\0\0\x7b\x60\x90\0\0\0\0\0\x7b\x60\x88\0\0\0\0\
\0\x7b\x60\x80\0\0\0\0\0\x7b\x60\x78\0\0\0\0\0\x7b\x60\x70\0\0\0\0\0\x7b\x60\
\x68\0\0\0\0\0\x7b\x60\x60\0\0\0\0\0\x7b\x60\x58\0\0\0\0\0\x7b\x60\x50\0\0\0\0\
\0\x7b\x60\x48\0\0\0\0\0\x7b\x60\x40\0\0\0\0\0\x7b\x60\x38\0\0\0\0\0\x7b\x60\
\x30\0\0\0\0\0\x7b\x60\x28\0\0\0\0\0\x7b\x60\x20\0\0\0\0\0\x7b\x60\x18\0\0\0\0\
\0\x7b\x60\x10\0\0\0\0\0\x7b\x60\x08\0\0\0\0\0\x7b\x60\0\0\0\0\0\0\xbf\x06\0\0\
\0\0\0\0\x85\0\0\0\x05\0\0\0\x7b\x06\x08\0\0\0\0\0\x85\0\0\0\x0e\0\0\0\xbf\x01\
\0\0\0\0\0\0\x67\x01\0\0\x20\0\0\0\x77\0\0\0\x20\0\0\0\x4f\x10\0\0\0\0\0\0\x7b\
\x06\x10\0\0\0\0\0\x85\0\0\0\x50\0\0\0\xb7\x01\0\0\x74\0\0\0\x73\x16\x2e\0\0\0\
\0\0\x73\x16\x2c\0\0\0\0\0\xb7\x01\0\0\x46\0\0\0\x73\x16\x2a\0\0\0\0\0\xb7\x01\
\0\0\x4d\0\0\0\x73\x16\x29\0\0\0\0\0\xb7\x01\0\0\x41\0\0\0\x73\x16\x28\0\0\0\0\
\0\xb7\x01\0\0\x55\0\0\0\x73\x16\x37\0\0\0\0\0\xb7\x01\0\0\x67\0\0\0\x73\x16\
\x35\0\0\0\0\0\xb7\x01\0\0\x61\0\0\0\x73\x16\x2d\0\0\0\0\0\x73\x16\x33\0\0\0\0\
\0\xb7\x01\0\0\x68\0\0\0\x73\x16\x32\0\0\0\0\0\xb7\x01\0\0\x43\0\0\0\x73\x16\
\x31\0\0\0\0\0\xb7\x01\0\0\x69\0\0\0\x73\x16\x3f\0\0\0\0\0\xb7\x01\0\0\x72\0\0\
\0\x73\x16\x3e\0\0\0\0\0\xb7\x01\0\0\x63\0\0\0\x73\x16\x3d\0\0\0\0\0\xb7\x01\0\
\0\x73\0\0\0\x73\x16\x30\0\0\0\0\0\x73\x16\x3c\0\0\0\0\0\xb7\x01\0\0\x75\0\0\0\
\x73\x16\x2f\0\0\0\0\0\x73\x16\x3a\0\0\0\0\0\xb7\x01\0\0\x53\0\0\0\x73\x16\x2b\
\0\0\0\0\0\x73\x16\x39\0\0\0\0\0\xb7\x01\0\0\x6e\0\0\0\x73\x16\x34\0\0\0\0\0\
\x73\x16\x38\0\0\0\0\0\xb7\x01\0\0\x65\0\0\0\x73\x16\x36\0\0\0\0\0\x73\x16\x41\
\0\0\0\0\0\xb7\x01\0\0\x62\0\0\0\x73\x16\x3b\0\0\0\0\0\x73\x16\x40\0\0\0\0\0\
\xb7\x01\0\0\x41\x4d\x46\0\x63\x16\x20\0\0\0\0\0\x7b\x06\x18\0\0\0\0\0\xbf\x61\
\0\0\0\0\0\0\xb7\x02\0\0\0\0\0\0\x85\0\0\0\x84\0\0\0\xb7\0\0\0\0\0\0\0\x95\0\0\
\0\0\0\0\0\xb7\x06\0\0\0\0\0\0\x18\x01\0\0\0\0\0\0\0\0\0\0\0\0\0\0\xb7\x02\0\0\
\x88\x02\0\0\xb7\x03\0\0\0\0\0\0\x85\0\0\0\x83\0\0\0\x15\0\x94\0\0\0\0\0\x7b\
\x60\x80\x02\0\0\0\0\x7b\x60\x78\x02\0\0\0\0\x7b\x60\x70\x02\0\0\0\0\x7b\x60\
\x68\x02\0\0\0\0\x7b\x60\x60\x02\0\0\0\0\x7b\x60\x58\x02\0\0\0\0\x7b\x60\x50\
\x02\0\0\0\0\x7b\x60\x48\x02\0\0\0\0\x7b\x60\x40\x02\0\0\0\0\x7b\x60\x38\x02\0\
\0\0\0\x7b\x60\x30\x02\0\0\0\0\x7b\x60\x28\x02\0\0\0\0\x7b\x60\x20\x02\0\0\0\0\
\x7b\x60\x18\x02\0\0\0\0\x7b\x60\x10\x02\0\0\0\0\x7b\x60\x08\x02\0\0\0\0\x7b\
\x60\0\x02\0\0\0\0\x7b\x60\xf8\x01\0\0\0\0\x7b\x60\xf0\x01\0\0\0\0\x7b\x60\xe8\
\x01\0\0\0\0\x7b\x60\xe0\x01\0\0\0\0\x7b\x60\xd8\x01\0\0\0\0\x7b\x60\xd0\x01\0\
\0\0\0\x7b\x60\xc8\x01\0\0\0\0\x7b\x60\xc0\x01\0\0\0\0\x7b\x60\xb8\x01\0\0\0\0\
\x7b\x60\xb0\x01\0\0\0\0\x7b\x60\xa8\x01\0\0\0\0\x7b\x60\xa0\x01\0\0\0\0\x7b\
\x60\x98\x01\0\0\0\0\x7b\x60\x90\x01\0\0\0\0\x7b\x60\x88\x01\0\0\0\0\x7b\x60\
\x80\x01\0\0\0\0\x7b\x60\x78\x01\0\0\0\0\x7b\x60\x70\x01\0\0\0\0\x7b\x60\x68\
\x01\0\0\0\0\x7b\x60\x60\x01\0\0\0\0\x7b\x60\x58\x01\0\0\0\0\x7b\x60\x50\x01\0\
\0\0\0\x7b\x60\x48\x01\0\0\0\0\x7b\x60\x40\x01\0\0\0\0\x7b\x60\x38\x01\0\0\0\0\
\x7b\x60\x30\x01\0\0\0\0\x7b\x60\x28\x01\0\0\0\0\x7b\x60\x20\x01\0\0\0\0\x7b\
\x60\x18\x01\0\0\0\0\x7b\x60\x10\x01\0\0\0\0\x7b\x60\x08\x01\0\0\0\0\x7b\x60\0\
\x01\0\0\0\0\x7b\x60\xf8\0\0\0\0\0\x7b\x60\xf0\0\0\0\0\0\x7b\x60\xe8\0\0\0\0\0\
\x7b\x60\xe0\0\0\0\0\0\x7b\x60\xd8\0\0\0\0\0\x7b\x60\xd0\0\0\0\0\0\x7b\x60\xc8\
\0\0\0\0\0\x7b\x60\xc0\0\0\0\0\0\x7b\x60\xb8\0\0\0\0\0\x7b\x60\xb0\0\0\0\0\0\
\x7b\x60\xa8\0\0\0\0\0\x7b\x60\xa0\0\0\0\0\0\x7b\x60\x98\0\0\0\0\0\x7b\x60\x90\
\0\0\0\0\0\x7b\x60\x88\0\0\0\0\0\x7b\x60\x80\0\0\0\0\0\x7b\x60\x78\0\0\0\0\0\
\x7b\x60\x70\0\0\0\0\0\x7b\x60\x68\0\0\0\0\0\x7b\x60\x60\0\0\0\0\0\x7b\x60\x58\
\0\0\0\0\0\x7b\x60\x50\0\0\0\0\0\x7b\x60\x48\0\0\0\0\0\x7b\x60\x40\0\0\0\0\0\
\x7b\x60\x38\0\0\0\0\0\x7b\x60\x30\0\0\0\0\0\x7b\x60\x28\0\0\0\0\0\x7b\x60\x20\
\0\0\0\0\0\x7b\x60\x18\0\0\0\0\0\x7b\x60\x10\0\0\0\0\0\x7b\x60\x08\0\0\0\0\0\
\x7b\x60\0\0\0\0\0\0\xbf\x06\0\0\0\0\0\0\x85\0\0\0\x05\0\0\0\x7b\x06\x08\0\0\0\
\0\0\x85\0\0\0\x0e\0\0\0\xbf\x01\0\0\0\0\0\0\x67\x01\0\0\x20\0\0\0\x77\0\0\0\
\x20\0\0\0\x4f\x10\0\0\0\0\0\0\x7b\x06\x10\0\0\0\0\0\x85\0\0\0\x50\0\0\0\xb7\
\x01\0\0\x74\0\0\0\x73\x16\x2e\0\0\0\0\0\x73\x16\x2c\0\0\0\0\0\xb7\x01\0\0\x46\
\0\0\0\x73\x16\x2a\0\0\0\0\0\xb7\x01\0\0\x41\0\0\0\x73\x16\x28\0\0\0\0\0\xb7\
\x01\0\0\x53\0\0\0\x73\x16\x2b\0\0\0\0\0\x73\x16\x37\0\0\0\0\0\xb7\x01\0\0\x67\
\0\0\0\x73\x16\x35\0\0\0\0\0\xb7\x01\0\0\x6e\0\0\0\x73\x16\x34\0\0\0\0\0\xb7\
\x01\0\0\x61\0\0\0\x73\x16\x2d\0\0\0\0\0\x73\x16\x33\0\0\0\0\0\xb7\x01\0\0\x68\
\0\0\0\x73\x16\x32\0\0\0\0\0\xb7\x01\0\0\x43\0\0\0\x73\x16\x31\0\0\0\0\0\xb7\
\x01\0\0\x65\0\0\0\x73\x16\x36\0\0\0\0\0\x73\x16\x3f\0\0\0\0\0\xb7\x01\0\0\x72\
\0\0\0\x73\x16\x3c\0\0\0\0\0\xb7\x01\0\0\x63\0\0\0\x73\x16\x3b\0\0\0\0\0\xb7\
\x01\0\0\x73\0\0\0\x73\x16\x30\0\0\0\0\0\x73\x16\x3a\0\0\0\0\0\xb7\x01\0\0\x62\
\0\0\0\x73\x16\x3e\0\0\0\0\0\x73\x16\x39\0\0\0\0\0\xb7\x01\0\0\x75\0\0\0\x73\
\x16\x2f\0\0\0\0\0\x73\x16\x38\0\0\0\0\0\xb7\x01\0\0\x69\0\0\0\x73\x16\x3d\0\0\
\0\0\0\x73\x16\x43\0\0\0\0\0\xb7\x01\0\0\x64\0\0\0\x73\x16\x42\0\0\0\0\0\xb7\
\x01\0\0\x6f\0\0\0\x73\x16\x41\0\0\0\0\0\xb7\x01\0\0\x4d\0\0\0\x73\x16\x29\0\0\
\0\0\0\x73\x16\x40\0\0\0\0\0\xb7\x01\0\0\x79\0\0\0\x73\x16\x45\0\0\0\0\0\xb7\
\x01\0\0\x66\0\0\0\x73\x16\x44\0\0\0\0\0\xb7\x01\0\0\x41\x4d\x46\0\x63\x16\x20\
\0\0\0\0\0\x7b\x06\x18\0\0\0\0\0\xbf\x61\0\0\0\0\0\0\xb7\x02\0\0\0\0\0\0\x85\0\
\0\0\x84\0\0\0\xb7\0\0\0\0\0\0\0\x95\0\0\0\0\0\0\0\xb7\x06\0\0\0\0\0\0\x18\x01\
\0\0\0\0\0\0\0\0\0\0\0\0\0\0\xb7\x02\0\0\x88\x02\0\0\xb7\x03\0\0\0\0\0\0\x85\0\
\0\0\x83\0\0\0\x15\0\x76\0\0\0\0\0\x7b\x60\x80\x02\0\0\0\0\x7b\x60\x78\x02\0\0\
\0\0\x7b\x60\x70\x02\0\0\0\0\x7b\x60\x68\x02\0\0\0\0\x7b\x60\x60\x02\0\0\0\0\
\x7b\x60\x58\x02\0\0\0\0\x7b\x60\x50\x02\0\0\0\0\x7b\x60\x48\x02\0\0\0\0\x7b\
\x60\x40\x02\0\0\0\0\x7b\x60\x38\x02\0\0\0\0\x7b\x60\x30\x02\0\0\0\0\x7b\x60\
\x28\x02\0\0\0\0\x7b\x60\x20\x02\0\0\0\0\x7b\x60\x18\x02\0\0\0\0\x7b\x60\x10\
\x02\0\0\0\0\x7b\x60\x08\x02\0\0\0\0\x7b\x60\0\x02\0\0\0\0\x7b\x60\xf8\x01\0\0\
\0\0\x7b\x60\xf0\x01\0\0\0\0\x7b\x60\xe8\x01\0\0\0\0\x7b\x60\xe0\x01\0\0\0\0\
\x7b\x60\xd8\x01\0\0\0\0\x7b\x60\xd0\x01\0\0\0\0\x7b\x60\xc8\x01\0\0\0\0\x7b\
\x60\xc0\x01\0\0\0\0\x7b\x60\xb8\x01\0\0\0\0\x7b\x60\xb0\x01\0\0\0\0\x7b\x60\
\xa8\x01\0\0\0\0\x7b\x60\xa0\x01\0\0\0\0\x7b\x60\x98\x01\0\0\0\0\x7b\x60\x90\
\x01\0\0\0\0\x7b\x60\x88\x01\0\0\0\0\x7b\x60\x80\x01\0\0\0\0\x7b\x60\x78\x01\0\
\0\0\0\x7b\x60\x70\x01\0\0\0\0\x7b\x60\x68\x01\0\0\0\0\x7b\x60\x60\x01\0\0\0\0\
\x7b\x60\x58\x01\0\0\0\0\x7b\x60\x50\x01\0\0\0\0\x7b\x60\x48\x01\0\0\0\0\x7b\
\x60\x40\x01\0\0\0\0\x7b\x60\x38\x01\0\0\0\0\x7b\x60\x30\x01\0\0\0\0\x7b\x60\
\x28\x01\0\0\0\0\x7b\x60\x20\x01\0\0\0\0\x7b\x60\x18\x01\0\0\0\0\x7b\x60\x10\
\x01\0\0\0\0\x7b\x60\x08\x01\0\0\0\0\x7b\x60\0\x01\0\0\0\0\x7b\x60\xf8\0\0\0\0\
\0\x7b\x60\xf0\0\0\0\0\0\x7b\x60\xe8\0\0\0\0\0\x7b\x60\xe0\0\0\0\0\0\x7b\x60\
\xd8\0\0\0\0\0\x7b\x60\xd0\0\0\0\0\0\x7b\x60\xc8\0\0\0\0\0\x7b\x60\xc0\0\0\0\0\
\0\x7b\x60\xb8\0\0\0\0\0\x7b\x60\xb0\0\0\0\0\0\x7b\x60\xa8\0\0\0\0\0\x7b\x60\
\xa0\0\0\0\0\0\x7b\x60\x98\0\0\0\0\0\x7b\x60\x90\0\0\0\0\0\x7b\x60\x88\0\0\0\0\
\0\x7b\x60\x80\0\0\0\0\0\x7b\x60\x78\0\0\0\0\0\x7b\x60\x70\0\0\0\0\0\x7b\x60\
\x68\0\0\0\0\0\x7b\x60\x60\0\0\0\0\0\x7b\x60\x58\0\0\0\0\0\x7b\x60\x50\0\0\0\0\
\0\x7b\x60\x48\0\0\0\0\0\x7b\x60\x40\0\0\0\0\0\x7b\x60\x38\0\0\0\0\0\x7b\x60\
\x30\0\0\0\0\0\x7b\x60\x28\0\0\0\0\0\x7b\x60\x20\0\0\0\0\0\x7b\x60\x18\0\0\0\0\
\0\x7b\x60\x10\0\0\0\0\0\x7b\x60\x08\0\0\0\0\0\x7b\x60\0\0\0\0\0\0\xbf\x06\0\0\
\0\0\0\0\x85\0\0\0\x05\0\0\0\x7b\x06\x08\0\0\0\0\0\x85\0\0\0\x0e\0\0\0\xbf\x01\
\0\0\0\0\0\0\x67\x01\0\0\x20\0\0\0\x77\0\0\0\x20\0\0\0\x4f\x10\0\0\0\0\0\0\x7b\
\x06\x10\0\0\0\0\0\x85\0\0\0\x50\0\0\0\xb7\x01\0\0\x72\0\0\0\x73\x16\x2e\0\0\0\
\0\0\xb7\x01\0\0\x43\0\0\0\x73\x16\x2d\0\0\0\0\0\xb7\x01\0\0\x45\0\0\0\x73\x16\
\x2c\0\0\0\0\0\xb7\x01\0\0\x55\0\0\0\x73\x16\x2b\0\0\0\0\0\xb7\x01\0\0\x46\0\0\
\0\x73\x16\x2a\0\0\0\0\0\xb7\x01\0\0\x4d\0\0\0\x73\x16\x29\0\0\0\0\0\xb7\x01\0\
\0\x41\0\0\0\x73\x16\x28\0\0\0\0\0\xb7\x01\0\0\x74\0\0\0\x73\x16\x31\0\0\0\0\0\
\xb7\x01\0\0\x61\0\0\0\x73\x16\x30\0\0\0\0\0\xb7\x01\0\0\x41\x4d\x46\0\x63\x16\
\x20\0\0\0\0\0\x7b\x06\x18\0\0\0\0\0\xb7\x01\0\0\x65\0\0\0\x73\x16\x2f\0\0\0\0\
\0\x73\x16\x32\0\0\0\0\0\xbf\x61\0\0\0\0\0\0\xb7\x02\0\0\0\0\0\0\x85\0\0\0\x84\
\0\0\0\xb7\0\0\0\0\0\0\0\x95\0\0\0\0\0\0\0\xb7\x06\0\0\0\0\0\0\x18\x01\0\0\0\0\
\0\0\0\0\0\0\0\0\0\0\xb7\x02\0\0\x88\x02\0\0\xb7\x03\0\0\0\0\0\0\x85\0\0\0\x83\
\0\0\0\x15\0\x7a\0\0\0\0\0\x7b\x60\x80\x02\0\0\0\0\x7b\x60\x78\x02\0\0\0\0\x7b\
\x60\x70\x02\0\0\0\0\x7b\x60\x68\x02\0\0\0\0\x7b\x60\x60\x02\0\0\0\0\x7b\x60\
\x58\x02\0\0\0\0\x7b\x60\x50\x02\0\0\0\0\x7b\x60\x48\x02\0\0\0\0\x7b\x60\x40\
\x02\0\0\0\0\x7b\x60\x38\x02\0\0\0\0\x7b\x60\x30\x02\0\0\0\0\x7b\x60\x28\x02\0\
\0\0\0\x7b\x60\x20\x02\0\0\0\0\x7b\x60\x18\x02\0\0\0\0\x7b\x60\x10\x02\0\0\0\0\
\x7b\x60\x08\x02\0\0\0\0\x7b\x60\0\x02\0\0\0\0\x7b\x60\xf8\x01\0\0\0\0\x7b\x60\
\xf0\x01\0\0\0\0\x7b\x60\xe8\x01\0\0\0\0\x7b\x60\xe0\x01\0\0\0\0\x7b\x60\xd8\
\x01\0\0\0\0\x7b\x60\xd0\x01\0\0\0\0\x7b\x60\xc8\x01\0\0\0\0\x7b\x60\xc0\x01\0\
\0\0\0\x7b\x60\xb8\x01\0\0\0\0\x7b\x60\xb0\x01\0\0\0\0\x7b\x60\xa8\x01\0\0\0\0\
\x7b\x60\xa0\x01\0\0\0\0\x7b\x60\x98\x01\0\0\0\0\x7b\x60\x90\x01\0\0\0\0\x7b\
\x60\x88\x01\0\0\0\0\x7b\x60\x80\x01\0\0\0\0\x7b\x60\x78\x01\0\0\0\0\x7b\x60\
\x70\x01\0\0\0\0\x7b\x60\x68\x01\0\0\0\0\x7b\x60\x60\x01\0\0\0\0\x7b\x60\x58\
\x01\0\0\0\0\x7b\x60\x50\x01\0\0\0\0\x7b\x60\x48\x01\0\0\0\0\x7b\x60\x40\x01\0\
\0\0\0\x7b\x60\x38\x01\0\0\0\0\x7b\x60\x30\x01\0\0\0\0\x7b\x60\x28\x01\0\0\0\0\
\x7b\x60\x20\x01\0\0\0\0\x7b\x60\x18\x01\0\0\0\0\x7b\x60\x10\x01\0\0\0\0\x7b\
\x60\x08\x01\0\0\0\0\x7b\x60\0\x01\0\0\0\0\x7b\x60\xf8\0\0\0\0\0\x7b\x60\xf0\0\
\0\0\0\0\x7b\x60\xe8\0\0\0\0\0\x7b\x60\xe0\0\0\0\0\0\x7b\x60\xd8\0\0\0\0\0\x7b\
\x60\xd0\0\0\0\0\0\x7b\x60\xc8\0\0\0\0\0\x7b\x60\xc0\0\0\0\0\0\x7b\x60\xb8\0\0\
\0\0\0\x7b\x60\xb0\0\0\0\0\0\x7b\x60\xa8\0\0\0\0\0\x7b\x60\xa0\0\0\0\0\0\x7b\
\x60\x98\0\0\0\0\0\x7b\x60\x90\0\0\0\0\0\x7b\x60\x88\0\0\0\0\0\x7b\x60\x80\0\0\
\0\0\0\x7b\x60\x78\0\0\0\0\0\x7b\x60\x70\0\0\0\0\0\x7b\x60\x68\0\0\0\0\0\x7b\
\x60\x60\0\0\0\0\0\x7b\x60\x58\0\0\0\0\0\x7b\x60\x50\0\0\0\0\0\x7b\x60\x48\0\0\
\0\0\0\x7b\x60\x40\0\0\0\0\0\x7b\x60\x38\0\0\0\0\0\x7b\x60\x30\0\0\0\0\0\x7b\
\x60\x28\0\0\0\0\0\x7b\x60\x20\0\0\0\0\0\x7b\x60\x18\0\0\0\0\0\x7b\x60\x10\0\0\
\0\0\0\x7b\x60\x08\0\0\0\0\0\x7b\x60\0\0\0\0\0\0\xbf\x06\0\0\0\0\0\0\x85\0\0\0\
\x05\0\0\0\x7b\x06\x08\0\0\0\0\0\x85\0\0\0\x0e\0\0\0\xbf\x01\0\0\0\0\0\0\x67\
\x01\0\0\x20\0\0\0\x77\0\0\0\x20\0\0\0\x4f\x10\0\0\0\0\0\0\x7b\x06\x10\0\0\0\0\
\0\x85\0\0\0\x50\0\0\0\xb7\x01\0\0\x73\0\0\0\x73\x16\x2f\0\0\0\0\0\x73\x16\x2e\
\0\0\0\0\0\xb7\x01\0\0\x55\0\0\0\x73\x16\x2b\0\0\0\0\0\xb7\x01\0\0\x46\0\0\0\
\x73\x16\x2a\0\0\0\0\0\xb7\x01\0\0\x4d\0\0\0\x73\x16\x29\0\0\0\0\0\xb7\x01\0\0\
\x41\0\0\0\x73\x16\x2d\0\0\0\0\0\x73\x16\x28\0\0\0\0\0\xb7\x01\0\0\x45\0\0\0\
\x73\x16\x2c\0\0\0\0\0\x73\x16\x33\0\0\0\0\0\xb7\x01\0\0\x6e\0\0\0\x73\x16\x32\
\0\0\0\0\0\xb7\x01\0\0\x67\0\0\0\x73\x16\x31\0\0\0\0\0\xb7\x01\0\0\x69\0\0\0\
\x73\x16\x30\0\0\0\0\0\xb7\x01\0\0\x49\0\0\0\x73\x16\x35\0\0\0\0\0\xb7\x01\0\0\
\x42\0\0\0\x73\x16\x34\0\0\0\0\0\xb7\x01\0\0\x41\x4d\x46\0\x63\x16\x20\0\0\0\0\
\0\x7b\x06\x18\0\0\0\0\0\xbf\x61\0\0\0\0\0\0\xb7\x02\0\0\0\0\0\0\x85\0\0\0\x84\
\0\0\0\xb7\0\0\0\0\0\0\0\x95\0\0\0\0\0\0\0\xb7\x06\0\0\0\0\0\0\x18\x01\0\0\0\0\
\0\0\0\0\0\0\0\0\0\0\xb7\x02\0\0\x88\x02\0\0\xb7\x03\0\0\0\0\0\0\x85\0\0\0\x83\
\0\0\0\x15\0\x77\0\0\0\0\0\x7b\x60\x80\x02\0\0\0\0\x7b\x60\x78\x02\0\0\0\0\x7b\
\x60\x70\x02\0\0\0\0\x7b\x60\x68\x02\0\0\0\0\x7b\x60\x60\x02\0\0\0\0\x7b\x60\
\x58\x02\0\0\0\0\x7b\x60\x50\x02\0\0\0\0\x7b\x60\x48\x02\0\0\0\0\x7b\x60\x40\
\x02\0\0\0\0\x7b\x60\x38\x02\0\0\0\0\x7b\x60\x30\x02\0\0\0\0\x7b\x60\x28\x02\0\
\0\0\0\x7b\x60\x20\x02\0\0\0\0\x7b\x60\x18\x02\0\0\0\0\x7b\x60\x10\x02\0\0\0\0\
\x7b\x60\x08\x02\0\0\0\0\x7b\x60\0\x02\0\0\0\0\x7b\x60\xf8\x01\0\0\0\0\x7b\x60\
\xf0\x01\0\0\0\0\x7b\x60\xe8\x01\0\0\0\0\x7b\x60\xe0\x01\0\0\0\0\x7b\x60\xd8\
\x01\0\0\0\0\x7b\x60\xd0\x01\0\0\0\0\x7b\x60\xc8\x01\0\0\0\0\x7b\x60\xc0\x01\0\
\0\0\0\x7b\x60\xb8\x01\0\0\0\0\x7b\x60\xb0\x01\0\0\0\0\x7b\x60\xa8\x01\0\0\0\0\
\x7b\x60\xa0\x01\0\0\0\0\x7b\x60\x98\x01\0\0\0\0\x7b\x60\x90\x01\0\0\0\0\x7b\
\x60\x88\x01\0\0\0\0\x7b\x60\x80\x01\0\0\0\0\x7b\x60\x78\x01\0\0\0\0\x7b\x60\
\x70\x01\0\0\0\0\x7b\x60\x68\x01\0\0\0\0\x7b\x60\x60\x01\0\0\0\0\x7b\x60\x58\
\x01\0\0\0\0\x7b\x60\x50\x01\0\0\0\0\x7b\x60\x48\x01\0\0\0\0\x7b\x60\x40\x01\0\
\0\0\0\x7b\x60\x38\x01\0\0\0\0\x7b\x60\x30\x01\0\0\0\0\x7b\x60\x28\x01\0\0\0\0\
\x7b\x60\x20\x01\0\0\0\0\x7b\x60\x18\x01\0\0\0\0\x7b\x60\x10\x01\0\0\0\0\x7b\
\x60\x08\x01\0\0\0\0\x7b\x60\0\x01\0\0\0\0\x7b\x60\xf8\0\0\0\0\0\x7b\x60\xf0\0\
\0\0\0\0\x7b\x60\xe8\0\0\0\0\0\x7b\x60\xe0\0\0\0\0\0\x7b\x60\xd8\0\0\0\0\0\x7b\
\x60\xd0\0\0\0\0\0\x7b\x60\xc8\0\0\0\0\0\x7b\x60\xc0\0\0\0\0\0\x7b\x60\xb8\0\0\
\0\0\0\x7b\x60\xb0\0\0\0\0\0\x7b\x60\xa8\0\0\0\0\0\x7b\x60\xa0\0\0\0\0\0\x7b\
\x60\x98\0\0\0\0\0\x7b\x60\x90\0\0\0\0\0\x7b\x60\x88\0\0\0\0\0\x7b\x60\x80\0\0\
\0\0\0\x7b\x60\x78\0\0\0\0\0\x7b\x60\x70\0\0\0\0\0\x7b\x60\x68\0\0\0\0\0\x7b\
\x60\x60\0\0\0\0\0\x7b\x60\x58\0\0\0\0\0\x7b\x60\x50\0\0\0\0\0\x7b\x60\x48\0\0\
\0\0\0\x7b\x60\x40\0\0\0\0\0\x7b\x60\x38\0\0\0\0\0\x7b\x60\x30\0\0\0\0\0\x7b\
\x60\x28\0\0\0\0\0\x7b\x60\x20\0\0\0\0\0\x7b\x60\x18\0\0\0\0\0\x7b\x60\x10\0\0\
\0\0\0\x7b\x60\x08\0\0\0\0\0\x7b\x60\0\0\0\0\0\0\xbf\x06\0\0\0\0\0\0\x85\0\0\0\
\x05\0\0\0\x7b\x06\x08\0\0\0\0\0\x85\0\0\0\x0e\0\0\0\xbf\x01\0\0\0\0\0\0\x67\
\x01\0\0\x20\0\0\0\x77\0\0\0\x20\0\0\0\x4f\x10\0\0\0\0\0\0\x7b\x06\x10\0\0\0\0\
\0\x85\0\0\0\x50\0\0\0\xb7\x01\0\0\x6c\0\0\0\x73\x16\x2f\0\0\0\0\0\xb7\x01\0\0\
\x52\0\0\0\x73\x16\x2d\0\0\0\0\0\xb7\x01\0\0\x45\0\0\0\x73\x16\x2c\0\0\0\0\0\
\xb7\x01\0\0\x55\0\0\0\x73\x16\x2b\0\0\0\0\0\xb7\x01\0\0\x46\0\0\0\x73\x16\x2a\
\0\0\0\0\0\xb7\x01\0\0\x4d\0\0\0\x73\x16\x29\0\0\0\0\0\xb7\x01\0\0\x41\0\0\0\
\x73\x16\x28\0\0\0\0\0\xb7\x01\0\0\x73\0\0\0\x73\x16\x32\0\0\0\0\0\xb7\x01\0\0\
\x61\0\0\0\x73\x16\x31\0\0\0\0\0\xb7\x01\0\0\x65\0\0\0\x73\x16\x2e\0\0\0\0\0\
\x73\x16\x33\0\0\0\0\0\x73\x16\x30\0\0\0\0\0\xb7\x01\0\0\x41\x4d\x46\0\x63\x16\
\x20\0\0\0\0\0\x7b\x06\x18\0\0\0\0\0\xbf\x61\0\0\0\0\0\0\xb7\x02\0\0\0\0\0\0\
\x85\0\0\0\x84\0\0\0\xb7\0\0\0\0\0\0\0\x95\0\0\0\0\0\0\0\xb7\x06\0\0\0\0\0\0\
\x18\x01\0\0\0\0\0\0\0\0\0\0\0\0\0\0\xb7\x02\0\0\x88\x02\0\0\xb7\x03\0\0\0\0\0\
\0\x85\0\0\0\x83\0\0\0\x15\0\x7a\0\0\0\0\0\x7b\x60\x80\x02\0\0\0\0\x7b\x60\x78\
\x02\0\0\0\0\x7b\x60\x70\x02\0\0\0\0\x7b\x60\x68\x02\0\0\0\0\x7b\x60\x60\x02\0\
\0\0\0\x7b\x60\x58\x02\0\0\0\0\x7b\x60\x50\x02\0\0\0\0\x7b\x60\x48\x02\0\0\0\0\
\x7b\x60\x40\x02\0\0\0\0\x7b\x60\x38\x02\0\0\0\0\x7b\x60\x30\x02\0\0\0\0\x7b\
\x60\x28\x02\0\0\0\0\x7b\x60\x20\x02\0\0\0\0\x7b\x60\x18\x02\0\0\0\0\x7b\x60\
\x10\x02\0\0\0\0\x7b\x60\x08\x02\0\0\0\0\x7b\x60\0\x02\0\0\0\0\x7b\x60\xf8\x01\
\0\0\0\0\x7b\x60\xf0\x01\0\0\0\0\x7b\x60\xe8\x01\0\0\0\0\x7b\x60\xe0\x01\0\0\0\
\0\x7b\x60\xd8\x01\0\0\0\0\x7b\x60\xd0\x01\0\0\0\0\x7b\x60\xc8\x01\0\0\0\0\x7b\
\x60\xc0\x01\0\0\0\0\x7b\x60\xb8\x01\0\0\0\0\x7b\x60\xb0\x01\0\0\0\0\x7b\x60\
\xa8\x01\0\0\0\0\x7b\x60\xa0\x01\0\0\0\0\x7b\x60\x98\x01\0\0\0\0\x7b\x60\x90\
\x01\0\0\0\0\x7b\x60\x88\x01\0\0\0\0\x7b\x60\x80\x01\0\0\0\0\x7b\x60\x78\x01\0\
\0\0\0\x7b\x60\x70\x01\0\0\0\0\x7b\x60\x68\x01\0\0\0\0\x7b\x60\x60\x01\0\0\0\0\
\x7b\x60\x58\x01\0\0\0\0\x7b\x60\x50\x01\0\0\0\0\x7b\x60\x48\x01\0\0\0\0\x7b\
\x60\x40\x01\0\0\0\0\x7b\x60\x38\x01\0\0\0\0\x7b\x60\x30\x01\0\0\0\0\x7b\x60\
\x28\x01\0\0\0\0\x7b\x60\x20\x01\0\0\0\0\x7b\x60\x18\x01\0\0\0\0\x7b\x60\x10\
\x01\0\0\0\0\x7b\x60\x08\x01\0\0\0\0\x7b\x60\0\x01\0\0\0\0\x7b\x60\xf8\0\0\0\0\
\0\x7b\x60\xf0\0\0\0\0\0\x7b\x60\xe8\0\0\0\0\0\x7b\x60\xe0\0\0\0\0\0\x7b\x60\
\xd8\0\0\0\0\0\x7b\x60\xd0\0\0\0\0\0\x7b\x60\xc8\0\0\0\0\0\x7b\x60\xc0\0\0\0\0\
\0\x7b\x60\xb8\0\0\0\0\0\x7b\x60\xb0\0\0\0\0\0\x7b\x60\xa8\0\0\0\0\0\x7b\x60\
\xa0\0\0\0\0\0\x7b\x60\x98\0\0\0\0\0\x7b\x60\x90\0\0\0\0\0\x7b\x60\x88\0\0\0\0\
\0\x7b\x60\x80\0\0\0\0\0\x7b\x60\x78\0\0\0\0\0\x7b\x60\x70\0\0\0\0\0\x7b\x60\
\x68\0\0\0\0\0\x7b\x60\x60\0\0\0\0\0\x7b\x60\x58\0\0\0\0\0\x7b\x60\x50\0\0\0\0\
\0\x7b\x60\x48\0\0\0\0\0\x7b\x60\x40\0\0\0\0\0\x7b\x60\x38\0\0\0\0\0\x7b\x60\
\x30\0\0\0\0\0\x7b\x60\x28\0\0\0\0\0\x7b\x60\x20\0\0\0\0\0\x7b\x60\x18\0\0\0\0\
\0\x7b\x60\x10\0\0\0\0\0\x7b\x60\x08\0\0\0\0\0\x7b\x60\0\0\0\0\0\0\xbf\x06\0\0\
\0\0\0\0\x85\0\0\0\x05\0\0\0\x7b\x06\x08\0\0\0\0\0\x85\0\0\0\x0e\0\0\0\xbf\x01\
\0\0\0\0\0\0\x67\x01\0\0\x20\0\0\0\x77\0\0\0\x20\0\0\0\x4f\x10\0\0\0\0\0\0\x7b\
\x06\x10\0\0\0\0\0\x85\0\0\0\x50\0\0\0\xb7\x01\0\0\x61\0\0\0\x73\x16\x2f\0\0\0\
\0\0\xb7\x01\0\0\x54\0\0\0\x73\x16\x2d\0\0\0\0\0\xb7\x01\0\0\x45\0\0\0\x73\x16\
\x2c\0\0\0\0\0\xb7\x01\0\0\x55\0\0\0\x73\x16\x2b\0\0\0\0\0\xb7\x01\0\0\x46\0\0\
\0\x73\x16\x2a\0\0\0\0\0\xb7\x01\0\0\x4d\0\0\0\x73\x16\x29\0\0\0\0\0\xb7\x01\0\
\0\x41\0\0\0\x73\x16\x28\0\0\0\0\0\xb7\x01\0\0\x65\0\0\0\x73\x16\x33\0\0\0\0\0\
\xb7\x01\0\0\x66\0\0\0\x73\x16\x32\0\0\0\0\0\xb7\x01\0\0\x73\0\0\0\x73\x16\x31\
\0\0\0\0\0\xb7\x01\0\0\x6e\0\0\0\x73\x16\x30\0\0\0\0\0\xb7\x01\0\0\x41\x4d\x46\
\0\x63\x16\x20\0\0\0\0\0\x7b\x06\x18\0\0\0\0\0\xb7\x01\0\0\x72\0\0\0\x73\x16\
\x2e\0\0\0\0\0\x73\x16\x34\0\0\0\0\0\xbf\x61\0\0\0\0\0\0\xb7\x02\0\0\0\0\0\0\
\x85\0\0\0\x84\0\0\0\xb7\0\0\0\0\0\0\0\x95\0\0\0\0\0\0\0\xb7\x06\0\0\0\0\0\0\
\x18\x01\0\0\0\0\0\0\0\0\0\0\0\0\0\0\xb7\x02\0\0\x88\x02\0\0\xb7\x03\0\0\0\0\0\
\0\x85\0\0\0\x83\0\0\0\x15\0\x91\0\0\0\0\0\x7b\x60\x80\x02\0\0\0\0\x7b\x60\x78\
\x02\0\0\0\0\x7b\x60\x70\x02\0\0\0\0\x7b\x60\x68\x02\0\0\0\0\x7b\x60\x60\x02\0\
\0\0\0\x7b\x60\x58\x02\0\0\0\0\x7b\x60\x50\x02\0\0\0\0\x7b\x60\x48\x02\0\0\0\0\
\x7b\x60\x40\x02\0\0\0\0\x7b\x60\x38\x02\0\0\0\0\x7b\x60\x30\x02\0\0\0\0\x7b\
\x60\x28\x02\0\0\0\0\x7b\x60\x20\x02\0\0\0\0\x7b\x60\x18\x02\0\0\0\0\x7b\x60\
\x10\x02\0\0\0\0\x7b\x60\x08\x02\0\0\0\0\x7b\x60\0\x02\0\0\0\0\x7b\x60\xf8\x01\
\0\0\0\0\x7b\x60\xf0\x01\0\0\0\0\x7b\x60\xe8\x01\0\0\0\0\x7b\x60\xe0\x01\0\0\0\
\0\x7b\x60\xd8\x01\0\0\0\0\x7b\x60\xd0\x01\0\0\0\0\x7b\x60\xc8\x01\0\0\0\0\x7b\
\x60\xc0\x01\0\0\0\0\x7b\x60\xb8\x01\0\0\0\0\x7b\x60\xb0\x01\0\0\0\0\x7b\x60\
\xa8\x01\0\0\0\0\x7b\x60\xa0\x01\0\0\0\0\x7b\x60\x98\x01\0\0\0\0\x7b\x60\x90\
\x01\0\0\0\0\x7b\x60\x88\x01\0\0\0\0\x7b\x60\x80\x01\0\0\0\0\x7b\x60\x78\x01\0\
\0\0\0\x7b\x60\x70\x01\0\0\0\0\x7b\x60\x68\x01\0\0\0\0\x7b\x60\x60\x01\0\0\0\0\
\x7b\x60\x58\x01\0\0\0\0\x7b\x60\x50\x01\0\0\0\0\x7b\x60\x48\x01\0\0\0\0\x7b\
\x60\x40\x01\0\0\0\0\x7b\x60\x38\x01\0\0\0\0\x7b\x60\x30\x01\0\0\0\0\x7b\x60\
\x28\x01\0\0\0\0\x7b\x60\x20\x01\0\0\0\0\x7b\x60\x18\x01\0\0\0\0\x7b\x60\x10\
\x01\0\0\0\0\x7b\x60\x08\x01\0\0\0\0\x7b\x60\0\x01\0\0\0\0\x7b\x60\xf8\0\0\0\0\
\0\x7b\x60\xf0\0\0\0\0\0\x7b\x60\xe8\0\0\0\0\0\x7b\x60\xe0\0\0\0\0\0\x7b\x60\
\xd8\0\0\0\0\0\x7b\x60\xd0\0\0\0\0\0\x7b\x60\xc8\0\0\0\0\0\x7b\x60\xc0\0\0\0\0\
\0\x7b\x60\xb8\0\0\0\0\0\x7b\x60\xb0\0\0\0\0\0\x7b\x60\xa8\0\0\0\0\0\x7b\x60\
\xa0\0\0\0\0\0\x7b\x60\x98\0\0\0\0\0\x7b\x60\x90\0\0\0\0\0\x7b\x60\x88\0\0\0\0\
\0\x7b\x60\x80\0\0\0\0\0\x7b\x60\x78\0\0\0\0\0\x7b\x60\x70\0\0\0\0\0\x7b\x60\
\x68\0\0\0\0\0\x7b\x60\x60\0\0\0\0\0\x7b\x60\x58\0\0\0\0\0\x7b\x60\x50\0\0\0\0\
\0\x7b\x60\x48\0\0\0\0\0\x7b\x60\x40\0\0\0\0\0\x7b\x60\x38\0\0\0\0\0\x7b\x60\
\x30\0\0\0\0\0\x7b\x60\x28\0\0\0\0\0\x7b\x60\x20\0\0\0\0\0\x7b\x60\x18\0\0\0\0\
\0\x7b\x60\x10\0\0\0\0\0\x7b\x60\x08\0\0\0\0\0\x7b\x60\0\0\0\0\0\0\xbf\x06\0\0\
\0\0\0\0\x85\0\0\0\x05\0\0\0\x7b\x06\x08\0\0\0\0\0\x85\0\0\0\x0e\0\0\0\xbf\x01\
\0\0\0\0\0\0\x67\x01\0\0\x20\0\0\0\x77\0\0\0\x20\0\0\0\x4f\x10\0\0\0\0\0\0\x7b\
\x06\x10\0\0\0\0\0\x85\0\0\0\x50\0\0\0\xb7\x01\0\0\x67\0\0\0\x73\x16\x2f\0\0\0\
\0\0\xb7\x01\0\0\x52\0\0\0\x73\x16\x2d\0\0\0\0\0\xb7\x01\0\0\x45\0\0\0\x73\x16\
\x2c\0\0\0\0\0\xb7\x01\0\0\x46\0\0\0\x73\x16\x2a\0\0\0\0\0\xb7\x01\0\0\x4d\0\0\
\0\x73\x16\x29\0\0\0\0\0\xb7\x01\0\0\x41\0\0\0\x73\x16\x28\0\0\0\0\0\xb7\x01\0\
\0\x6f\0\0\0\x73\x16\x37\0\0\0\0\0\xb7\x01\0\0\x72\0\0\0\x73\x16\x33\0\0\0\0\0\
\xb7\x01\0\0\x69\0\0\0\x73\x16\x36\0\0\0\0\0\x73\x16\x30\0\0\0\0\0\xb7\x01\0\0\
\x55\0\0\0\x73\x16\x2b\0\0\0\0\0\x73\x16\x3f\0\0\0\0\0\xb7\x01\0\0\x73\0\0\0\
\x73\x16\x31\0\0\0\0\0\x73\x16\x3e\0\0\0\0\0\xb7\x01\0\0\x75\0\0\0\x73\x16\x3d\
\0\0\0\0\0\xb7\x01\0\0\x53\0\0\0\x73\x16\x39\0\0\0\0\0\xb7\x01\0\0\x6e\0\0\0\
\x73\x16\x38\0\0\0\0\0\xb7\x01\0\0\x74\0\0\0\x73\x16\x35\0\0\0\0\0\x73\x16\x32\
\0\0\0\0\0\x73\x16\x3c\0\0\0\0\0\x73\x16\x3a\0\0\0\0\0\x73\x16\x43\0\0\0\0\0\
\xb7\x01\0\0\x61\0\0\0\x73\x16\x34\0\0\0\0\0\x73\x16\x3b\0\0\0\0\0\x73\x16\x42\
\0\0\0\0\0\xb7\x01\0\0\x64\0\0\0\x73\x16\x41\0\0\0\0\0\xb7\x01\0\0\x70\0\0\0\
\x73\x16\x40\0\0\0\0\0\xb7\x01\0\0\x41\x4d\x46\0\x63\x16\x20\0\0\0\0\0\x7b\x06\
\x18\0\0\0\0\0\xb7\x01\0\0\x65\0\0\0\x73\x16\x2e\0\0\0\0\0\x73\x16\x44\0\0\0\0\
\0\xbf\x61\0\0\0\0\0\0\xb7\x02\0\0\0\0\0\0\x85\0\0\0\x84\0\0\0\xb7\0\0\0\0\0\0\
\0\x95\0\0\0\0\0\0\0\xb7\x06\0\0\0\0\0\0\x18\x01\0\0\0\0\0\0\0\0\0\0\0\0\0\0\
\xb7\x02\0\0\x88\x02\0\0\xb7\x03\0\0\0\0\0\0\x85\0\0\0\x83\0\0\0\x15\0\x81\0\0\
\0\0\0\x7b\x60\x80\x02\0\0\0\0\x7b\x60\x78\x02\0\0\0\0\x7b\x60\x70\x02\0\0\0\0\
\x7b\x60\x68\x02\0\0\0\0\x7b\x60\x60\x02\0\0\0\0\x7b\x60\x58\x02\0\0\0\0\x7b\
\x60\x50\x02\0\0\0\0\x7b\x60\x48\x02\0\0\0\0\x7b\x60\x40\x02\0\0\0\0\x7b\x60\
\x38\x02\0\0\0\0\x7b\x60\x30\x02\0\0\0\0\x7b\x60\x28\x02\0\0\0\0\x7b\x60\x20\
\x02\0\0\0\0\x7b\x60\x18\x02\0\0\0\0\x7b\x60\x10\x02\0\0\0\0\x7b\x60\x08\x02\0\
\0\0\0\x7b\x60\0\x02\0\0\0\0\x7b\x60\xf8\x01\0\0\0\0\x7b\x60\xf0\x01\0\0\0\0\
\x7b\x60\xe8\x01\0\0\0\0\x7b\x60\xe0\x01\0\0\0\0\x7b\x60\xd8\x01\0\0\0\0\x7b\
\x60\xd0\x01\0\0\0\0\x7b\x60\xc8\x01\0\0\0\0\x7b\x60\xc0\x01\0\0\0\0\x7b\x60\
\xb8\x01\0\0\0\0\x7b\x60\xb0\x01\0\0\0\0\x7b\x60\xa8\x01\0\0\0\0\x7b\x60\xa0\
\x01\0\0\0\0\x7b\x60\x98\x01\0\0\0\0\x7b\x60\x90\x01\0\0\0\0\x7b\x60\x88\x01\0\
\0\0\0\x7b\x60\x80\x01\0\0\0\0\x7b\x60\x78\x01\0\0\0\0\x7b\x60\x70\x01\0\0\0\0\
\x7b\x60\x68\x01\0\0\0\0\x7b\x60\x60\x01\0\0\0\0\x7b\x60\x58\x01\0\0\0\0\x7b\
\x60\x50\x01\0\0\0\0\x7b\x60\x48\x01\0\0\0\0\x7b\x60\x40\x01\0\0\0\0\x7b\x60\
\x38\x01\0\0\0\0\x7b\x60\x30\x01\0\0\0\0\x7b\x60\x28\x01\0\0\0\0\x7b\x60\x20\
\x01\0\0\0\0\x7b\x60\x18\x01\0\0\0\0\x7b\x60\x10\x01\0\0\0\0\x7b\x60\x08\x01\0\
\0\0\0\x7b\x60\0\x01\0\0\0\0\x7b\x60\xf8\0\0\0\0\0\x7b\x60\xf0\0\0\0\0\0\x7b\
\x60\xe8\0\0\0\0\0\x7b\x60\xe0\0\0\0\0\0\x7b\x60\xd8\0\0\0\0\0\x7b\x60\xd0\0\0\
\0\0\0\x7b\x60\xc8\0\0\0\0\0\x7b\x60\xc0\0\0\0\0\0\x7b\x60\xb8\0\0\0\0\0\x7b\
\x60\xb0\0\0\0\0\0\x7b\x60\xa8\0\0\0\0\0\x7b\x60\xa0\0\0\0\0\0\x7b\x60\x98\0\0\
\0\0\0\x7b\x60\x90\0\0\0\0\0\x7b\x60\x88\0\0\0\0\0\x7b\x60\x80\0\0\0\0\0\x7b\
\x60\x78\0\0\0\0\0\x7b\x60\x70\0\0\0\0\0\x7b\x60\x68\0\0\0\0\0\x7b\x60\x60\0\0\
\0\0\0\x7b\x60\x58\0\0\0\0\0\x7b\x60\x50\0\0\0\0\0\x7b\x60\x48\0\0\0\0\0\x7b\
\x60\x40\0\0\0\0\0\x7b\x60\x38\0\0\0\0\0\x7b\x60\x30\0\0\0\0\0\x7b\x60\x28\0\0\
\0\0\0\x7b\x60\x20\0\0\0\0\0\x7b\x60\x18\0\0\0\0\0\x7b\x60\x10\0\0\0\0\0\x7b\
\x60\x08\0\0\0\0\0\x7b\x60\0\0\0\0\0\0\xbf\x06\0\0\0\0\0\0\x85\0\0\0\x05\0\0\0\
\x7b\x06\x08\0\0\0\0\0\x85\0\0\0\x0e\0\0\0\xbf\x01\0\0\0\0\0\0\x67\x01\0\0\x20\
\0\0\0\x77\0\0\0\x20\0\0\0\x4f\x10\0\0\0\0\0\0\x7b\x06\x10\0\0\0\0\0\x85\0\0\0\
\x50\0\0\0\xb7\x01\0\0\x31\0\0\0\x73\x16\x2c\0\0\0\0\0\xb7\x01\0\0\x46\0\0\0\
\x73\x16\x2a\0\0\0\0\0\xb7\x01\0\0\x4d\0\0\0\x73\x16\x2d\0\0\0\0\0\x73\x16\x29\
\0\0\0\0\0\xb7\x01\0\0\x41\0\0\0\x73\x16\x28\0\0\0\0\0\xb7\x01\0\0\x69\0\0\0\
\x73\x16\x37\0\0\0\0\0\xb7\x01\0\0\x74\0\0\0\x73\x16\x36\0\0\0\0\0\xb7\x01\0\0\
\x6f\0\0\0\x73\x16\x35\0\0\0\0\0\xb7\x01\0\0\x4e\0\0\0\x73\x16\x2b\0\0\0\0\0\
\x73\x16\x34\0\0\0\0\0\xb7\x01\0\0\x65\0\0\0\x73\x16\x2e\0\0\0\0\0\x73\x16\x33\
\0\0\0\0\0\xb7\x01\0\0\x67\0\0\0\x73\x16\x32\0\0\0\0\0\xb7\x01\0\0\x61\0\0\0\
\x73\x16\x31\0\0\0\0\0\xb7\x01\0\0\x73\0\0\0\x73\x16\x2f\0\0\0\0\0\x73\x16\x30\
\0\0\0\0\0\xb7\x01\0\0\x79\0\0\0\x73\x16\x39\0\0\0\0\0\xb7\x01\0\0\x66\0\0\0\
\x73\x16\x38\0\0\0\0\0\xb7\x01\0\0\x41\x4d\x46\0\x63\x16\x20\0\0\0\0\0\x7b\x06\
\x18\0\0\0\0\0\xbf\x61\0\0\0\0\0\0\xb7\x02\0\0\0\0\0\0\x85\0\0\0\x84\0\0\0\xb7\
\0\0\0\0\0\0\0\x95\0\0\0\0\0\0\0\xb7\x06\0\0\0\0\0\0\x18\x01\0\0\0\0\0\0\0\0\0\
\0\0\0\0\0\xb7\x02\0\0\x88\x02\0\0\xb7\x03\0\0\0\0\0\0\x85\0\0\0\x83\0\0\0\x15\
\0\x8a\0\0\0\0\0\x7b\x60\x80\x02\0\0\0\0\x7b\x60\x78\x02\0\0\0\0\x7b\x60\x70\
\x02\0\0\0\0\x7b\x60\x68\x02\0\0\0\0\x7b\x60\x60\x02\0\0\0\0\x7b\x60\x58\x02\0\
\0\0\0\x7b\x60\x50\x02\0\0\0\0\x7b\x60\x48\x02\0\0\0\0\x7b\x60\x40\x02\0\0\0\0\
\x7b\x60\x38\x02\0\0\0\0\x7b\x60\x30\x02\0\0\0\0\x7b\x60\x28\x02\0\0\0\0\x7b\
\x60\x20\x02\0\0\0\0\x7b\x60\x18\x02\0\0\0\0\x7b\x60\x10\x02\0\0\0\0\x7b\x60\
\x08\x02\0\0\0\0\x7b\x60\0\x02\0\0\0\0\x7b\x60\xf8\x01\0\0\0\0\x7b\x60\xf0\x01\
\0\0\0\0\x7b\x60\xe8\x01\0\0\0\0\x7b\x60\xe0\x01\0\0\0\0\x7b\x60\xd8\x01\0\0\0\
\0\x7b\x60\xd0\x01\0\0\0\0\x7b\x60\xc8\x01\0\0\0\0\x7b\x60\xc0\x01\0\0\0\0\x7b\
\x60\xb8\x01\0\0\0\0\x7b\x60\xb0\x01\0\0\0\0\x7b\x60\xa8\x01\0\0\0\0\x7b\x60\
\xa0\x01\0\0\0\0\x7b\x60\x98\x01\0\0\0\0\x7b\x60\x90\x01\0\0\0\0\x7b\x60\x88\
\x01\0\0\0\0\x7b\x60\x80\x01\0\0\0\0\x7b\x60\x78\x01\0\0\0\0\x7b\x60\x70\x01\0\
\0\0\0\x7b\x60\x68\x01\0\0\0\0\x7b\x60\x60\x01\0\0\0\0\x7b\x60\x58\x01\0\0\0\0\
\x7b\x60\x50\x01\0\0\0\0\x7b\x60\x48\x01\0\0\0\0\x7b\x60\x40\x01\0\0\0\0\x7b\
\x60\x38\x01\0\0\0\0\x7b\x60\x30\x01\0\0\0\0\x7b\x60\x28\x01\0\0\0\0\x7b\x60\
\x20\x01\0\0\0\0\x7b\x60\x18\x01\0\0\0\0\x7b\x60\x10\x01\0\0\0\0\x7b\x60\x08\
\x01\0\0\0\0\x7b\x60\0\x01\0\0\0\0\x7b\x60\xf8\0\0\0\0\0\x7b\x60\xf0\0\0\0\0\0\
\x7b\x60\xe8\0\0\0\0\0\x7b\x60\xe0\0\0\0\0\0\x7b\x60\xd8\0\0\0\0\0\x7b\x60\xd0\
\0\0\0\0\0\x7b\x60\xc8\0\0\0\0\0\x7b\x60\xc0\0\0\0\0\0\x7b\x60\xb8\0\0\0\0\0\
\x7b\x60\xb0\0\0\0\0\0\x7b\x60\xa8\0\0\0\0\0\x7b\x60\xa0\0\0\0\0\0\x7b\x60\x98\
\0\0\0\0\0\x7b\x60\x90\0\0\0\0\0\x7b\x60\x88\0\0\0\0\0\x7b\x60\x80\0\0\0\0\0\
\x7b\x60\x78\0\0\0\0\0\x7b\x60\x70\0\0\0\0\0\x7b\x60\x68\0\0\0\0\0\x7b\x60\x60\
\0\0\0\0\0\x7b\x60\x58\0\0\0\0\0\x7b\x60\x50\0\0\0\0\0\x7b\x60\x48\0\0\0\0\0\
\x7b\x60\x40\0\0\0\0\0\x7b\x60\x38\0\0\0\0\0\x7b\x60\x30\0\0\0\0\0\x7b\x60\x28\
\0\0\0\0\0\x7b\x60\x20\0\0\0\0\0\x7b\x60\x18\0\0\0\0\0\x7b\x60\x10\0\0\0\0\0\
\x7b\x60\x08\0\0\0\0\0\x7b\x60\0\0\0\0\0\0\xbf\x06\0\0\0\0\0\0\x85\0\0\0\x05\0\
\0\0\x7b\x06\x08\0\0\0\0\0\x85\0\0\0\x0e\0\0\0\xbf\x01\0\0\0\0\0\0\x67\x01\0\0\
\x20\0\0\0\x77\0\0\0\x20\0\0\0\x4f\x10\0\0\0\0\0\0\x7b\x06\x10\0\0\0\0\0\x85\0\
\0\0\x50\0\0\0\xb7\x01\0\0\x6e\0\0\0\x73\x16\x2f\0\0\0\0\0\xb7\x01\0\0\x43\0\0\
\0\x73\x16\x2d\0\0\0\0\0\xb7\x01\0\0\x46\0\0\0\x73\x16\x2a\0\0\0\0\0\xb7\x01\0\
\0\x4d\0\0\0\x73\x16\x2c\0\0\0\0\0\x73\x16\x29\0\0\0\0\0\xb7\x01\0\0\x41\0\0\0\
\x73\x16\x28\0\0\0\0\0\xb7\x01\0\0\x61\0\0\0\x73\x16\x36\0\0\0\0\0\xb7\x01\0\0\
\x53\0\0\0\x73\x16\x2b\0\0\0\0\0\x73\x16\x34\0\0\0\0\0\xb7\x01\0\0\x78\0\0\0\
\x73\x16\x32\0\0\0\0\0\xb7\x01\0\0\x65\0\0\0\x73\x16\x31\0\0\0\0\0\xb7\x01\0\0\
\x79\0\0\0\x73\x16\x3f\0\0\0\0\0\xb7\x01\0\0\x66\0\0\0\x73\x16\x3e\0\0\0\0\0\
\xb7\x01\0\0\x69\0\0\0\x73\x16\x3d\0\0\0\0\0\xb7\x01\0\0\x74\0\0\0\x73\x16\x37\
\0\0\0\0\0\x73\x16\x35\0\0\0\0\0\x73\x16\x33\0\0\0\0\0\x73\x16\x30\0\0\0\0\0\
\x73\x16\x3c\0\0\0\0\0\xb7\x01\0\0\x6f\0\0\0\x73\x16\x2e\0\0\0\0\0\x73\x16\x3b\
\0\0\0\0\0\xb7\x01\0\0\x4e\0\0\0\x73\x16\x3a\0\0\0\0\0\xb7\x01\0\0\x73\0\0\0\
\x73\x16\x39\0\0\0\0\0\xb7\x01\0\0\x75\0\0\0\x73\x16\x38\0\0\0\0\0\xb7\x01\0\0\
\x41\x4d\x46\0\x63\x16\x20\0\0\0\0\0\x7b\x06\x18\0\0\0\0\0\xbf\x61\0\0\0\0\0\0\
\xb7\x02\0\0\0\0\0\0\x85\0\0\0\x84\0\0\0\xb7\0\0\0\0\0\0\0\x95\0\0\0\0\0\0\0\
\xb7\x06\0\0\0\0\0\0\x18\x01\0\0\0\0\0\0\0\0\0\0\0\0\0\0\xb7\x02\0\0\x88\x02\0\
\0\xb7\x03\0\0\0\0\0\0\x85\0\0\0\x83\0\0\0\x15\0\x80\0\0\0\0\0\x7b\x60\x80\x02\
\0\0\0\0\x7b\x60\x78\x02\0\0\0\0\x7b\x60\x70\x02\0\0\0\0\x7b\x60\x68\x02\0\0\0\
\0\x7b\x60\x60\x02\0\0\0\0\x7b\x60\x58\x02\0\0\0\0\x7b\x60\x50\x02\0\0\0\0\x7b\
\x60\x48\x02\0\0\0\0\x7b\x60\x40\x02\0\0\0\0\x7b\x60\x38\x02\0\0\0\0\x7b\x60\
\x30\x02\0\0\0\0\x7b\x60\x28\x02\0\0\0\0\x7b\x60\x20\x02\0\0\0\0\x7b\x60\x18\
\x02\0\0\0\0\x7b\x60\x10\x02\0\0\0\0\x7b\x60\x08\x02\0\0\0\0\x7b\x60\0\x02\0\0\
\0\0\x7b\x60\xf8\x01\0\0\0\0\x7b\x60\xf0\x01\0\0\0\0\x7b\x60\xe8\x01\0\0\0\0\
\x7b\x60\xe0\x01\0\0\0\0\x7b\x60\xd8\x01\0\0\0\0\x7b\x60\xd0\x01\0\0\0\0\x7b\
\x60\xc8\x01\0\0\0\0\x7b\x60\xc0\x01\0\0\0\0\x7b\x60\xb8\x01\0\0\0\0\x7b\x60\
\xb0\x01\0\0\0\0\x7b\x60\xa8\x01\0\0\0\0\x7b\x60\xa0\x01\0\0\0\0\x7b\x60\x98\
\x01\0\0\0\0\x7b\x60\x90\x01\0\0\0\0\x7b\x60\x88\x01\0\0\0\0\x7b\x60\x80\x01\0\
\0\0\0\x7b\x60\x78\x01\0\0\0\0\x7b\x60\x70\x01\0\0\0\0\x7b\x60\x68\x01\0\0\0\0\
\x7b\x60\x60\x01\0\0\0\0\x7b\x60\x58\x01\0\0\0\0\x7b\x60\x50\x01\0\0\0\0\x7b\
\x60\x48\x01\0\0\0\0\x7b\x60\x40\x01\0\0\0\0\x7b\x60\x38\x01\0\0\0\0\x7b\x60\
\x30\x01\0\0\0\0\x7b\x60\x28\x01\0\0\0\0\x7b\x60\x20\x01\0\0\0\0\x7b\x60\x18\
\x01\0\0\0\0\x7b\x60\x10\x01\0\0\0\0\x7b\x60\x08\x01\0\0\0\0\x7b\x60\0\x01\0\0\
\0\0\x7b\x60\xf8\0\0\0\0\0\x7b\x60\xf0\0\0\0\0\0\x7b\x60\xe8\0\0\0\0\0\x7b\x60\
\xe0\0\0\0\0\0\x7b\x60\xd8\0\0\0\0\0\x7b\x60\xd0\0\0\0\0\0\x7b\x60\xc8\0\0\0\0\
\0\x7b\x60\xc0\0\0\0\0\0\x7b\x60\xb8\0\0\0\0\0\x7b\x60\xb0\0\0\0\0\0\x7b\x60\
\xa8\0\0\0\0\0\x7b\x60\xa0\0\0\0\0\0\x7b\x60\x98\0\0\0\0\0\x7b\x60\x90\0\0\0\0\
\0\x7b\x60\x88\0\0\0\0\0\x7b\x60\x80\0\0\0\0\0\x7b\x60\x78\0\0\0\0\0\x7b\x60\
\x70\0\0\0\0\0\x7b\x60\x68\0\0\0\0\0\x7b\x60\x60\0\0\0\0\0\x7b\x60\x58\0\0\0\0\
\0\x7b\x60\x50\0\0\0\0\0\x7b\x60\x48\0\0\0\0\0\x7b\x60\x40\0\0\0\0\0\x7b\x60\
\x38\0\0\0\0\0\x7b\x60\x30\0\0\0\0\0\x7b\x60\x28\0\0\0\0\0\x7b\x60\x20\0\0\0\0\
\0\x7b\x60\x18\0\0\0\0\0\x7b\x60\x10\0\0\0\0\0\x7b\x60\x08\0\0\0\0\0\x7b\x60\0\
\0\0\0\0\0\xbf\x06\0\0\0\0\0\0\x85\0\0\0\x05\0\0\0\x7b\x06\x08\0\0\0\0\0\x85\0\
\0\0\x0e\0\0\0\xbf\x01\0\0\0\0\0\0\x67\x01\0\0\x20\0\0\0\x77\0\0\0\x20\0\0\0\
\x4f\x10\0\0\0\0\0\0\x7b\x06\x10\0\0\0\0\0\x85\0\0\0\x50\0\0\0\xb7\x01\0\0\x64\
\0\0\0\x73\x16\x2f\0\0\0\0\0\xb7\x01\0\0\x70\0\0\0\x73\x16\x2e\0\0\0\0\0\xb7\
\x01\0\0\x55\0\0\0\x73\x16\x2d\0\0\0\0\0\xb7\x01\0\0\x46\0\0\0\x73\x16\x2a\0\0\
\0\0\0\xb7\x01\0\0\x4d\0\0\0\x73\x16\x2c\0\0\0\0\0\x73\x16\x29\0\0\0\0\0\xb7\
\x01\0\0\x41\0\0\0\x73\x16\x2b\0\0\0\0\0\x73\x16\x28\0\0\0\0\0\xb7\x01\0\0\x66\
\0\0\0\x73\x16\x37\0\0\0\0\0\xb7\x01\0\0\x69\0\0\0\x73\x16\x36\0\0\0\0\0\xb7\
\x01\0\0\x6f\0\0\0\x73\x16\x34\0\0\0\0\0\xb7\x01\0\0\x4e\0\0\0\x73\x16\x33\0\0\
\0\0\0\xb7\x01\0\0\x65\0\0\0\x73\x16\x32\0\0\0\0\0\xb7\x01\0\0\x74\0\0\0\x73\
\x16\x35\0\0\0\0\0\x73\x16\x31\0\0\0\0\0\xb7\x01\0\0\x61\0\0\0\x73\x16\x30\0\0\
\0\0\0\xb7\x01\0\0\x41\x4d\x46\0\x63\x16\x20\0\0\0\0\0\x7b\x06\x18\0\0\0\0\0\
\xb7\x01\0\0\x79\0\0\0\x73\x16\x38\0\0\0\0\0\xbf\x61\0\0\0\0\0\0\xb7\x02\0\0\0\
\0\0\0\x85\0\0\0\x84\0\0\0\xb7\0\0\0\0\0\0\0\x95\0\0\0\0\0\0\0\xb7\x06\0\0\0\0\
\0\0\x18\x01\0\0\0\0\0\0\0\0\0\0\0\0\0\0\xb7\x02\0\0\x88\x02\0\0\xb7\x03\0\0\0\
\0\0\0\x85\0\0\0\x83\0\0\0\x15\0\x84\0\0\0\0\0\x7b\x60\x80\x02\0\0\0\0\x7b\x60\
\x78\x02\0\0\0\0\x7b\x60\x70\x02\0\0\0\0\x7b\x60\x68\x02\0\0\0\0\x7b\x60\x60\
\x02\0\0\0\0\x7b\x60\x58\x02\0\0\0\0\x7b\x60\x50\x02\0\0\0\0\x7b\x60\x48\x02\0\
\0\0\0\x7b\x60\x40\x02\0\0\0\0\x7b\x60\x38\x02\0\0\0\0\x7b\x60\x30\x02\0\0\0\0\
\x7b\x60\x28\x02\0\0\0\0\x7b\x60\x20\x02\0\0\0\0\x7b\x60\x18\x02\0\0\0\0\x7b\
\x60\x10\x02\0\0\0\0\x7b\x60\x08\x02\0\0\0\0\x7b\x60\0\x02\0\0\0\0\x7b\x60\xf8\
\x01\0\0\0\0\x7b\x60\xf0\x01\0\0\0\0\x7b\x60\xe8\x01\0\0\0\0\x7b\x60\xe0\x01\0\
\0\0\0\x7b\x60\xd8\x01\0\0\0\0\x7b\x60\xd0\x01\0\0\0\0\x7b\x60\xc8\x01\0\0\0\0\
\x7b\x60\xc0\x01\0\0\0\0\x7b\x60\xb8\x01\0\0\0\0\x7b\x60\xb0\x01\0\0\0\0\x7b\
\x60\xa8\x01\0\0\0\0\x7b\x60\xa0\x01\0\0\0\0\x7b\x60\x98\x01\0\0\0\0\x7b\x60\
\x90\x01\0\0\0\0\x7b\x60\x88\x01\0\0\0\0\x7b\x60\x80\x01\0\0\0\0\x7b\x60\x78\
\x01\0\0\0\0\x7b\x60\x70\x01\0\0\0\0\x7b\x60\x68\x01\0\0\0\0\x7b\x60\x60\x01\0\
\0\0\0\x7b\x60\x58\x01\0\0\0\0\x7b\x60\x50\x01\0\0\0\0\x7b\x60\x48\x01\0\0\0\0\
\x7b\x60\x40\x01\0\0\0\0\x7b\x60\x38\x01\0\0\0\0\x7b\x60\x30\x01\0\0\0\0\x7b\
\x60\x28\x01\0\0\0\0\x7b\x60\x20\x01\0\0\0\0\x7b\x60\x18\x01\0\0\0\0\x7b\x60\
\x10\x01\0\0\0\0\x7b\x60\x08\x01\0\0\0\0\x7b\x60\0\x01\0\0\0\0\x7b\x60\xf8\0\0\
\0\0\0\x7b\x60\xf0\0\0\0\0\0\x7b\x60\xe8\0\0\0\0\0\x7b\x60\xe0\0\0\0\0\0\x7b\
\x60\xd8\0\0\0\0\0\x7b\x60\xd0\0\0\0\0\0\x7b\x60\xc8\0\0\0\0\0\x7b\x60\xc0\0\0\
\0\0\0\x7b\x60\xb8\0\0\0\0\0\x7b\x60\xb0\0\0\0\0\0\x7b\x60\xa8\0\0\0\0\0\x7b\
\x60\xa0\0\0\0\0\0\x7b\x60\x98\0\0\0\0\0\x7b\x60\x90\0\0\0\0\0\x7b\x60\x88\0\0\
\0\0\0\x7b\x60\x80\0\0\0\0\0\x7b\x60\x78\0\0\0\0\0\x7b\x60\x70\0\0\0\0\0\x7b\
\x60\x68\0\0\0\0\0\x7b\x60\x60\0\0\0\0\0\x7b\x60\x58\0\0\0\0\0\x7b\x60\x50\0\0\
\0\0\0\x7b\x60\x48\0\0\0\0\0\x7b\x60\x40\0\0\0\0\0\x7b\x60\x38\0\0\0\0\0\x7b\
\x60\x30\0\0\0\0\0\x7b\x60\x28\0\0\0\0\0\x7b\x60\x20\0\0\0\0\0\x7b\x60\x18\0\0\
\0\0\0\x7b\x60\x10\0\0\0\0\0\x7b\x60\x08\0\0\0\0\0\x7b\x60\0\0\0\0\0\0\xbf\x06\
\0\0\0\0\0\0\x85\0\0\0\x05\0\0\0\x7b\x06\x08\0\0\0\0\0\x85\0\0\0\x0e\0\0\0\xbf\
\x01\0\0\0\0\0\0\x67\x01\0\0\x20\0\0\0\x77\0\0\0\x20\0\0\0\x4f\x10\0\0\0\0\0\0\
\x7b\x06\x10\0\0\0\0\0\x85\0\0\0\x50\0\0\0\xb7\x01\0\0\x72\0\0\0\x73\x16\x2f\0\
\0\0\0\0\xb7\x01\0\0\x54\0\0\0\x73\x16\x2d\0\0\0\0\0\xb7\x01\0\0\x46\0\0\0\x73\
\x16\x2a\0\0\0\0\0\xb7\x01\0\0\x4d\0\0\0\x73\x16\x2c\0\0\0\0\0\x73\x16\x29\0\0\
\0\0\0\xb7\x01\0\0\x41\0\0\0\x73\x16\x2b\0\0\0\0\0\x73\x16\x28\0\0\0\0\0\xb7\
\x01\0\0\x6f\0\0\0\x73\x16\x37\0\0\0\0\0\xb7\x01\0\0\x4e\0\0\0\x73\x16\x36\0\0\
\0\0\0\xb7\x01\0\0\x65\0\0\0\x73\x16\x2e\0\0\0\0\0\x73\x16\x35\0\0\0\0\0\xb7\
\x01\0\0\x61\0\0\0\x73\x16\x33\0\0\0\0\0\xb7\x01\0\0\x6e\0\0\0\x73\x16\x32\0\0\
\0\0\0\xb7\x01\0\0\x6d\0\0\0\x73\x16\x30\0\0\0\0\0\xb7\x01\0\0\x79\0\0\0\x73\
\x16\x3b\0\0\0\0\0\xb7\x01\0\0\x66\0\0\0\x73\x16\x3a\0\0\0\0\0\xb7\x01\0\0\x69\
\0\0\0\x73\x16\x31\0\0\0\0\0\x73\x16\x39\0\0\0\0\0\xb7\x01\0\0\x74\0\0\0\x73\
\x16\x34\0\0\0\0\0\x73\x16\x38\0\0\0\0\0\xb7\x01\0\0\x41\x4d\x46\0\x63\x16\x20\
\0\0\0\0\0\x7b\x06\x18\0\0\0\0\0\xbf\x61\0\0\0\0\0\0\xb7\x02\0\0\0\0\0\0\x85\0\
\0\0\x84\0\0\0\xb7\0\0\0\0\0\0\0\x95\0\0\0\0\0\0\0\xb7\x06\0\0\0\0\0\0\x18\x01\
\0\0\0\0\0\0\0\0\0\0\0\0\0\0\xb7\x02\0\0\x88\x02\0\0\xb7\x03\0\0\0\0\0\0\x85\0\
\0\0\x83\0\0\0\x15\0\x8e\0\0\0\0\0\x7b\x60\x80\x02\0\0\0\0\x7b\x60\x78\x02\0\0\
\0\0\x7b\x60\x70\x02\0\0\0\0\x7b\x60\x68\x02\0\0\0\0\x7b\x60\x60\x02\0\0\0\0\
\x7b\x60\x58\x02\0\0\0\0\x7b\x60\x50\x02\0\0\0\0\x7b\x60\x48\x02\0\0\0\0\x7b\
\x60\x40\x02\0\0\0\0\x7b\x60\x38\x02\0\0\0\0\x7b\x60\x30\x02\0\0\0\0\x7b\x60\
\x28\x02\0\0\0\0\x7b\x60\x20\x02\0\0\0\0\x7b\x60\x18\x02\0\0\0\0\x7b\x60\x10\
\x02\0\0\0\0\x7b\x60\x08\x02\0\0\0\0\x7b\x60\0\x02\0\0\0\0\x7b\x60\xf8\x01\0\0\
\0\0\x7b\x60\xf0\x01\0\0\0\0\x7b\x60\xe8\x01\0\0\0\0\x7b\x60\xe0\x01\0\0\0\0\
\x7b\x60\xd8\x01\0\0\0\0\x7b\x60\xd0\x01\0\0\0\0\x7b\x60\xc8\x01\0\0\0\0\x7b\
\x60\xc0\x01\0\0\0\0\x7b\x60\xb8\x01\0\0\0\0\x7b\x60\xb0\x01\0\0\0\0\x7b\x60\
\xa8\x01\0\0\0\0\x7b\x60\xa0\x01\0\0\0\0\x7b\x60\x98\x01\0\0\0\0\x7b\x60\x90\
\x01\0\0\0\0\x7b\x60\x88\x01\0\0\0\0\x7b\x60\x80\x01\0\0\0\0\x7b\x60\x78\x01\0\
\0\0\0\x7b\x60\x70\x01\0\0\0\0\x7b\x60\x68\x01\0\0\0\0\x7b\x60\x60\x01\0\0\0\0\
\x7b\x60\x58\x01\0\0\0\0\x7b\x60\x50\x01\0\0\0\0\x7b\x60\x48\x01\0\0\0\0\x7b\
\x60\x40\x01\0\0\0\0\x7b\x60\x38\x01\0\0\0\0\x7b\x60\x30\x01\0\0\0\0\x7b\x60\
\x28\x01\0\0\0\0\x7b\x60\x20\x01\0\0\0\0\x7b\x60\x18\x01\0\0\0\0\x7b\x60\x10\
\x01\0\0\0\0\x7b\x60\x08\x01\0\0\0\0\x7b\x60\0\x01\0\0\0\0\x7b\x60\xf8\0\0\0\0\
\0\x7b\x60\xf0\0\0\0\0\0\x7b\x60\xe8\0\0\0\0\0\x7b\x60\xe0\0\0\0\0\0\x7b\x60\
\xd8\0\0\0\0\0\x7b\x60\xd0\0\0\0\0\0\x7b\x60\xc8\0\0\0\0\0\x7b\x60\xc0\0\0\0\0\
\0\x7b\x60\xb8\0\0\0\0\0\x7b\x60\xb0\0\0\0\0\0\x7b\x60\xa8\0\0\0\0\0\x7b\x60\
\xa0\0\0\0\0\0\x7b\x60\x98\0\0\0\0\0\x7b\x60\x90\0\0\0\0\0\x7b\x60\x88\0\0\0\0\
\0\x7b\x60\x80\0\0\0\0\0\x7b\x60\x78\0\0\0\0\0\x7b\x60\x70\0\0\0\0\0\x7b\x60\
\x68\0\0\0\0\0\x7b\x60\x60\0\0\0\0\0\x7b\x60\x58\0\0\0\0\0\x7b\x60\x50\0\0\0\0\
\0\x7b\x60\x48\0\0\0\0\0\x7b\x60\x40\0\0\0\0\0\x7b\x60\x38\0\0\0\0\0\x7b\x60\
\x30\0\0\0\0\0\x7b\x60\x28\0\0\0\0\0\x7b\x60\x20\0\0\0\0\0\x7b\x60\x18\0\0\0\0\
\0\x7b\x60\x10\0\0\0\0\0\x7b\x60\x08\0\0\0\0\0\x7b\x60\0\0\0\0\0\0\xbf\x06\0\0\
\0\0\0\0\x85\0\0\0\x05\0\0\0\x7b\x06\x08\0\0\0\0\0\x85\0\0\0\x0e\0\0\0\xbf\x01\
\0\0\0\0\0\0\x67\x01\0\0\x20\0\0\0\x77\0\0\0\x20\0\0\0\x4f\x10\0\0\0\0\0\0\x7b\
\x06\x10\0\0\0\0\0\x85\0\0\0\x50\0\0\0\xb7\x01\0\0\x61\0\0\0\x73\x16\x2e\0\0\0\
\0\0\xb7\x01\0\0\x43\0\0\0\x73\x16\x2b\0\0\0\0\0\xb7\x01\0\0\x46\0\0\0\x73\x16\
\x2a\0\0\0\0\0\xb7\x01\0\0\x4d\0\0\0\x73\x16\x29\0\0\0\0\0\xb7\x01\0\0\x41\0\0\
\0\x73\x16\x28\0\0\0\0\0\xb7\x01\0\0\x75\0\0\0\x73\x16\x37\0\0\0\0\0\xb7\x01\0\
\0\x53\0\0\0\x73\x16\x36\0\0\0\0\0\xb7\x01\0\0\x76\0\0\0\x73\x16\x32\0\0\0\0\0\
\xb7\x01\0\0\x45\0\0\0\x73\x16\x31\0\0\0\0\0\xb7\x01\0\0\x65\0\0\0\x73\x16\x2d\
\0\0\0\0\0\x73\x16\x33\0\0\0\0\0\x73\x16\x30\0\0\0\0\0\xb7\x01\0\0\x74\0\0\0\
\x73\x16\x2f\0\0\0\0\0\x73\x16\x35\0\0\0\0\0\x73\x16\x3e\0\0\0\0\0\xb7\x01\0\0\
\x70\0\0\0\x73\x16\x3d\0\0\0\0\0\xb7\x01\0\0\x69\0\0\0\x73\x16\x3f\0\0\0\0\0\
\x73\x16\x3c\0\0\0\0\0\xb7\x01\0\0\x72\0\0\0\x73\x16\x2c\0\0\0\0\0\x73\x16\x3b\
\0\0\0\0\0\xb7\x01\0\0\x63\0\0\0\x73\x16\x3a\0\0\0\0\0\xb7\x01\0\0\x73\0\0\0\
\x73\x16\x39\0\0\0\0\0\xb7\x01\0\0\x62\0\0\0\x73\x16\x38\0\0\0\0\0\xb7\x01\0\0\
\x6e\0\0\0\x73\x16\x34\0\0\0\0\0\x73\x16\x41\0\0\0\0\0\xb7\x01\0\0\x6f\0\0\0\
\x73\x16\x40\0\0\0\0\0\xb7\x01\0\0\x41\x4d\x46\0\x63\x16\x20\0\0\0\0\0\x7b\x06\
\x18\0\0\0\0\0\xbf\x61\0\0\0\0\0\0\xb7\x02\0\0\0\0\0\0\x85\0\0\0\x84\0\0\0\xb7\
\0\0\0\0\0\0\0\x95\0\0\0\0\0\0\0\xb7\x06\0\0\0\0\0\0\x18\x01\0\0\0\0\0\0\0\0\0\
\0\0\0\0\0\xb7\x02\0\0\x88\x02\0\0\xb7\x03\0\0\0\0\0\0\x85\0\0\0\x83\0\0\0\x15\
\0\x8f\0\0\0\0\0\x7b\x60\x80\x02\0\0\0\0\x7b\x60\x78\x02\0\0\0\0\x7b\x60\x70\
\x02\0\0\0\0\x7b\x60\x68\x02\0\0\0\0\x7b\x60\x60\x02\0\0\0\0\x7b\x60\x58\x02\0\
\0\0\0\x7b\x60\x50\x02\0\0\0\0\x7b\x60\x48\x02\0\0\0\0\x7b\x60\x40\x02\0\0\0\0\
\x7b\x60\x38\x02\0\0\0\0\x7b\x60\x30\x02\0\0\0\0\x7b\x60\x28\x02\0\0\0\0\x7b\
\x60\x20\x02\0\0\0\0\x7b\x60\x18\x02\0\0\0\0\x7b\x60\x10\x02\0\0\0\0\x7b\x60\
\x08\x02\0\0\0\0\x7b\x60\0\x02\0\0\0\0\x7b\x60\xf8\x01\0\0\0\0\x7b\x60\xf0\x01\
\0\0\0\0\x7b\x60\xe8\x01\0\0\0\0\x7b\x60\xe0\x01\0\0\0\0\x7b\x60\xd8\x01\0\0\0\
\0\x7b\x60\xd0\x01\0\0\0\0\x7b\x60\xc8\x01\0\0\0\0\x7b\x60\xc0\x01\0\0\0\0\x7b\
\x60\xb8\x01\0\0\0\0\x7b\x60\xb0\x01\0\0\0\0\x7b\x60\xa8\x01\0\0\0\0\x7b\x60\
\xa0\x01\0\0\0\0\x7b\x60\x98\x01\0\0\0\0\x7b\x60\x90\x01\0\0\0\0\x7b\x60\x88\
\x01\0\0\0\0\x7b\x60\x80\x01\0\0\0\0\x7b\x60\x78\x01\0\0\0\0\x7b\x60\x70\x01\0\
\0\0\0\x7b\x60\x68\x01\0\0\0\0\x7b\x60\x60\x01\0\0\0\0\x7b\x60\x58\x01\0\0\0\0\
\x7b\x60\x50\x01\0\0\0\0\x7b\x60\x48\x01\0\0\0\0\x7b\x60\x40\x01\0\0\0\0\x7b\
\x60\x38\x01\0\0\0\0\x7b\x60\x30\x01\0\0\0\0\x7b\x60\x28\x01\0\0\0\0\x7b\x60\
\x20\x01\0\0\0\0\x7b\x60\x18\x01\0\0\0\0\x7b\x60\x10\x01\0\0\0\0\x7b\x60\x08\
\x01\0\0\0\0\x7b\x60\0\x01\0\0\0\0\x7b\x60\xf8\0\0\0\0\0\x7b\x60\xf0\0\0\0\0\0\
\x7b\x60\xe8\0\0\0\0\0\x7b\x60\xe0\0\0\0\0\0\x7b\x60\xd8\0\0\0\0\0\x7b\x60\xd0\
\0\0\0\0\0\x7b\x60\xc8\0\0\0\0\0\x7b\x60\xc0\0\0\0\0\0\x7b\x60\xb8\0\0\0\0\0\
\x7b\x60\xb0\0\0\0\0\0\x7b\x60\xa8\0\0\0\0\0\x7b\x60\xa0\0\0\0\0\0\x7b\x60\x98\
\0\0\0\0\0\x7b\x60\x90\0\0\0\0\0\x7b\x60\x88\0\0\0\0\0\x7b\x60\x80\0\0\0\0\0\
\x7b\x60\x78\0\0\0\0\0\x7b\x60\x70\0\0\0\0\0\x7b\x60\x68\0\0\0\0\0\x7b\x60\x60\
\0\0\0\0\0\x7b\x60\x58\0\0\0\0\0\x7b\x60\x50\0\0\0\0\0\x7b\x60\x48\0\0\0\0\0\
\x7b\x60\x40\0\0\0\0\0\x7b\x60\x38\0\0\0\0\0\x7b\x60\x30\0\0\0\0\0\x7b\x60\x28\
\0\0\0\0\0\x7b\x60\x20\0\0\0\0\0\x7b\x60\x18\0\0\0\0\0\x7b\x60\x10\0\0\0\0\0\
\x7b\x60\x08\0\0\0\0\0\x7b\x60\0\0\0\0\0\0\xbf\x06\0\0\0\0\0\0\x85\0\0\0\x05\0\
\0\0\x7b\x06\x08\0\0\0\0\0\x85\0\0\0\x0e\0\0\0\xbf\x01\0\0\0\0\0\0\x67\x01\0\0\
\x20\0\0\0\x77\0\0\0\x20\0\0\0\x4f\x10\0\0\0\0\0\0\x7b\x06\x10\0\0\0\0\0\x85\0\
\0\0\x50\0\0\0\xb7\x01\0\0\x66\0\0\0\x73\x16\x2f\0\0\0\0\0\xb7\x01\0\0\x64\0\0\
\0\x73\x16\x2d\0\0\0\0\0\xb7\x01\0\0\x46\0\0\0\x73\x16\x2a\0\0\0\0\0\xb7\x01\0\
\0\x4d\0\0\0\x73\x16\x2b\0\0\0\0\0\x73\x16\x29\0\0\0\0\0\xb7\x01\0\0\x41\0\0\0\
\x73\x16\x28\0\0\0\0\0\xb7\x01\0\0\x75\0\0\0\x73\x16\x37\0\0\0\0\0\xb7\x01\0\0\
\x53\0\0\0\x73\x16\x36\0\0\0\0\0\xb7\x01\0\0\x65\0\0\0\x73\x16\x33\0\0\0\0\0\
\xb7\x01\0\0\x76\0\0\0\x73\x16\x32\0\0\0\0\0\xb7\x01\0\0\x45\0\0\0\x73\x16\x31\
\0\0\0\0\0\xb7\x01\0\0\x79\0\0\0\x73\x16\x30\0\0\0\0\0\xb7\x01\0\0\x74\0\0\0\
\x73\x16\x35\0\0\0\0\0\x73\x16\x3e\0\0\0\0\0\xb7\x01\0\0\x70\0\0\0\x73\x16\x3d\
\0\0\0\0\0\xb7\x01\0\0\x69\0\0\0\x73\x16\x2e\0\0\0\0\0\x73\x16\x3f\0\0\0\0\0\
\x73\x16\x3c\0\0\0\0\0\xb7\x01\0\0\x72\0\0\0\x73\x16\x3b\0\0\0\0\0\xb7\x01\0\0\
\x63\0\0\0\x73\x16\x3a\0\0\0\0\0\xb7\x01\0\0\x73\0\0\0\x73\x16\x39\0\0\0\0\0\
\xb7\x01\0\0\x62\0\0\0\x73\x16\x38\0\0\0\0\0\xb7\x01\0\0\x6e\0\0\0\x73\x16\x34\
\0\0\0\0\0\x73\x16\x41\0\0\0\0\0\xb7\x01\0\0\x6f\0\0\0\x73\x16\x2c\0\0\0\0\0\
\x73\x16\x40\0\0\0\0\0\xb7\x01\0\0\x41\x4d\x46\0\x63\x16\x20\0\0\0\0\0\x7b\x06\
\x18\0\0\0\0\0\xbf\x61\0\0\0\0\0\0\xb7\x02\0\0\0\0\0\0\x85\0\0\0\x84\0\0\0\xb7\
\0\0\0\0\0\0\0\x95\0\0\0\0\0\0\0\xb7\x06\0\0\0\0\0\0\x18\x01\0\0\0\0\0\0\0\0\0\
\0\0\0\0\0\xb7\x02\0\0\x88\x02\0\0\xb7\x03\0\0\0\0\0\0\x85\0\0\0\x83\0\0\0\x15\
\0\x8e\0\0\0\0\0\x7b\x60\x80\x02\0\0\0\0\x7b\x60\x78\x02\0\0\0\0\x7b\x60\x70\
\x02\0\0\0\0\x7b\x60\x68\x02\0\0\0\0\x7b\x60\x60\x02\0\0\0\0\x7b\x60\x58\x02\0\
\0\0\0\x7b\x60\x50\x02\0\0\0\0\x7b\x60\x48\x02\0\0\0\0\x7b\x60\x40\x02\0\0\0\0\
\x7b\x60\x38\x02\0\0\0\0\x7b\x60\x30\x02\0\0\0\0\x7b\x60\x28\x02\0\0\0\0\x7b\
\x60\x20\x02\0\0\0\0\x7b\x60\x18\x02\0\0\0\0\x7b\x60\x10\x02\0\0\0\0\x7b\x60\
\x08\x02\0\0\0\0\x7b\x60\0\x02\0\0\0\0\x7b\x60\xf8\x01\0\0\0\0\x7b\x60\xf0\x01\
\0\0\0\0\x7b\x60\xe8\x01\0\0\0\0\x7b\x60\xe0\x01\0\0\0\0\x7b\x60\xd8\x01\0\0\0\
\0\x7b\x60\xd0\x01\0\0\0\0\x7b\x60\xc8\x01\0\0\0\0\x7b\x60\xc0\x01\0\0\0\0\x7b\
\x60\xb8\x01\0\0\0\0\x7b\x60\xb0\x01\0\0\0\0\x7b\x60\xa8\x01\0\0\0\0\x7b\x60\
\xa0\x01\0\0\0\0\x7b\x60\x98\x01\0\0\0\0\x7b\x60\x90\x01\0\0\0\0\x7b\x60\x88\
\x01\0\0\0\0\x7b\x60\x80\x01\0\0\0\0\x7b\x60\x78\x01\0\0\0\0\x7b\x60\x70\x01\0\
\0\0\0\x7b\x60\x68\x01\0\0\0\0\x7b\x60\x60\x01\0\0\0\0\x7b\x60\x58\x01\0\0\0\0\
\x7b\x60\x50\x01\0\0\0\0\x7b\x60\x48\x01\0\0\0\0\x7b\x60\x40\x01\0\0\0\0\x7b\
\x60\x38\x01\0\0\0\0\x7b\x60\x30\x01\0\0\0\0\x7b\x60\x28\x01\0\0\0\0\x7b\x60\
\x20\x01\0\0\0\0\x7b\x60\x18\x01\0\0\0\0\x7b\x60\x10\x01\0\0\0\0\x7b\x60\x08\
\x01\0\0\0\0\x7b\x60\0\x01\0\0\0\0\x7b\x60\xf8\0\0\0\0\0\x7b\x60\xf0\0\0\0\0\0\
\x7b\x60\xe8\0\0\0\0\0\x7b\x60\xe0\0\0\0\0\0\x7b\x60\xd8\0\0\0\0\0\x7b\x60\xd0\
\0\0\0\0\0\x7b\x60\xc8\0\0\0\0\0\x7b\x60\xc0\0\0\0\0\0\x7b\x60\xb8\0\0\0\0\0\
\x7b\x60\xb0\0\0\0\0\0\x7b\x60\xa8\0\0\0\0\0\x7b\x60\xa0\0\0\0\0\0\x7b\x60\x98\
\0\0\0\0\0\x7b\x60\x90\0\0\0\0\0\x7b\x60\x88\0\0\0\0\0\x7b\x60\x80\0\0\0\0\0\
\x7b\x60\x78\0\0\0\0\0\x7b\x60\x70\0\0\0\0\0\x7b\x60\x68\0\0\0\0\0\x7b\x60\x60\
\0\0\0\0\0\x7b\x60\x58\0\0\0\0\0\x7b\x60\x50\0\0\0\0\0\x7b\x60\x48\0\0\0\0\0\
\x7b\x60\x40\0\0\0\0\0\x7b\x60\x38\0\0\0\0\0\x7b\x60\x30\0\0\0\0\0\x7b\x60\x28\
\0\0\0\0\0\x7b\x60\x20\0\0\0\0\0\x7b\x60\x18\0\0\0\0\0\x7b\x60\x10\0\0\0\0\0\
\x7b\x60\x08\0\0\0\0\0\x7b\x60\0\0\0\0\0\0\xbf\x06\0\0\0\0\0\0\x85\0\0\0\x05\0\
\0\0\x7b\x06\x08\0\0\0\0\0\x85\0\0\0\x0e\0\0\0\xbf\x01\0\0\0\0\0\0\x67\x01\0\0\
\x20\0\0\0\x77\0\0\0\x20\0\0\0\x4f\x10\0\0\0\0\0\0\x7b\x06\x10\0\0\0\0\0\x85\0\
\0\0\x50\0\0\0\xb7\x01\0\0\x6c\0\0\0\x73\x16\x2d\0\0\0\0\0\xb7\x01\0\0\x44\0\0\
\0\x73\x16\x2b\0\0\0\0\0\xb7\x01\0\0\x46\0\0\0\x73\x16\x2a\0\0\0\0\0\xb7\x01\0\
\0\x4d\0\0\0\x73\x16\x29\0\0\0\0\0\xb7\x01\0\0\x41\0\0\0\x73\x16\x28\0\0\0\0\0\
\xb7\x01\0\0\x75\0\0\0\x73\x16\x37\0\0\0\0\0\xb7\x01\0\0\x53\0\0\0\x73\x16\x36\
\0\0\0\0\0\xb7\x01\0\0\x76\0\0\0\x73\x16\x32\0\0\0\0\0\xb7\x01\0\0\x45\0\0\0\
\x73\x16\x31\0\0\0\0\0\xb7\x01\0\0\x65\0\0\0\x73\x16\x2e\0\0\0\0\0\x73\x16\x2c\
\0\0\0\0\0\x73\x16\x33\0\0\0\0\0\x73\x16\x30\0\0\0\0\0\xb7\x01\0\0\x74\0\0\0\
\x73\x16\x2f\0\0\0\0\0\x73\x16\x35\0\0\0\0\0\x73\x16\x3e\0\0\0\0\0\xb7\x01\0\0\
\x70\0\0\0\x73\x16\x3d\0\0\0\0\0\xb7\x01\0\0\x69\0\0\0\x73\x16\x3f\0\0\0\0\0\
\x73\x16\x3c\0\0\0\0\0\xb7\x01\0\0\x72\0\0\0\x73\x16\x3b\0\0\0\0\0\xb7\x01\0\0\
\x63\0\0\0\x73\x16\x3a\0\0\0\0\0\xb7\x01\0\0\x73\0\0\0\x73\x16\x39\0\0\0\0\0\
\xb7\x01\0\0\x62\0\0\0\x73\x16\x38\0\0\0\0\0\xb7\x01\0\0\x6e\0\0\0\x73\x16\x34\
\0\0\0\0\0\x73\x16\x41\0\0\0\0\0\xb7\x01\0\0\x6f\0\0\0\x73\x16\x40\0\0\0\0\0\
\xb7\x01\0\0\x41\x4d\x46\0\x63\x16\x20\0\0\0\0\0\x7b\x06\x18\0\0\0\0\0\xbf\x61\
\0\0\0\0\0\0\xb7\x02\0\0\0\0\0\0\x85\0\0\0\x84\0\0\0\xb7\0\0\0\0\0\0\0\x95\0\0\
\0\0\0\0\0\xb7\x06\0\0\0\0\0\0\x18\x01\0\0\0\0\0\0\0\0\0\0\0\0\0\0\xb7\x02\0\0\
\x88\x02\0\0\xb7\x03\0\0\0\0\0\0\x85\0\0\0\x83\0\0\0\x15\0\x85\0\0\0\0\0\x7b\
\x60\x80\x02\0\0\0\0\x7b\x60\x78\x02\0\0\0\0\x7b\x60\x70\x02\0\0\0\0\x7b\x60\
\x68\x02\0\0\0\0\x7b\x60\x60\x02\0\0\0\0\x7b\x60\x58\x02\0\0\0\0\x7b\x60\x50\
\x02\0\0\0\0\x7b\x60\x48\x02\0\0\0\0\x7b\x60\x40\x02\0\0\0\0\x7b\x60\x38\x02\0\
\0\0\0\x7b\x60\x30\x02\0\0\0\0\x7b\x60\x28\x02\0\0\0\0\x7b\x60\x20\x02\0\0\0\0\
\x7b\x60\x18\x02\0\0\0\0\x7b\x60\x10\x02\0\0\0\0\x7b\x60\x08\x02\0\0\0\0\x7b\
\x60\0\x02\0\0\0\0\x7b\x60\xf8\x01\0\0\0\0\x7b\x60\xf0\x01\0\0\0\0\x7b\x60\xe8\
\x01\0\0\0\0\x7b\x60\xe0\x01\0\0\0\0\x7b\x60\xd8\x01\0\0\0\0\x7b\x60\xd0\x01\0\
\0\0\0\x7b\x60\xc8\x01\0\0\0\0\x7b\x60\xc0\x01\0\0\0\0\x7b\x60\xb8\x01\0\0\0\0\
\x7b\x60\xb0\x01\0\0\0\0\x7b\x60\xa8\x01\0\0\0\0\x7b\x60\xa0\x01\0\0\0\0\x7b\
\x60\x98\x01\0\0\0\0\x7b\x60\x90\x01\0\0\0\0\x7b\x60\x88\x01\0\0\0\0\x7b\x60\
\x80\x01\0\0\0\0\x7b\x60\x78\x01\0\0\0\0\x7b\x60\x70\x01\0\0\0\0\x7b\x60\x68\
\x01\0\0\0\0\x7b\x60\x60\x01\0\0\0\0\x7b\x60\x58\x01\0\0\0\0\x7b\x60\x50\x01\0\
\0\0\0\x7b\x60\x48\x01\0\0\0\0\x7b\x60\x40\x01\0\0\0\0\x7b\x60\x38\x01\0\0\0\0\
\x7b\x60\x30\x01\0\0\0\0\x7b\x60\x28\x01\0\0\0\0\x7b\x60\x20\x01\0\0\0\0\x7b\
\x60\x18\x01\0\0\0\0\x7b\x60\x10\x01\0\0\0\0\x7b\x60\x08\x01\0\0\0\0\x7b\x60\0\
\x01\0\0\0\0\x7b\x60\xf8\0\0\0\0\0\x7b\x60\xf0\0\0\0\0\0\x7b\x60\xe8\0\0\0\0\0\
\x7b\x60\xe0\0\0\0\0\0\x7b\x60\xd8\0\0\0\0\0\x7b\x60\xd0\0\0\0\0\0\x7b\x60\xc8\
\0\0\0\0\0\x7b\x60\xc0\0\0\0\0\0\x7b\x60\xb8\0\0\0\0\0\x7b\x60\xb0\0\0\0\0\0\
\x7b\x60\xa8\0\0\0\0\0\x7b\x60\xa0\0\0\0\0\0\x7b\x60\x98\0\0\0\0\0\x7b\x60\x90\
\0\0\0\0\0\x7b\x60\x88\0\0\0\0\0\x7b\x60\x80\0\0\0\0\0\x7b\x60\x78\0\0\0\0\0\
\x7b\x60\x70\0\0\0\0\0\x7b\x60\x68\0\0\0\0\0\x7b\x60\x60\0\0\0\0\0\x7b\x60\x58\
\0\0\0\0\0\x7b\x60\x50\0\0\0\0\0\x7b\x60\x48\0\0\0\0\0\x7b\x60\x40\0\0\0\0\0\
\x7b\x60\x38\0\0\0\0\0\x7b\x60\x30\0\0\0\0\0\x7b\x60\x28\0\0\0\0\0\x7b\x60\x20\
\0\0\0\0\0\x7b\x60\x18\0\0\0\0\0\x7b\x60\x10\0\0\0\0\0\x7b\x60\x08\0\0\0\0\0\
\x7b\x60\0\0\0\0\0\0\xbf\x06\0\0\0\0\0\0\x85\0\0\0\x05\0\0\0\x7b\x06\x08\0\0\0\
\0\0\x85\0\0\0\x0e\0\0\0\xbf\x01\0\0\0\0\0\0\x67\x01\0\0\x20\0\0\0\x77\0\0\0\
\x20\0\0\0\x4f\x10\0\0\0\0\0\0\x7b\x06\x10\0\0\0\0\0\x85\0\0\0\x50\0\0\0\xb7\
\x01\0\0\x32\0\0\0\x73\x16\x2e\0\0\0\0\0\xb7\x01\0\0\x31\0\0\0\x73\x16\x2c\0\0\
\0\0\0\xb7\x01\0\0\x4e\0\0\0\x73\x16\x2d\0\0\0\0\0\x73\x16\x2b\0\0\0\0\0\xb7\
\x01\0\0\x46\0\0\0\x73\x16\x2a\0\0\0\0\0\xb7\x01\0\0\x4d\0\0\0\x73\x16\x2f\0\0\
\0\0\0\x73\x16\x29\0\0\0\0\0\xb7\x01\0\0\x41\0\0\0\x73\x16\x28\0\0\0\0\0\xb7\
\x01\0\0\x54\0\0\0\x73\x16\x36\0\0\0\0\0\xb7\x01\0\0\x67\0\0\0\x73\x16\x34\0\0\
\0\0\0\xb7\x01\0\0\x66\0\0\0\x73\x16\x3b\0\0\0\0\0\xb7\x01\0\0\x73\0\0\0\x73\
\x16\x32\0\0\0\0\0\x73\x16\x31\0\0\0\0\0\x73\x16\x3a\0\0\0\0\0\xb7\x01\0\0\x6e\
\0\0\0\x73\x16\x39\0\0\0\0\0\xb7\x01\0\0\x61\0\0\0\x73\x16\x33\0\0\0\0\0\x73\
\x16\x38\0\0\0\0\0\xb7\x01\0\0\x72\0\0\0\x73\x16\x37\0\0\0\0\0\x73\x16\x3d\0\0\
\0\0\0\xb7\x01\0\0\x65\0\0\0\x73\x16\x35\0\0\0\0\0\x73\x16\x30\0\0\0\0\0\x73\
\x16\x3c\0\0\0\0\0\xb7\x01\0\0\x41\x4d\x46\0\x63\x16\x20\0\0\0\0\0\x7b\x06\x18\
\0\0\0\0\0\xbf\x61\0\0\0\0\0\0\xb7\x02\0\0\0\0\0\0\x85\0\0\0\x84\0\0\0\xb7\0\0\
\0\0\0\0\0\x95\0\0\0\0\0\0\0\xb7\x06\0\0\0\0\0\0\x18\x01\0\0\0\0\0\0\0\0\0\0\0\
\0\0\0\xb7\x02\0\0\x88\x02\0\0\xb7\x03\0\0\0\0\0\0\x85\0\0\0\x83\0\0\0\x15\0\
\x88\0\0\0\0\0\x7b\x60\x80\x02\0\0\0\0\x7b\x60\x78\x02\0\0\0\0\x7b\x60\x70\x02\
\0\0\0\0\x7b\x60\x68\x02\0\0\0\0\x7b\x60\x60\x02\0\0\0\0\x7b\x60\x58\x02\0\0\0\
\0\x7b\x60\x50\x02\0\0\0\0\x7b\x60\x48\x02\0\0\0\0\x7b\x60\x40\x02\0\0\0\0\x7b\
\x60\x38\x02\0\0\0\0\x7b\x60\x30\x02\0\0\0\0\x7b\x60\x28\x02\0\0\0\0\x7b\x60\
\x20\x02\0\0\0\0\x7b\x60\x18\x02\0\0\0\0\x7b\x60\x10\x02\0\0\0\0\x7b\x60\x08\
\x02\0\0\0\0\x7b\x60\0\x02\0\0\0\0\x7b\x60\xf8\x01\0\0\0\0\x7b\x60\xf0\x01\0\0\
\0\0\x7b\x60\xe8\x01\0\0\0\0\x7b\x60\xe0\x01\0\0\0\0\x7b\x60\xd8\x01\0\0\0\0\
\x7b\x60\xd0\x01\0\0\0\0\x7b\x60\xc8\x01\0\0\0\0\x7b\x60\xc0\x01\0\0\0\0\x7b\
\x60\xb8\x01\0\0\0\0\x7b\x60\xb0\x01\0\0\0\0\x7b\x60\xa8\x01\0\0\0\0\x7b\x60\
\xa0\x01\0\0\0\0\x7b\x60\x98\x01\0\0\0\0\x7b\x60\x90\x01\0\0\0\0\x7b\x60\x88\
\x01\0\0\0\0\x7b\x60\x80\x01\0\0\0\0\x7b\x60\x78\x01\0\0\0\0\x7b\x60\x70\x01\0\
\0\0\0\x7b\x60\x68\x01\0\0\0\0\x7b\x60\x60\x01\0\0\0\0\x7b\x60\x58\x01\0\0\0\0\
\x7b\x60\x50\x01\0\0\0\0\x7b\x60\x48\x01\0\0\0\0\x7b\x60\x40\x01\0\0\0\0\x7b\
\x60\x38\x01\0\0\0\0\x7b\x60\x30\x01\0\0\0\0\x7b\x60\x28\x01\0\0\0\0\x7b\x60\
\x20\x01\0\0\0\0\x7b\x60\x18\x01\0\0\0\0\x7b\x60\x10\x01\0\0\0\0\x7b\x60\x08\
\x01\0\0\0\0\x7b\x60\0\x01\0\0\0\0\x7b\x60\xf8\0\0\0\0\0\x7b\x60\xf0\0\0\0\0\0\
\x7b\x60\xe8\0\0\0\0\0\x7b\x60\xe0\0\0\0\0\0\x7b\x60\xd8\0\0\0\0\0\x7b\x60\xd0\
\0\0\0\0\0\x7b\x60\xc8\0\0\0\0\0\x7b\x60\xc0\0\0\0\0\0\x7b\x60\xb8\0\0\0\0\0\
\x7b\x60\xb0\0\0\0\0\0\x7b\x60\xa8\0\0\0\0\0\x7b\x60\xa0\0\0\0\0\0\x7b\x60\x98\
\0\0\0\0\0\x7b\x60\x90\0\0\0\0\0\x7b\x60\x88\0\0\0\0\0\x7b\x60\x80\0\0\0\0\0\
\x7b\x60\x78\0\0\0\0\0\x7b\x60\x70\0\0\0\0\0\x7b\x60\x68\0\0\0\0\0\x7b\x60\x60\
\0\0\0\0\0\x7b\x60\x58\0\0\0\0\0\x7b\x60\x50\0\0\0\0\0\x7b\x60\x48\0\0\0\0\0\
\x7b\x60\x40\0\0\0\0\0\x7b\x60\x38\0\0\0\0\0\x7b\x60\x30\0\0\0\0\0\x7b\x60\x28\
\0\0\0\0\0\x7b\x60\x20\0\0\0\0\0\x7b\x60\x18\0\0\0\0\0\x7b\x60\x10\0\0\0\0\0\
\x7b\x60\x08\0\0\0\0\0\x7b\x60\0\0\0\0\0\0\xbf\x06\0\0\0\0\0\0\x85\0\0\0\x05\0\
\0\0\x7b\x06\x08\0\0\0\0\0\x85\0\0\0\x0e\0\0\0\xbf\x01\0\0\0\0\0\0\x67\x01\0\0\
\x20\0\0\0\x77\0\0\0\x20\0\0\0\x4f\x10\0\0\0\0\0\0\x7b\x06\x10\0\0\0\0\0\x85\0\
\0\0\x50\0\0\0\xb7\x01\0\0\x32\0\0\0\x73\x16\x2e\0\0\0\0\0\xb7\x01\0\0\x31\0\0\
\0\x73\x16\x2c\0\0\0\0\0\xb7\x01\0\0\x4e\0\0\0\x73\x16\x2d\0\0\0\0\0\x73\x16\
\x2b\0\0\0\0\0\xb7\x01\0\0\x46\0\0\0\x73\x16\x2a\0\0\0\0\0\xb7\x01\0\0\x4d\0\0\
\0\x73\x16\x2f\0\0\0\0\0\x73\x16\x29\0\0\0\0\0\xb7\x01\0\0\x41\0\0\0\x73\x16\
\x28\0\0\0\0\0\xb7\x01\0\0\x75\0\0\0\x73\x16\x37\0\0\0\0\0\xb7\x01\0\0\x53\0\0\
\0\x73\x16\x36\0\0\0\0\0\xb7\x01\0\0\x67\0\0\0\x73\x16\x34\0\0\0\0\0\xb7\x01\0\
\0\x61\0\0\0\x73\x16\x33\0\0\0\0\0\xb7\x01\0\0\x72\0\0\0\x73\x16\x3b\0\0\0\0\0\
\xb7\x01\0\0\x63\0\0\0\x73\x16\x3a\0\0\0\0\0\xb7\x01\0\0\x73\0\0\0\x73\x16\x32\
\0\0\0\0\0\x73\x16\x31\0\0\0\0\0\x73\x16\x39\0\0\0\0\0\xb7\x01\0\0\x62\0\0\0\
\x73\x16\x38\0\0\0\0\0\x73\x16\x3d\0\0\0\0\0\xb7\x01\0\0\x69\0\0\0\x73\x16\x3c\
\0\0\0\0\0\xb7\x01\0\0\x41\x4d\x46\0\x63\x16\x20\0\0\0\0\0\x7b\x06\x18\0\0\0\0\
\0\xb7\x01\0\0\x65\0\0\0\x73\x16\x35\0\0\0\0\0\x73\x16\x30\0\0\0\0\0\x73\x16\
\x3e\0\0\0\0\0\xbf\x61\0\0\0\0\0\0\xb7\x02\0\0\0\0\0\0\x85\0\0\0\x84\0\0\0\xb7\
\0\0\0\0\0\0\0\x95\0\0\0\0\0\0\0\xb7\x06\0\0\0\0\0\0\x18\x01\0\0\0\0\0\0\0\0\0\
\0\0\0\0\0\xb7\x02\0\0\x88\x02\0\0\xb7\x03\0\0\0\0\0\0\x85\0\0\0\x83\0\0\0\x15\
\0\x8b\0\0\0\0\0\x7b\x60\x80\x02\0\0\0\0\x7b\x60\x78\x02\0\0\0\0\x7b\x60\x70\
\x02\0\0\0\0\x7b\x60\x68\x02\0\0\0\0\x7b\x60\x60\x02\0\0\0\0\x7b\x60\x58\x02\0\
\0\0\0\x7b\x60\x50\x02\0\0\0\0\x7b\x60\x48\x02\0\0\0\0\x7b\x60\x40\x02\0\0\0\0\
\x7b\x60\x38\x02\0\0\0\0\x7b\x60\x30\x02\0\0\0\0\x7b\x60\x28\x02\0\0\0\0\x7b\
\x60\x20\x02\0\0\0\0\x7b\x60\x18\x02\0\0\0\0\x7b\x60\x10\x02\0\0\0\0\x7b\x60\
\x08\x02\0\0\0\0\x7b\x60\0\x02\0\0\0\0\x7b\x60\xf8\x01\0\0\0\0\x7b\x60\xf0\x01\
\0\0\0\0\x7b\x60\xe8\x01\0\0\0\0\x7b\x60\xe0\x01\0\0\0\0\x7b\x60\xd8\x01\0\0\0\
\0\x7b\x60\xd0\x01\0\0\0\0\x7b\x60\xc8\x01\0\0\0\0\x7b\x60\xc0\x01\0\0\0\0\x7b\
\x60\xb8\x01\0\0\0\0\x7b\x60\xb0\x01\0\0\0\0\x7b\x60\xa8\x01\0\0\0\0\x7b\x60\
\xa0\x01\0\0\0\0\x7b\x60\x98\x01\0\0\0\0\x7b\x60\x90\x01\0\0\0\0\x7b\x60\x88\
\x01\0\0\0\0\x7b\x60\x80\x01\0\0\0\0\x7b\x60\x78\x01\0\0\0\0\x7b\x60\x70\x01\0\
\0\0\0\x7b\x60\x68\x01\0\0\0\0\x7b\x60\x60\x01\0\0\0\0\x7b\x60\x58\x01\0\0\0\0\
\x7b\x60\x50\x01\0\0\0\0\x7b\x60\x48\x01\0\0\0\0\x7b\x60\x40\x01\0\0\0\0\x7b\
\x60\x38\x01\0\0\0\0\x7b\x60\x30\x01\0\0\0\0\x7b\x60\x28\x01\0\0\0\0\x7b\x60\
\x20\x01\0\0\0\0\x7b\x60\x18\x01\0\0\0\0\x7b\x60\x10\x01\0\0\0\0\x7b\x60\x08\
\x01\0\0\0\0\x7b\x60\0\x01\0\0\0\0\x7b\x60\xf8\0\0\0\0\0\x7b\x60\xf0\0\0\0\0\0\
\x7b\x60\xe8\0\0\0\0\0\x7b\x60\xe0\0\0\0\0\0\x7b\x60\xd8\0\0\0\0\0\x7b\x60\xd0\
\0\0\0\0\0\x7b\x60\xc8\0\0\0\0\0\x7b\x60\xc0\0\0\0\0\0\x7b\x60\xb8\0\0\0\0\0\
\x7b\x60\xb0\0\0\0\0\0\x7b\x60\xa8\0\0\0\0\0\x7b\x60\xa0\0\0\0\0\0\x7b\x60\x98\
\0\0\0\0\0\x7b\x60\x90\0\0\0\0\0\x7b\x60\x88\0\0\0\0\0\x7b\x60\x80\0\0\0\0\0\
\x7b\x60\x78\0\0\0\0\0\x7b\x60\x70\0\0\0\0\0\x7b\x60\x68\0\0\0\0\0\x7b\x60\x60\
\0\0\0\0\0\x7b\x60\x58\0\0\0\0\0\x7b\x60\x50\0\0\0\0\0\x7b\x60\x48\0\0\0\0\0\
\x7b\x60\x40\0\0\0\0\0\x7b\x60\x38\0\0\0\0\0\x7b\x60\x30\0\0\0\0\0\x7b\x60\x28\
\0\0\0\0\0\x7b\x60\x20\0\0\0\0\0\x7b\x60\x18\0\0\0\0\0\x7b\x60\x10\0\0\0\0\0\
\x7b\x60\x08\0\0\0\0\0\x7b\x60\0\0\0\0\0\0\xbf\x06\0\0\0\0\0\0\x85\0\0\0\x05\0\
\0\0\x7b\x06\x08\0\0\0\0\0\x85\0\0\0\x0e\0\0\0\xbf\x01\0\0\0\0\0\0\x67\x01\0\0\
\x20\0\0\0\x77\0\0\0\x20\0\0\0\x4f\x10\0\0\0\0\0\0\x7b\x06\x10\0\0\0\0\0\x85\0\
\0\0\x50\0\0\0\xb7\x01\0\0\x32\0\0\0\x73\x16\x2e\0\0\0\0\0\xb7\x01\0\0\x31\0\0\
\0\x73\x16\x2c\0\0\0\0\0\xb7\x01\0\0\x4e\0\0\0\x73\x16\x2d\0\0\0\0\0\x73\x16\
\x2b\0\0\0\0\0\xb7\x01\0\0\x46\0\0\0\x73\x16\x2a\0\0\0\0\0\xb7\x01\0\0\x4d\0\0\
\0\x73\x16\x2f\0\0\0\0\0\x73\x16\x29\0\0\0\0\0\xb7\x01\0\0\x41\0\0\0\x73\x16\
\x28\0\0\0\0\0\xb7\x01\0\0\x6e\0\0\0\x73\x16\x37\0\0\0\0\0\xb7\x01\0\0\x55\0\0\
\0\x73\x16\x36\0\0\0\0\0\xb7\x01\0\0\x67\0\0\0\x73\x16\x34\0\0\0\0\0\xb7\x01\0\
\0\x61\0\0\0\x73\x16\x33\0\0\0\0\0\xb7\x01\0\0\x69\0\0\0\x73\x16\x3e\0\0\0\0\0\
\xb7\x01\0\0\x72\0\0\0\x73\x16\x3d\0\0\0\0\0\xb7\x01\0\0\x63\0\0\0\x73\x16\x3c\
\0\0\0\0\0\xb7\x01\0\0\x62\0\0\0\x73\x16\x3f\0\0\0\0\0\x73\x16\x3a\0\0\0\0\0\
\xb7\x01\0\0\x75\0\0\0\x73\x16\x39\0\0\0\0\0\xb7\x01\0\0\x73\0\0\0\x73\x16\x32\
\0\0\0\0\0\x73\x16\x31\0\0\0\0\0\x73\x16\x3b\0\0\0\0\0\x73\x16\x38\0\0\0\0\0\
\xb7\x01\0\0\x41\x4d\x46\0\x63\x16\x20\0\0\0\0\0\x7b\x06\x18\0\0\0\0\0\xb7\x01\
\0\0\x65\0\0\0\x73\x16\x35\0\0\0\0\0\x73\x16\x30\0\0\0\0\0\x73\x16\x40\0\0\0\0\
\0\xbf\x61\0\0\0\0\0\0\xb7\x02\0\0\0\0\0\0\x85\0\0\0\x84\0\0\0\xb7\0\0\0\0\0\0\
\0\x95\0\0\0\0\0\0\0\xb7\x06\0\0\0\0\0\0\x18\x01\0\0\0\0\0\0\0\0\0\0\0\0\0\0\
\xb7\x02\0\0\x88\x02\0\0\xb7\x03\0\0\0\0\0\0\x85\0\0\0\x83\0\0\0\x15\0\x8e\0\0\
\0\0\0\x7b\x60\x80\x02\0\0\0\0\x7b\x60\x78\x02\0\0\0\0\x7b\x60\x70\x02\0\0\0\0\
\x7b\x60\x68\x02\0\0\0\0\x7b\x60\x60\x02\0\0\0\0\x7b\x60\x58\x02\0\0\0\0\x7b\
\x60\x50\x02\0\0\0\0\x7b\x60\x48\x02\0\0\0\0\x7b\x60\x40\x02\0\0\0\0\x7b\x60\
\x38\x02\0\0\0\0\x7b\x60\x30\x02\0\0\0\0\x7b\x60\x28\x02\0\0\0\0\x7b\x60\x20\
\x02\0\0\0\0\x7b\x60\x18\x02\0\0\0\0\x7b\x60\x10\x02\0\0\0\0\x7b\x60\x08\x02\0\
\0\0\0\x7b\x60\0\x02\0\0\0\0\x7b\x60\xf8\x01\0\0\0\0\x7b\x60\xf0\x01\0\0\0\0\
\x7b\x60\xe8\x01\0\0\0\0\x7b\x60\xe0\x01\0\0\0\0\x7b\x60\xd8\x01\0\0\0\0\x7b\
\x60\xd0\x01\0\0\0\0\x7b\x60\xc8\x01\0\0\0\0\x7b\x60\xc0\x01\0\0\0\0\x7b\x60\
\xb8\x01\0\0\0\0\x7b\x60\xb0\x01\0\0\0\0\x7b\x60\xa8\x01\0\0\0\0\x7b\x60\xa0\
\x01\0\0\0\0\x7b\x60\x98\x01\0\0\0\0\x7b\x60\x90\x01\0\0\0\0\x7b\x60\x88\x01\0\
\0\0\0\x7b\x60\x80\x01\0\0\0\0\x7b\x60\x78\x01\0\0\0\0\x7b\x60\x70\x01\0\0\0\0\
\x7b\x60\x68\x01\0\0\0\0\x7b\x60\x60\x01\0\0\0\0\x7b\x60\x58\x01\0\0\0\0\x7b\
\x60\x50\x01\0\0\0\0\x7b\x60\x48\x01\0\0\0\0\x7b\x60\x40\x01\0\0\0\0\x7b\x60\
\x38\x01\0\0\0\0\x7b\x60\x30\x01\0\0\0\0\x7b\x60\x28\x01\0\0\0\0\x7b\x60\x20\
\x01\0\0\0\0\x7b\x60\x18\x01\0\0\0\0\x7b\x60\x10\x01\0\0\0\0\x7b\x60\x08\x01\0\
\0\0\0\x7b\x60\0\x01\0\0\0\0\x7b\x60\xf8\0\0\0\0\0\x7b\x60\xf0\0\0\0\0\0\x7b\
\x60\xe8\0\0\0\0\0\x7b\x60\xe0\0\0\0\0\0\x7b\x60\xd8\0\0\0\0\0\x7b\x60\xd0\0\0\
\0\0\0\x7b\x60\xc8\0\0\0\0\0\x7b\x60\xc0\0\0\0\0\0\x7b\x60\xb8\0\0\0\0\0\x7b\
\x60\xb0\0\0\0\0\0\x7b\x60\xa8\0\0\0\0\0\x7b\x60\xa0\0\0\0\0\0\x7b\x60\x98\0\0\
\0\0\0\x7b\x60\x90\0\0\0\0\0\x7b\x60\x88\0\0\0\0\0\x7b\x60\x80\0\0\0\0\0\x7b\
\x60\x78\0\0\0\0\0\x7b\x60\x70\0\0\0\0\0\x7b\x60\x68\0\0\0\0\0\x7b\x60\x60\0\0\
\0\0\0\x7b\x60\x58\0\0\0\0\0\x7b\x60\x50\0\0\0\0\0\x7b\x60\x48\0\0\0\0\0\x7b\
\x60\x40\0\0\0\0\0\x7b\x60\x38\0\0\0\0\0\x7b\x60\x30\0\0\0\0\0\x7b\x60\x28\0\0\
\0\0\0\x7b\x60\x20\0\0\0\0\0\x7b\x60\x18\0\0\0\0\0\x7b\x60\x10\0\0\0\0\0\x7b\
\x60\x08\0\0\0\0\0\x7b\x60\0\0\0\0\0\0\xbf\x06\0\0\0\0\0\0\x85\0\0\0\x05\0\0\0\
\x7b\x06\x08\0\0\0\0\0\x85\0\0\0\x0e\0\0\0\xbf\x01\0\0\0\0\0\0\x67\x01\0\0\x20\
\0\0\0\x77\0\0\0\x20\0\0\0\x4f\x10\0\0\0\0\0\0\x7b\x06\x10\0\0\0\0\0\x85\0\0\0\
\x50\0\0\0\xb7\x01\0\0\x32\0\0\0\x73\x16\x2e\0\0\0\0\0\xb7\x01\0\0\x31\0\0\0\
\x73\x16\x2c\0\0\0\0\0\xb7\x01\0\0\x4e\0\0\0\x73\x16\x2d\0\0\0\0\0\x73\x16\x2b\
\0\0\0\0\0\xb7\x01\0\0\x46\0\0\0\x73\x16\x2a\0\0\0\0\0\xb7\x01\0\0\x4d\0\0\0\
\x73\x16\x2f\0\0\0\0\0\x73\x16\x29\0\0\0\0\0\xb7\x01\0\0\x41\0\0\0\x73\x16\x28\
\0\0\0\0\0\xb7\x01\0\0\x54\0\0\0\x73\x16\x36\0\0\0\0\0\xb7\x01\0\0\x67\0\0\0\
\x73\x16\x34\0\0\0\0\0\xb7\x01\0\0\x53\0\0\0\x73\x16\x3e\0\0\0\0\0\xb7\x01\0\0\
\x72\0\0\0\x73\x16\x37\0\0\0\0\0\x73\x16\x3d\0\0\0\0\0\xb7\x01\0\0\x65\0\0\0\
\x73\x16\x35\0\0\0\0\0\x73\x16\x30\0\0\0\0\0\x73\x16\x3c\0\0\0\0\0\xb7\x01\0\0\
\x66\0\0\0\x73\x16\x3b\0\0\0\0\0\xb7\x01\0\0\x6e\0\0\0\x73\x16\x39\0\0\0\0\0\
\xb7\x01\0\0\x73\0\0\0\x73\x16\x32\0\0\0\0\0\x73\x16\x31\0\0\0\0\0\x73\x16\x3a\
\0\0\0\0\0\x73\x16\x43\0\0\0\0\0\xb7\x01\0\0\x75\0\0\0\x73\x16\x42\0\0\0\0\0\
\xb7\x01\0\0\x74\0\0\0\x73\x16\x3f\0\0\0\0\0\x73\x16\x41\0\0\0\0\0\xb7\x01\0\0\
\x61\0\0\0\x73\x16\x33\0\0\0\0\0\x73\x16\x38\0\0\0\0\0\x73\x16\x40\0\0\0\0\0\
\xb7\x01\0\0\x41\x4d\x46\0\x63\x16\x20\0\0\0\0\0\x7b\x06\x18\0\0\0\0\0\xbf\x61\
\0\0\0\0\0\0\xb7\x02\0\0\0\0\0\0\x85\0\0\0\x84\0\0\0\xb7\0\0\0\0\0\0\0\x95\0\0\
\0\0\0\0\0\xb7\x06\0\0\0\0\0\0\x18\x01\0\0\0\0\0\0\0\0\0\0\0\0\0\0\xb7\x02\0\0\
\x88\x02\0\0\xb7\x03\0\0\0\0\0\0\x85\0\0\0\x83\0\0\0\x15\0\x7c\0\0\0\0\0\x7b\
\x60\x80\x02\0\0\0\0\x7b\x60\x78\x02\0\0\0\0\x7b\x60\x70\x02\0\0\0\0\x7b\x60\
\x68\x02\0\0\0\0\x7b\x60\x60\x02\0\0\0\0\x7b\x60\x58\x02\0\0\0\0\x7b\x60\x50\
\x02\0\0\0\0\x7b\x60\x48\x02\0\0\0\0\x7b\x60\x40\x02\0\0\0\0\x7b\x60\x38\x02\0\
\0\0\0\x7b\x60\x30\x02\0\0\0\0\x7b\x60\x28\x02\0\0\0\0\x7b\x60\x20\x02\0\0\0\0\
\x7b\x60\x18\x02\0\0\0\0\x7b\x60\x10\x02\0\0\0\0\x7b\x60\x08\x02\0\0\0\0\x7b\
\x60\0\x02\0\0\0\0\x7b\x60\xf8\x01\0\0\0\0\x7b\x60\xf0\x01\0\0\0\0\x7b\x60\xe8\
\x01\0\0\0\0\x7b\x60\xe0\x01\0\0\0\0\x7b\x60\xd8\x01\0\0\0\0\x7b\x60\xd0\x01\0\
\0\0\0\x7b\x60\xc8\x01\0\0\0\0\x7b\x60\xc0\x01\0\0\0\0\x7b\x60\xb8\x01\0\0\0\0\
\x7b\x60\xb0\x01\0\0\0\0\x7b\x60\xa8\x01\0\0\0\0\x7b\x60\xa0\x01\0\0\0\0\x7b\
\x60\x98\x01\0\0\0\0\x7b\x60\x90\x01\0\0\0\0\x7b\x60\x88\x01\0\0\0\0\x7b\x60\
\x80\x01\0\0\0\0\x7b\x60\x78\x01\0\0\0\0\x7b\x60\x70\x01\0\0\0\0\x7b\x60\x68\
\x01\0\0\0\0\x7b\x60\x60\x01\0\0\0\0\x7b\x60\x58\x01\0\0\0\0\x7b\x60\x50\x01\0\
\0\0\0\x7b\x60\x48\x01\0\0\0\0\x7b\x60\x40\x01\0\0\0\0\x7b\x60\x38\x01\0\0\0\0\
\x7b\x60\x30\x01\0\0\0\0\x7b\x60\x28\x01\0\0\0\0\x7b\x60\x20\x01\0\0\0\0\x7b\
\x60\x18\x01\0\0\0\0\x7b\x60\x10\x01\0\0\0\0\x7b\x60\x08\x01\0\0\0\0\x7b\x60\0\
\x01\0\0\0\0\x7b\x60\xf8\0\0\0\0\0\x7b\x60\xf0\0\0\0\0\0\x7b\x60\xe8\0\0\0\0\0\
\x7b\x60\xe0\0\0\0\0\0\x7b\x60\xd8\0\0\0\0\0\x7b\x60\xd0\0\0\0\0\0\x7b\x60\xc8\
\0\0\0\0\0\x7b\x60\xc0\0\0\0\0\0\x7b\x60\xb8\0\0\0\0\0\x7b\x60\xb0\0\0\0\0\0\
\x7b\x60\xa8\0\0\0\0\0\x7b\x60\xa0\0\0\0\0\0\x7b\x60\x98\0\0\0\0\0\x7b\x60\x90\
\0\0\0\0\0\x7b\x60\x88\0\0\0\0\0\x7b\x60\x80\0\0\0\0\0\x7b\x60\x78\0\0\0\0\0\
\x7b\x60\x70\0\0\0\0\0\x7b\x60\x68\0\0\0\0\0\x7b\x60\x60\0\0\0\0\0\x7b\x60\x58\
\0\0\0\0\0\x7b\x60\x50\0\0\0\0\0\x7b\x60\x48\0\0\0\0\0\x7b\x60\x40\0\0\0\0\0\
\x7b\x60\x38\0\0\0\0\0\x7b\x60\x30\0\0\0\0\0\x7b\x60\x28\0\0\0\0\0\x7b\x60\x20\
\0\0\0\0\0\x7b\x60\x18\0\0\0\0\0\x7b\x60\x10\0\0\0\0\0\x7b\x60\x08\0\0\0\0\0\
\x7b\x60\0\0\0\0\0\0\xbf\x06\0\0\0\0\0\0\x85\0\0\0\x05\0\0\0\x7b\x06\x08\0\0\0\
\0\0\x85\0\0\0\x0e\0\0\0\xbf\x01\0\0\0\0\0\0\x67\x01\0\0\x20\0\0\0\x77\0\0\0\
\x20\0\0\0\x4f\x10\0\0\0\0\0\0\x7b\x06\x10\0\0\0\0\0\x85\0\0\0\x50\0\0\0\xb7\
\x01\0\0\x74\0\0\0\x73\x16\x2f\0\0\0\0\0\xb7\x01\0\0\x61\0\0\0\x73\x16\x2e\0\0\
\0\0\0\xb7\x01\0\0\x63\0\0\0\x73\x16\x2d\0\0\0\0\0\xb7\x01\0\0\x4c\0\0\0\x73\
\x16\x2b\0\0\0\0\0\xb7\x01\0\0\x46\0\0\0\x73\x16\x2a\0\0\0\0\0\xb7\x01\0\0\x4d\
\0\0\0\x73\x16\x29\0\0\0\0\0\xb7\x01\0\0\x41\0\0\0\x73\x16\x28\0\0\0\0\0\xb7\
\x01\0\0\x49\0\0\0\x73\x16\x33\0\0\0\0\0\xb7\x01\0\0\x69\0\0\0\x73\x16\x30\0\0\
\0\0\0\xb7\x01\0\0\x66\0\0\0\x73\x16\x35\0\0\0\0\0\xb7\x01\0\0\x6e\0\0\0\x73\
\x16\x32\0\0\0\0\0\x73\x16\x34\0\0\0\0\0\xb7\x01\0\0\x41\x4d\x46\0\x63\x16\x20\
\0\0\0\0\0\x7b\x06\x18\0\0\0\0\0\xb7\x01\0\0\x6f\0\0\0\x73\x16\x2c\0\0\0\0\0\
\x73\x16\x31\0\0\0\0\0\x73\x16\x36\0\0\0\0\0\xbf\x61\0\0\0\0\0\0\xb7\x02\0\0\0\
\0\0\0\x85\0\0\0\x84\0\0\0\xb7\0\0\0\0\0\0\0\x95\0\0\0\0\0\0\0\xb7\x06\0\0\0\0\
\0\0\x18\x01\0\0\0\0\0\0\0\0\0\0\0\0\0\0\xb7\x02\0\0\x88\x02\0\0\xb7\x03\0\0\0\
\0\0\0\x85\0\0\0\x83\0\0\0\x15\0\x87\0\0\0\0\0\x7b\x60\x80\x02\0\0\0\0\x7b\x60\
\x78\x02\0\0\0\0\x7b\x60\x70\x02\0\0\0\0\x7b\x60\x68\x02\0\0\0\0\x7b\x60\x60\
\x02\0\0\0\0\x7b\x60\x58\x02\0\0\0\0\x7b\x60\x50\x02\0\0\0\0\x7b\x60\x48\x02\0\
\0\0\0\x7b\x60\x40\x02\0\0\0\0\x7b\x60\x38\x02\0\0\0\0\x7b\x60\x30\x02\0\0\0\0\
\x7b\x60\x28\x02\0\0\0\0\x7b\x60\x20\x02\0\0\0\0\x7b\x60\x18\x02\0\0\0\0\x7b\
\x60\x10\x02\0\0\0\0\x7b\x60\x08\x02\0\0\0\0\x7b\x60\0\x02\0\0\0\0\x7b\x60\xf8\
\x01\0\0\0\0\x7b\x60\xf0\x01\0\0\0\0\x7b\x60\xe8\x01\0\0\0\0\x7b\x60\xe0\x01\0\
\0\0\0\x7b\x60\xd8\x01\0\0\0\0\x7b\x60\xd0\x01\0\0\0\0\x7b\x60\xc8\x01\0\0\0\0\
\x7b\x60\xc0\x01\0\0\0\0\x7b\x60\xb8\x01\0\0\0\0\x7b\x60\xb0\x01\0\0\0\0\x7b\
\x60\xa8\x01\0\0\0\0\x7b\x60\xa0\x01\0\0\0\0\x7b\x60\x98\x01\0\0\0\0\x7b\x60\
\x90\x01\0\0\0\0\x7b\x60\x88\x01\0\0\0\0\x7b\x60\x80\x01\0\0\0\0\x7b\x60\x78\
\x01\0\0\0\0\x7b\x60\x70\x01\0\0\0\0\x7b\x60\x68\x01\0\0\0\0\x7b\x60\x60\x01\0\
\0\0\0\x7b\x60\x58\x01\0\0\0\0\x7b\x60\x50\x01\0\0\0\0\x7b\x60\x48\x01\0\0\0\0\
\x7b\x60\x40\x01\0\0\0\0\x7b\x60\x38\x01\0\0\0\0\x7b\x60\x30\x01\0\0\0\0\x7b\
\x60\x28\x01\0\0\0\0\x7b\x60\x20\x01\0\0\0\0\x7b\x60\x18\x01\0\0\0\0\x7b\x60\
\x10\x01\0\0\0\0\x7b\x60\x08\x01\0\0\0\0\x7b\x60\0\x01\0\0\0\0\x7b\x60\xf8\0\0\
\0\0\0\x7b\x60\xf0\0\0\0\0\0\x7b\x60\xe8\0\0\0\0\0\x7b\x60\xe0\0\0\0\0\0\x7b\
\x60\xd8\0\0\0\0\0\x7b\x60\xd0\0\0\0\0\0\x7b\x60\xc8\0\0\0\0\0\x7b\x60\xc0\0\0\
\0\0\0\x7b\x60\xb8\0\0\0\0\0\x7b\x60\xb0\0\0\0\0\0\x7b\x60\xa8\0\0\0\0\0\x7b\
\x60\xa0\0\0\0\0\0\x7b\x60\x98\0\0\0\0\0\x7b\x60\x90\0\0\0\0\0\x7b\x60\x88\0\0\
\0\0\0\x7b\x60\x80\0\0\0\0\0\x7b\x60\x78\0\0\0\0\0\x7b\x60\x70\0\0\0\0\0\x7b\
\x60\x68\0\0\0\0\0\x7b\x60\x60\0\0\0\0\0\x7b\x60\x58\0\0\0\0\0\x7b\x60\x50\0\0\
\0\0\0\x7b\x60\x48\0\0\0\0\0\x7b\x60\x40\0\0\0\0\0\x7b\x60\x38\0\0\0\0\0\x7b\
\x60\x30\0\0\0\0\0\x7b\x60\x28\0\0\0\0\0\x7b\x60\x20\0\0\0\0\0\x7b\x60\x18\0\0\
\0\0\0\x7b\x60\x10\0\0\0\0\0\x7b\x60\x08\0\0\0\0\0\x7b\x60\0\0\0\0\0\0\xbf\x06\
\0\0\0\0\0\0\x85\0\0\0\x05\0\0\0\x7b\x06\x08\0\0\0\0\0\x85\0\0\0\x0e\0\0\0\xbf\
\x01\0\0\0\0\0\0\x67\x01\0\0\x20\0\0\0\x77\0\0\0\x20\0\0\0\x4f\x10\0\0\0\0\0\0\
\x7b\x06\x10\0\0\0\0\0\x85\0\0\0\x50\0\0\0\xb7\x01\0\0\x61\0\0\0\x73\x16\x2e\0\
\0\0\0\0\xb7\x01\0\0\x6d\0\0\0\x73\x16\x2d\0\0\0\0\0\xb7\x01\0\0\x44\0\0\0\x73\
\x16\x2b\0\0\0\0\0\xb7\x01\0\0\x46\0\0\0\x73\x16\x2a\0\0\0\0\0\xb7\x01\0\0\x4d\
\0\0\0\x73\x16\x29\0\0\0\0\0\xb7\x01\0\0\x41\0\0\0\x73\x16\x28\0\0\0\0\0\xb7\
\x01\0\0\x69\0\0\0\x73\x16\x2f\0\0\0\0\0\x73\x16\x37\0\0\0\0\0\xb7\x01\0\0\x74\
\0\0\0\x73\x16\x36\0\0\0\0\0\xb7\x01\0\0\x63\0\0\0\x73\x16\x35\0\0\0\0\0\xb7\
\x01\0\0\x6c\0\0\0\x73\x16\x33\0\0\0\0\0\xb7\x01\0\0\x65\0\0\0\x73\x16\x34\0\0\
\0\0\0\x73\x16\x32\0\0\0\0\0\xb7\x01\0\0\x53\0\0\0\x73\x16\x31\0\0\0\0\0\xb7\
\x01\0\0\x49\0\0\0\x73\x16\x3a\0\0\0\0\0\xb7\x01\0\0\x6e\0\0\0\x73\x16\x30\0\0\
\0\0\0\x73\x16\x3b\0\0\0\0\0\x73\x16\x39\0\0\0\0\0\xb7\x01\0\0\x6f\0\0\0\x73\
\x16\x2c\0\0\0\0\0\x73\x16\x38\0\0\0\0\0\x73\x16\x3d\0\0\0\0\0\xb7\x01\0\0\x66\
\0\0\0\x73\x16\x3c\0\0\0\0\0\xb7\x01\0\0\x41\x4d\x46\0\x63\x16\x20\0\0\0\0\0\
\x7b\x06\x18\0\0\0\0\0\xbf\x61\0\0\0\0\0\0\xb7\x02\0\0\0\0\0\0\x85\0\0\0\x84\0\
\0\0\xb7\0\0\0\0\0\0\0\x95\0\0\0\0\0\0\0\xb7\x06\0\0\0\0\0\0\x18\x01\0\0\0\0\0\
\0\0\0\0\0\0\0\0\0\xb7\x02\0\0\x88\x02\0\0\xb7\x03\0\0\0\0\0\0\x85\0\0\0\x83\0\
\0\0\x15\0\x7c\0\0\0\0\0\x7b\x60\x80\x02\0\0\0\0\x7b\x60\x78\x02\0\0\0\0\x7b\
\x60\x70\x02\0\0\0\0\x7b\x60\x68\x02\0\0\0\0\x7b\x60\x60\x02\0\0\0\0\x7b\x60\
\x58\x02\0\0\0\0\x7b\x60\x50\x02\0\0\0\0\x7b\x60\x48\x02\0\0\0\0\x7b\x60\x40\
\x02\0\0\0\0\x7b\x60\x38\x02\0\0\0\0\x7b\x60\x30\x02\0\0\0\0\x7b\x60\x28\x02\0\
\0\0\0\x7b\x60\x20\x02\0\0\0\0\x7b\x60\x18\x02\0\0\0\0\x7b\x60\x10\x02\0\0\0\0\
\x7b\x60\x08\x02\0\0\0\0\x7b\x60\0\x02\0\0\0\0\x7b\x60\xf8\x01\0\0\0\0\x7b\x60\
\xf0\x01\0\0\0\0\x7b\x60\xe8\x01\0\0\0\0\x7b\x60\xe0\x01\0\0\0\0\x7b\x60\xd8\
\x01\0\0\0\0\x7b\x60\xd0\x01\0\0\0\0\x7b\x60\xc8\x01\0\0\0\0\x7b\x60\xc0\x01\0\
\0\0\0\x7b\x60\xb8\x01\0\0\0\0\x7b\x60\xb0\x01\0\0\0\0\x7b\x60\xa8\x01\0\0\0\0\
\x7b\x60\xa0\x01\0\0\0\0\x7b\x60\x98\x01\0\0\0\0\x7b\x60\x90\x01\0\0\0\0\x7b\
\x60\x88\x01\0\0\0\0\x7b\x60\x80\x01\0\0\0\0\x7b\x60\x78\x01\0\0\0\0\x7b\x60\
\x70\x01\0\0\0\0\x7b\x60\x68\x01\0\0\0\0\x7b\x60\x60\x01\0\0\0\0\x7b\x60\x58\
\x01\0\0\0\0\x7b\x60\x50\x01\0\0\0\0\x7b\x60\x48\x01\0\0\0\0\x7b\x60\x40\x01\0\
\0\0\0\x7b\x60\x38\x01\0\0\0\0\x7b\x60\x30\x01\0\0\0\0\x7b\x60\x28\x01\0\0\0\0\
\x7b\x60\x20\x01\0\0\0\0\x7b\x60\x18\x01\0\0\0\0\x7b\x60\x10\x01\0\0\0\0\x7b\
\x60\x08\x01\0\0\0\0\x7b\x60\0\x01\0\0\0\0\x7b\x60\xf8\0\0\0\0\0\x7b\x60\xf0\0\
\0\0\0\0\x7b\x60\xe8\0\0\0\0\0\x7b\x60\xe0\0\0\0\0\0\x7b\x60\xd8\0\0\0\0\0\x7b\
\x60\xd0\0\0\0\0\0\x7b\x60\xc8\0\0\0\0\0\x7b\x60\xc0\0\0\0\0\0\x7b\x60\xb8\0\0\
\0\0\0\x7b\x60\xb0\0\0\0\0\0\x7b\x60\xa8\0\0\0\0\0\x7b\x60\xa0\0\0\0\0\0\x7b\
\x60\x98\0\0\0\0\0\x7b\x60\x90\0\0\0\0\0\x7b\x60\x88\0\0\0\0\0\x7b\x60\x80\0\0\
\0\0\0\x7b\x60\x78\0\0\0\0\0\x7b\x60\x70\0\0\0\0\0\x7b\x60\x68\0\0\0\0\0\x7b\
\x60\x60\0\0\0\0\0\x7b\x60\x58\0\0\0\0\0\x7b\x60\x50\0\0\0\0\0\x7b\x60\x48\0\0\
\0\0\0\x7b\x60\x40\0\0\0\0\0\x7b\x60\x38\0\0\0\0\0\x7b\x60\x30\0\0\0\0\0\x7b\
\x60\x28\0\0\0\0\0\x7b\x60\x20\0\0\0\0\0\x7b\x60\x18\0\0\0\0\0\x7b\x60\x10\0\0\
\0\0\0\x7b\x60\x08\0\0\0\0\0\x7b\x60\0\0\0\0\0\0\xbf\x06\0\0\0\0\0\0\x85\0\0\0\
\x05\0\0\0\x7b\x06\x08\0\0\0\0\0\x85\0\0\0\x0e\0\0\0\xbf\x01\0\0\0\0\0\0\x67\
\x01\0\0\x20\0\0\0\x77\0\0\0\x20\0\0\0\x4f\x10\0\0\0\0\0\0\x7b\x06\x10\0\0\0\0\
\0\x85\0\0\0\x50\0\0\0\xb7\x01\0\0\x45\0\0\0\x73\x16\x2f\0\0\0\0\0\xb7\x01\0\0\
\x55\0\0\0\x73\x16\x2e\0\0\0\0\0\xb7\x01\0\0\x4f\0\0\0\x73\x16\x2b\0\0\0\0\0\
\xb7\x01\0\0\x46\0\0\0\x73\x16\x2a\0\0\0\0\0\xb7\x01\0\0\x4d\0\0\0\x73\x16\x2d\
\0\0\0\0\0\x73\x16\x29\0\0\0\0\0\xb7\x01\0\0\x41\0\0\0\x73\x16\x2c\0\0\0\0\0\
\x73\x16\x28\0\0\0\0\0\xb7\x01\0\0\x6e\0\0\0\x73\x16\x32\0\0\0\0\0\xb7\x01\0\0\
\x6f\0\0\0\x73\x16\x31\0\0\0\0\0\xb7\x01\0\0\x43\0\0\0\x73\x16\x30\0\0\0\0\0\
\xb7\x01\0\0\x78\0\0\0\x73\x16\x35\0\0\0\0\0\xb7\x01\0\0\x65\0\0\0\x73\x16\x34\
\0\0\0\0\0\xb7\x01\0\0\x41\x4d\x46\0\x63\x16\x20\0\0\0\0\0\x7b\x06\x18\0\0\0\0\
\0\xb7\x01\0\0\x74\0\0\0\x73\x16\x33\0\0\0\0\0\x73\x16\x36\0\0\0\0\0\xbf\x61\0\
\0\0\0\0\0\xb7\x02\0\0\0\0\0\0\x85\0\0\0\x84\0\0\0\xb7\0\0\0\0\0\0\0\x95\0\0\0\
\0\0\0\0\xbf\x16\0\0\0\0\0\0\xb7\x01\0\0\0\0\0\0\x63\x1a\xe8\xff\0\0\0\0\xbf\
\xa2\0\0\0\0\0\0\x07\x02\0\0\xe8\xff\xff\xff\x18\x01\0\0\0\0\0\0\0\0\0\0\0\0\0\
\0\x85\0\0\0\x01\0\0\0\xbf\x07\0\0\0\0\0\0\x15\x07\x02\0\0\0\0\0\x79\x71\0\0\0\
\0\0\0\x55\x01\x01\0\0\0\0\0\x05\0\x15\0\0\0\0\0\x85\0\0\0\x50\0\0\0\x79\x71\0\
\0\0\0\0\0\x5d\x10\x12\0\0\0\0\0\x85\0\0\0\x0e\0\0\0\x67\0\0\0\x20\0\0\0\x77\0\
\0\0\x20\0\0\0\x7b\x0a\xf8\xff\0\0\0\0\x79\x61\x10\0\0\0\0\0\x67\x01\0\0\x20\0\
\0\0\xc7\x01\0\0\x20\0\0\0\x7b\x1a\xe8\xff\0\0\0\0\x79\x61\x18\0\0\0\0\0\x7b\
\x1a\xf0\xff\0\0\0\0\xbf\xa2\0\0\0\0\0\0\x07\x02\0\0\xf8\xff\xff\xff\xbf\xa3\0\
\0\0\0\0\0\x07\x03\0\0\xe8\xff\xff\xff\x18\x01\0\0\0\0\0\0\0\0\0\0\0\0\0\0\xb7\
\x04\0\0\0\0\0\0\x85\0\0\0\x02\0\0\0\xb7\0\0\0\0\0\0\0\x95\0\0\0\0\0\0\0\xbf\
\x16\0\0\0\0\0\0\xb7\x01\0\0\0\0\0\0\x63\x1a\xe8\xff\0\0\0\0\xbf\xa2\0\0\0\0\0\
\0\x07\x02\0\0\xe8\xff\xff\xff\x18\x01\0\0\0\0\0\0\0\0\0\0\0\0\0\0\x85\0\0\0\
\x01\0\0\0\xbf\x07\0\0\0\0\0\0\x15\x07\x02\0\0\0\0\0\x79\x71\0\0\0\0\0\0\x55\
\x01\x02\0\0\0\0\0\xb7\0\0\0\0\0\0\0\x95\0\0\0\0\0\0\0\x85\0\0\0\x50\0\0\0\x79\
\x71\0\0\0\0\0\0\x5d\x10\xfb\xff\0\0\0\0\x85\0\0\0\x0e\0\0\0\x67\0\0\0\x20\0\0\
\0\x77\0\0\0\x20\0\0\0\x7b\x0a\xe0\xff\0\0\0\0\xbf\xa2\0\0\0\0\0\0\x07\x02\0\0\
\xe0\xff\xff\xff\x18\x01\0\0\0\0\0\0\0\0\0\0\0\0\0\0\x85\0\0\0\x01\0\0\0\xbf\
\x08\0\0\0\0\0\0\x15\x08\xf0\xff\0\0\0\0\xbf\xa2\0\0\0\0\0\0\x07\x02\0\0\xe0\
\xff\xff\xff\x18\x01\0\0\0\0\0\0\0\0\0\0\0\0\0\0\x85\0\0\0\x03\0\0\0\x79\x61\
\x10\0\0\0\0\0\x15\x01\x02\0\0\0\0\0\x79\x61\x10\0\0\0\0\0\x55\x01\xe7\xff\x8d\
\xff\xff\xff\xb7\x09\0\0\0\0\0\0\x18\x01\0\0\0\0\0\0\0\0\0\0\0\0\0\0\xb7\x02\0\
\0\x88\x02\0\0\xb7\x03\0\0\0\0\0\0\x85\0\0\0\x83\0\0\0\xbf\x07\0\0\0\0\0\0\x15\
\x07\xdf\xff\0\0\0\0\x7b\x97\x80\x02\0\0\0\0\x7b\x97\x78\x02\0\0\0\0\x7b\x97\
\x70\x02\0\0\0\0\x7b\x97\x68\x02\0\0\0\0\x7b\x97\x60\x02\0\0\0\0\x7b\x97\x58\
\x02\0\0\0\0\x7b\x97\x50\x02\0\0\0\0\x7b\x97\x48\x02\0\0\0\0\x7b\x97\x40\x02\0\
\0\0\0\x7b\x97\x38\x02\0\0\0\0\x7b\x97\x30\x02\0\0\0\0\x7b\x97\x28\x02\0\0\0\0\
\x7b\x97\x20\x02\0\0\0\0\x7b\x97\x18\x02\0\0\0\0\x7b\x97\x10\x02\0\0\0\0\x7b\
\x97\x08\x02\0\0\0\0\x7b\x97\0\x02\0\0\0\0\x7b\x97\xf8\x01\0\0\0\0\x7b\x97\xf0\
\x01\0\0\0\0\x7b\x97\xe8\x01\0\0\0\0\x7b\x97\xe0\x01\0\0\0\0\x7b\x97\xd8\x01\0\
\0\0\0\x7b\x97\xd0\x01\0\0\0\0\x7b\x97\xc8\x01\0\0\0\0\x7b\x97\xc0\x01\0\0\0\0\
\x7b\x97\xb8\x01\0\0\0\0\x7b\x97\xb0\x01\0\0\0\0\x7b\x97\xa8\x01\0\0\0\0\x7b\
\x97\xa0\x01\0\0\0\0\x7b\x97\x98\x01\0\0\0\0\x7b\x97\x90\x01\0\0\0\0\x7b\x97\
\x88\x01\0\0\0\0\x7b\x97\x80\x01\0\0\0\0\x7b\x97\x78\x01\0\0\0\0\x7b\x97\x70\
\x01\0\0\0\0\x7b\x97\x68\x01\0\0\0\0\x7b\x97\x60\x01\0\0\0\0\x7b\x97\x58\x01\0\
\0\0\0\x7b\x97\x50\x01\0\0\0\0\x7b\x97\x48\x01\0\0\0\0\x7b\x97\x40\x01\0\0\0\0\
\x7b\x97\x38\x01\0\0\0\0\x7b\x97\x30\x01\0\0\0\0\x7b\x97\x28\x01\0\0\0\0\x7b\
\x97\x20\x01\0\0\0\0\x7b\x97\x18\x01\0\0\0\0\x7b\x97\x10\x01\0\0\0\0\x7b\x97\
\x08\x01\0\0\0\0\x7b\x97\0\x01\0\0\0\0\x7b\x97\xf8\0\0\0\0\0\x7b\x97\xf0\0\0\0\
\0\0\x7b\x97\xe8\0\0\0\0\0\x7b\x97\xe0\0\0\0\0\0\x7b\x97\xd8\0\0\0\0\0\x7b\x97\
\xd0\0\0\0\0\0\x7b\x97\xc8\0\0\0\0\0\x7b\x97\xc0\0\0\0\0\0\x7b\x97\xb8\0\0\0\0\
\0\x7b\x97\xb0\0\0\0\0\0\x7b\x97\xa8\0\0\0\0\0\x7b\x97\xa0\0\0\0\0\0\x7b\x97\
\x98\0\0\0\0\0\x7b\x97\x90\0\0\0\0\0\x7b\x97\x88\0\0\0\0\0\x7b\x97\x80\0\0\0\0\
\0\x7b\x97\x78\0\0\0\0\0\x7b\x97\x70\0\0\0\0\0\x7b\x97\x68\0\0\0\0\0\x7b\x97\
\x60\0\0\0\0\0\x7b\x97\x58\0\0\0\0\0\x7b\x97\x50\0\0\0\0\0\x7b\x97\x48\0\0\0\0\
\0\x7b\x97\x40\0\0\0\0\0\x7b\x97\x38\0\0\0\0\0\x7b\x97\x30\0\0\0\0\0\x7b\x97\
\x28\0\0\0\0\0\x7b\x97\x20\0\0\0\0\0\x7b\x97\x18\0\0\0\0\0\x7b\x97\x10\0\0\0\0\
\0\x7b\x97\x08\0\0\0\0\0\x7b\x97\0\0\0\0\0\0\xb7\x01\0\0\x01\0\0\0\x73\x17\0\0\
\0\0\0\0\x85\0\0\0\x05\0\0\0\x7b\x07\x08\0\0\0\0\0\x85\0\0\0\x0e\0\0\0\xbf\x01\
\0\0\0\0\0\0\x67\x01\0\0\x20\0\0\0\x77\0\0\0\x20\0\0\0\x4f\x10\0\0\0\0\0\0\x7b\
\x07\x10\0\0\0\0\0\x85\0\0\0\x50\0\0\0\xb7\x01\0\0\x41\x4d\x46\0\x63\x17\x20\0\
\0\0\0\0\x7b\x07\x18\0\0\0\0\0\x79\x88\x08\0\0\0\0\0\x6b\x9a\xfe\xff\0\0\0\0\
\xb7\x01\0\0\0\0\0\0\xbf\x83\0\0\0\0\0\0\x0f\x13\0\0\0\0\0\0\xbf\xa1\0\0\0\0\0\
\0\x07\x01\0\0\xfe\xff\xff\xff\xb7\x09\0\0\x02\0\0\0\xb7\x02\0\0\x02\0\0\0\x85\
\0\0\0\x70\0\0\0\x69\xa1\xfe\xff\0\0\0\0\x55\x01\x0f\0\x02\0\0\0\x73\x97\x01\0\
\0\0\0\0\xb7\x01\0\0\0\0\0\0\x7b\x1a\xf0\xff\0\0\0\0\x7b\x1a\xe8\xff\0\0\0\0\
\xbf\xa9\0\0\0\0\0\0\x07\x09\0\0\xe8\xff\xff\xff\xbf\x91\0\0\0\0\0\0\xb7\x02\0\
\0\x10\0\0\0\xbf\x83\0\0\0\0\0\0\x85\0\0\0\x70\0\0\0\x61\x91\x04\0\0\0\0\0\x63\
\x17\x4c\0\0\0\0\0\x69\x91\x02\0\0\0\0\0\xdc\x01\0\0\x10\0\0\0\x6b\x17\x52\0\0\
\0\0\0\x79\x61\x10\0\0\0\0\0\x7b\x17\x60\0\0\0\0\0\xbf\x71\0\0\0\0\0\0\xb7\x02\
\0\0\0\0\0\0\x85\0\0\0\x84\0\0\0\x05\0\x5f\xff\0\0\0\0\xbf\x16\0\0\0\0\0\0\xb7\
\x01\0\0\0\0\0\0\x63\x1a\xe8\xff\0\0\0\0\xbf\xa2\0\0\0\0\0\0\x07\x02\0\0\xe8\
\xff\xff\xff\x18\x01\0\0\0\0\0\0\0\0\0\0\0\0\0\0\x85\0\0\0\x01\0\0\0\xbf\x07\0\
\0\0\0\0\0\x15\x07\x02\0\0\0\0\0\x79\x71\0\0\0\0\0\0\x55\x01\x01\0\0\0\0\0\x05\
\0\x15\0\0\0\0\0\x85\0\0\0\x50\0\0\0\x79\x71\0\0\0\0\0\0\x5d\x10\x12\0\0\0\0\0\
\x85\0\0\0\x0e\0\0\0\x67\0\0\0\x20\0\0\0\x77\0\0\0\x20\0\0\0\x7b\x0a\xf8\xff\0\
\0\0\0\x79\x61\x10\0\0\0\0\0\x67\x01\0\0\x20\0\0\0\xc7\x01\0\0\x20\0\0\0\x7b\
\x1a\xe8\xff\0\0\0\0\x79\x61\x18\0\0\0\0\0\x7b\x1a\xf0\xff\0\0\0\0\xbf\xa2\0\0\
\0\0\0\0\x07\x02\0\0\xf8\xff\xff\xff\xbf\xa3\0\0\0\0\0\0\x07\x03\0\0\xe8\xff\
\xff\xff\x18\x01\0\0\0\0\0\0\0\0\0\0\0\0\0\0\xb7\x04\0\0\0\0\0\0\x85\0\0\0\x02\
\0\0\0\xb7\0\0\0\0\0\0\0\x95\0\0\0\0\0\0\0\xbf\x16\0\0\0\0\0\0\xb7\x01\0\0\0\0\
\0\0\x63\x1a\xe8\xff\0\0\0\0\xbf\xa2\0\0\0\0\0\0\x07\x02\0\0\xe8\xff\xff\xff\
\x18\x01\0\0\0\0\0\0\0\0\0\0\0\0\0\0\x85\0\0\0\x01\0\0\0\xbf\x07\0\0\0\0\0\0\
\x15\x07\x02\0\0\0\0\0\x79\x71\0\0\0\0\0\0\x55\x01\x02\0\0\0\0\0\xb7\0\0\0\0\0\
\0\0\x95\0\0\0\0\0\0\0\x85\0\0\0\x50\0\0\0\x79\x71\0\0\0\0\0\0\x5d\x10\xfb\xff\
\0\0\0\0\x85\0\0\0\x0e\0\0\0\x67\0\0\0\x20\0\0\0\x77\0\0\0\x20\0\0\0\x7b\x0a\
\xe0\xff\0\0\0\0\xbf\xa2\0\0\0\0\0\0\x07\x02\0\0\xe0\xff\xff\xff\x18\x01\0\0\0\
\0\0\0\0\0\0\0\0\0\0\0\x85\0\0\0\x01\0\0\0\xbf\x08\0\0\0\0\0\0\x15\x08\xf0\xff\
\0\0\0\0\xbf\xa2\0\0\0\0\0\0\x07\x02\0\0\xe0\xff\xff\xff\x18\x01\0\0\0\0\0\0\0\
\0\0\0\0\0\0\0\x85\0\0\0\x03\0\0\0\x79\x61\x10\0\0\0\0\0\xb7\x02\0\0\0\0\0\0\
\x6d\x12\xe8\xff\0\0\0\0\xb7\x09\0\0\0\0\0\0\x18\x01\0\0\0\0\0\0\0\0\0\0\0\0\0\
\0\xb7\x02\0\0\x88\x02\0\0\xb7\x03\0\0\0\0\0\0\x85\0\0\0\x83\0\0\0\xbf\x07\0\0\
\0\0\0\0\x15\x07\xe0\xff\0\0\0\0\x7b\x97\x80\x02\0\0\0\0\x7b\x97\x78\x02\0\0\0\
\0\x7b\x97\x70\x02\0\0\0\0\x7b\x97\x68\x02\0\0\0\0\x7b\x97\x60\x02\0\0\0\0\x7b\
\x97\x58\x02\0\0\0\0\x7b\x97\x50\x02\0\0\0\0\x7b\x97\x48\x02\0\0\0\0\x7b\x97\
\x40\x02\0\0\0\0\x7b\x97\x38\x02\0\0\0\0\x7b\x97\x30\x02\0\0\0\0\x7b\x97\x28\
\x02\0\0\0\0\x7b\x97\x20\x02\0\0\0\0\x7b\x97\x18\x02\0\0\0\0\x7b\x97\x10\x02\0\
\0\0\0\x7b\x97\x08\x02\0\0\0\0\x7b\x97\0\x02\0\0\0\0\x7b\x97\xf8\x01\0\0\0\0\
\x7b\x97\xf0\x01\0\0\0\0\x7b\x97\xe8\x01\0\0\0\0\x7b\x97\xe0\x01\0\0\0\0\x7b\
\x97\xd8\x01\0\0\0\0\x7b\x97\xd0\x01\0\0\0\0\x7b\x97\xc8\x01\0\0\0\0\x7b\x97\
\xc0\x01\0\0\0\0\x7b\x97\xb8\x01\0\0\0\0\x7b\x97\xb0\x01\0\0\0\0\x7b\x97\xa8\
\x01\0\0\0\0\x7b\x97\xa0\x01\0\0\0\0\x7b\x97\x98\x01\0\0\0\0\x7b\x97\x90\x01\0\
\0\0\0\x7b\x97\x88\x01\0\0\0\0\x7b\x97\x80\x01\0\0\0\0\x7b\x97\x78\x01\0\0\0\0\
\x7b\x97\x70\x01\0\0\0\0\x7b\x97\x68\x01\0\0\0\0\x7b\x97\x60\x01\0\0\0\0\x7b\
\x97\x58\x01\0\0\0\0\x7b\x97\x50\x01\0\0\0\0\x7b\x97\x48\x01\0\0\0\0\x7b\x97\
\x40\x01\0\0\0\0\x7b\x97\x38\x01\0\0\0\0\x7b\x97\x30\x01\0\0\0\0\x7b\x97\x28\
\x01\0\0\0\0\x7b\x97\x20\x01\0\0\0\0\x7b\x97\x18\x01\0\0\0\0\x7b\x97\x10\x01\0\
\0\0\0\x7b\x97\x08\x01\0\0\0\0\x7b\x97\0\x01\0\0\0\0\x7b\x97\xf8\0\0\0\0\0\x7b\
\x97\xf0\0\0\0\0\0\x7b\x97\xe8\0\0\0\0\0\x7b\x97\xe0\0\0\0\0\0\x7b\x97\xd8\0\0\
\0\0\0\x7b\x97\xd0\0\0\0\0\0\x7b\x97\xc8\0\0\0\0\0\x7b\x97\xc0\0\0\0\0\0\x7b\
\x97\xb8\0\0\0\0\0\x7b\x97\xb0\0\0\0\0\0\x7b\x97\xa8\0\0\0\0\0\x7b\x97\xa0\0\0\
\0\0\0\x7b\x97\x98\0\0\0\0\0\x7b\x97\x90\0\0\0\0\0\x7b\x97\x88\0\0\0\0\0\x7b\
\x97\x80\0\0\0\0\0\x7b\x97\x78\0\0\0\0\0\x7b\x97\x70\0\0\0\0\0\x7b\x97\x68\0\0\
\0\0\0\x7b\x97\x60\0\0\0\0\0\x7b\x97\x58\0\0\0\0\0\x7b\x97\x50\0\0\0\0\0\x7b\
\x97\x48\0\0\0\0\0\x7b\x97\x40\0\0\0\0\0\x7b\x97\x38\0\0\0\0\0\x7b\x97\x30\0\0\
\0\0\0\x7b\x97\x28\0\0\0\0\0\x7b\x97\x20\0\0\0\0\0\x7b\x97\x18\0\0\0\0\0\x7b\
\x97\x10\0\0\0\0\0\x7b\x97\x08\0\0\0\0\0\x7b\x97\0\0\0\0\0\0\xb7\x01\0\0\x02\0\
\0\0\x73\x17\0\0\0\0\0\0\x85\0\0\0\x05\0\0\0\x7b\x07\x08\0\0\0\0\0\x85\0\0\0\
\x0e\0\0\0\xbf\x01\0\0\0\0\0\0\x67\x01\0\0\x20\0\0\0\x77\0\0\0\x20\0\0\0\x4f\
\x10\0\0\0\0\0\0\x7b\x07\x10\0\0\0\0\0\x85\0\0\0\x50\0\0\0\xb7\x01\0\0\x41\x4d\
\x46\0\x63\x17\x20\0\0\0\0\0\x7b\x07\x18\0\0\0\0\0\x79\x88\x08\0\0\0\0\0\x15\
\x08\x19\0\0\0\0\0\x6b\x9a\xfe\xff\0\0\0\0\xb7\x01\0\0\0\0\0\0\xbf\x83\0\0\0\0\
\0\0\x0f\x13\0\0\0\0\0\0\xbf\xa1\0\0\0\0\0\0\x07\x01\0\0\xfe\xff\xff\xff\xb7\
\x02\0\0\x02\0\0\0\x85\0\0\0\x70\0\0\0\x69\xa1\xfe\xff\0\0\0\0\x55\x01\x0f\0\
\x02\0\0\0\xb7\x01\0\0\x02\0\0\0\x73\x17\x01\0\0\0\0\0\x7b\x9a\xf0\xff\0\0\0\0\
\x7b\x9a\xe8\xff\0\0\0\0\xbf\xa9\0\0\0\0\0\0\x07\x09\0\0\xe8\xff\xff\xff\xbf\
\x91\0\0\0\0\0\0\xb7\x02\0\0\x10\0\0\0\xbf\x83\0\0\0\0\0\0\x85\0\0\0\x70\0\0\0\
\x61\x91\x04\0\0\0\0\0\x63\x17\x4c\0\0\0\0\0\x69\x91\x02\0\0\0\0\0\xdc\x01\0\0\
\x10\0\0\0\x6b\x17\x52\0\0\0\0\0\x79\x61\x10\0\0\0\0\0\x7b\x17\x60\0\0\0\0\0\
\xbf\x71\0\0\0\0\0\0\xb7\x02\0\0\0\0\0\0\x85\0\0\0\x84\0\0\0\x05\0\x60\xff\0\0\
\0\0\xbf\x16\0\0\0\0\0\0\xb7\x01\0\0\0\0\0\0\x63\x1a\xfc\xff\0\0\0\0\xbf\xa2\0\
\0\0\0\0\0\x07\x02\0\0\xfc\xff\xff\xff\x18\x01\0\0\0\0\0\0\0\0\0\0\0\0\0\0\x85\
\0\0\0\x01\0\0\0\xbf\x07\0\0\0\0\0\0\x15\x07\x02\0\0\0\0\0\x79\x71\0\0\0\0\0\0\
\x55\x01\x02\0\0\0\0\0\xb7\0\0\0\0\0\0\0\x95\0\0\0\0\0\0\0\x85\0\0\0\x50\0\0\0\
\x79\x71\0\0\0\0\0\0\x5d\x10\xfb\xff\0\0\0\0\x79\x67\x20\0\0\0\0\0\x15\x07\xf9\
\xff\0\0\0\0\xb7\x06\0\0\0\0\0\0\x18\x01\0\0\0\0\0\0\0\0\0\0\0\0\0\0\xb7\x02\0\
\0\x88\x02\0\0\xb7\x03\0\0\0\0\0\0\x85\0\0\0\x83\0\0\0\x15\0\xf2\xff\0\0\0\0\
\x7b\x60\x80\x02\0\0\0\0\x7b\x60\x78\x02\0\0\0\0\x7b\x60\x70\x02\0\0\0\0\x7b\
\x60\x68\x02\0\0\0\0\x7b\x60\x60\x02\0\0\0\0\x7b\x60\x58\x02\0\0\0\0\x7b\x60\
\x50\x02\0\0\0\0\x7b\x60\x48\x02\0\0\0\0\x7b\x60\x40\x02\0\0\0\0\x7b\x60\x38\
\x02\0\0\0\0\x7b\x60\x30\x02\0\0\0\0\x7b\x60\x28\x02\0\0\0\0\x7b\x60\x20\x02\0\
\0\0\0\x7b\x60\x18\x02\0\0\0\0\x7b\x60\x10\x02\0\0\0\0\x7b\x60\x08\x02\0\0\0\0\
\x7b\x60\0\x02\0\0\0\0\x7b\x60\xf8\x01\0\0\0\0\x7b\x60\xf0\x01\0\0\0\0\x7b\x60\
\xe8\x01\0\0\0\0\x7b\x60\xe0\x01\0\0\0\0\x7b\x60\xd8\x01\0\0\0\0\x7b\x60\xd0\
\x01\0\0\0\0\x7b\x60\xc8\x01\0\0\0\0\x7b\x60\xc0\x01\0\0\0\0\x7b\x60\xb8\x01\0\
\0\0\0\x7b\x60\xb0\x01\0\0\0\0\x7b\x60\xa8\x01\0\0\0\0\x7b\x60\xa0\x01\0\0\0\0\
\x7b\x60\x98\x01\0\0\0\0\x7b\x60\x90\x01\0\0\0\0\x7b\x60\x88\x01\0\0\0\0\x7b\
\x60\x80\x01\0\0\0\0\x7b\x60\x78\x01\0\0\0\0\x7b\x60\x70\x01\0\0\0\0\x7b\x60\
\x68\x01\0\0\0\0\x7b\x60\x60\x01\0\0\0\0\x7b\x60\x58\x01\0\0\0\0\x7b\x60\x50\
\x01\0\0\0\0\x7b\x60\x48\x01\0\0\0\0\x7b\x60\x40\x01\0\0\0\0\x7b\x60\x38\x01\0\
\0\0\0\x7b\x60\x30\x01\0\0\0\0\x7b\x60\x28\x01\0\0\0\0\x7b\x60\x20\x01\0\0\0\0\
\x7b\x60\x18\x01\0\0\0\0\x7b\x60\x10\x01\0\0\0\0\x7b\x60\x08\x01\0\0\0\0\x7b\
\x60\0\x01\0\0\0\0\x7b\x60\xf8\0\0\0\0\0\x7b\x60\xf0\0\0\0\0\0\x7b\x60\xe8\0\0\
\0\0\0\x7b\x60\xe0\0\0\0\0\0\x7b\x60\xd8\0\0\0\0\0\x7b\x60\xd0\0\0\0\0\0\x7b\
\x60\xc8\0\0\0\0\0\x7b\x60\xc0\0\0\0\0\0\x7b\x60\xb8\0\0\0\0\0\x7b\x60\xb0\0\0\
\0\0\0\x7b\x60\xa8\0\0\0\0\0\x7b\x60\xa0\0\0\0\0\0\x7b\x60\x98\0\0\0\0\0\x7b\
\x60\x90\0\0\0\0\0\x7b\x60\x88\0\0\0\0\0\x7b\x60\x80\0\0\0\0\0\x7b\x60\x78\0\0\
\0\0\0\x7b\x60\x70\0\0\0\0\0\x7b\x60\x68\0\0\0\0\0\x7b\x60\x60\0\0\0\0\0\x7b\
\x60\x58\0\0\0\0\0\x7b\x60\x50\0\0\0\0\0\x7b\x60\x48\0\0\0\0\0\x7b\x60\x40\0\0\
\0\0\0\x7b\x60\x38\0\0\0\0\0\x7b\x60\x30\0\0\0\0\0\x7b\x60\x28\0\0\0\0\0\x7b\
\x60\x20\0\0\0\0\0\x7b\x60\x18\0\0\0\0\0\x7b\x60\x10\0\0\0\0\0\x7b\x60\x08\0\0\
\0\0\0\x7b\x60\0\0\0\0\0\0\xb7\x01\0\0\x03\0\0\0\x73\x10\0\0\0\0\0\0\xbf\x06\0\
\0\0\0\0\0\x85\0\0\0\x05\0\0\0\x7b\x06\x08\0\0\0\0\0\x85\0\0\0\x0e\0\0\0\xbf\
\x01\0\0\0\0\0\0\x67\x01\0\0\x20\0\0\0\x77\0\0\0\x20\0\0\0\x4f\x10\0\0\0\0\0\0\
\x7b\x06\x10\0\0\0\0\0\x85\0\0\0\x50\0\0\0\x7b\x76\x58\0\0\0\0\0\xb7\x01\0\0\
\x41\x4d\x46\0\x63\x16\x20\0\0\0\0\0\x7b\x06\x18\0\0\0\0\0\xbf\x61\0\0\0\0\0\0\
\xb7\x02\0\0\0\0\0\0\x85\0\0\0\x84\0\0\0\x05\0\x8d\xff\0\0\0\0\xbf\x16\0\0\0\0\
\0\0\xb7\x01\0\0\0\0\0\0\x63\x1a\xfc\xff\0\0\0\0\xbf\xa2\0\0\0\0\0\0\x07\x02\0\
\0\xfc\xff\xff\xff\x18\x01\0\0\0\0\0\0\0\0\0\0\0\0\0\0\x85\0\0\0\x01\0\0\0\xbf\
\x07\0\0\0\0\0\0\x15\x07\x02\0\0\0\0\0\x79\x71\0\0\0\0\0\0\x55\x01\x02\0\0\0\0\
\0\xb7\0\0\0\0\0\0\0\x95\0\0\0\0\0\0\0\x85\0\0\0\x50\0\0\0\x79\x71\0\0\0\0\0\0\
\x5d\x10\xfb\xff\0\0\0\0\x79\x61\x10\0\0\0\0\0\xb7\x02\0\0\x01\0\0\0\x6d\x12\
\xf8\xff\0\0\0\0\xb7\x07\0\0\0\0\0\0\x18\x01\0\0\0\0\0\0\0\0\0\0\0\0\0\0\xb7\
\x02\0\0\x88\x02\0\0\xb7\x03\0\0\0\0\0\0\x85\0\0\0\x83\0\0\0\x15\0\xf1\xff\0\0\
\0\0\x7b\x70\x80\x02\0\0\0\0\x7b\x70\x78\x02\0\0\0\0\x7b\x70\x70\x02\0\0\0\0\
\x7b\x70\x68\x02\0\0\0\0\x7b\x70\x60\x02\0\0\0\0\x7b\x70\x58\x02\0\0\0\0\x7b\
\x70\x50\x02\0\0\0\0\x7b\x70\x48\x02\0\0\0\0\x7b\x70\x40\x02\0\0\0\0\x7b\x70\
\x38\x02\0\0\0\0\x7b\x70\x30\x02\0\0\0\0\x7b\x70\x28\x02\0\0\0\0\x7b\x70\x20\
\x02\0\0\0\0\x7b\x70\x18\x02\0\0\0\0\x7b\x70\x10\x02\0\0\0\0\x7b\x70\x08\x02\0\
\0\0\0\x7b\x70\0\x02\0\0\0\0\x7b\x70\xf8\x01\0\0\0\0\x7b\x70\xf0\x01\0\0\0\0\
\x7b\x70\xe8\x01\0\0\0\0\x7b\x70\xe0\x01\0\0\0\0\x7b\x70\xd8\x01\0\0\0\0\x7b\
\x70\xd0\x01\0\0\0\0\x7b\x70\xc8\x01\0\0\0\0\x7b\x70\xc0\x01\0\0\0\0\x7b\x70\
\xb8\x01\0\0\0\0\x7b\x70\xb0\x01\0\0\0\0\x7b\x70\xa8\x01\0\0\0\0\x7b\x70\xa0\
\x01\0\0\0\0\x7b\x70\x98\x01\0\0\0\0\x7b\x70\x90\x01\0\0\0\0\x7b\x70\x88\x01\0\
\0\0\0\x7b\x70\x80\x01\0\0\0\0\x7b\x70\x78\x01\0\0\0\0\x7b\x70\x70\x01\0\0\0\0\
\x7b\x70\x68\x01\0\0\0\0\x7b\x70\x60\x01\0\0\0\0\x7b\x70\x58\x01\0\0\0\0\x7b\
\x70\x50\x01\0\0\0\0\x7b\x70\x48\x01\0\0\0\0\x7b\x70\x40\x01\0\0\0\0\x7b\x70\
\x38\x01\0\0\0\0\x7b\x70\x30\x01\0\0\0\0\x7b\x70\x28\x01\0\0\0\0\x7b\x70\x20\
\x01\0\0\0\0\x7b\x70\x18\x01\0\0\0\0\x7b\x70\x10\x01\0\0\0\0\x7b\x70\x08\x01\0\
\0\0\0\x7b\x70\0\x01\0\0\0\0\x7b\x70\xf8\0\0\0\0\0\x7b\x70\xf0\0\0\0\0\0\x7b\
\x70\xe8\0\0\0\0\0\x7b\x70\xe0\0\0\0\0\0\x7b\x70\xd8\0\0\0\0\0\x7b\x70\xd0\0\0\
\0\0\0\x7b\x70\xc8\0\0\0\0\0\x7b\x70\xc0\0\0\0\0\0\x7b\x70\xb8\0\0\0\0\0\x7b\
\x70\xb0\0\0\0\0\0\x7b\x70\xa8\0\0\0\0\0\x7b\x70\xa0\0\0\0\0\0\x7b\x70\x98\0\0\
\0\0\0\x7b\x70\x90\0\0\0\0\0\x7b\x70\x88\0\0\0\0\0\x7b\x70\x80\0\0\0\0\0\x7b\
\x70\x78\0\0\0\0\0\x7b\x70\x70\0\0\0\0\0\x7b\x70\x68\0\0\0\0\0\x7b\x70\x60\0\0\
\0\0\0\x7b\x70\x58\0\0\0\0\0\x7b\x70\x50\0\0\0\0\0\x7b\x70\x48\0\0\0\0\0\x7b\
\x70\x40\0\0\0\0\0\x7b\x70\x38\0\0\0\0\0\x7b\x70\x30\0\0\0\0\0\x7b\x70\x28\0\0\
\0\0\0\x7b\x70\x20\0\0\0\0\0\x7b\x70\x18\0\0\0\0\0\x7b\x70\x10\0\0\0\0\0\x7b\
\x70\x08\0\0\0\0\0\x7b\x70\0\0\0\0\0\0\xb7\x01\0\0\x04\0\0\0\x73\x10\0\0\0\0\0\
\0\xbf\x07\0\0\0\0\0\0\x85\0\0\0\x05\0\0\0\x7b\x07\x08\0\0\0\0\0\x85\0\0\0\x0e\
\0\0\0\xbf\x01\0\0\0\0\0\0\x67\x01\0\0\x20\0\0\0\x77\0\0\0\x20\0\0\0\x4f\x10\0\
\0\0\0\0\0\x7b\x07\x10\0\0\0\0\0\x85\0\0\0\x50\0\0\0\xb7\x01\0\0\x41\x4d\x46\0\
\x63\x17\x20\0\0\0\0\0\x7b\x07\x18\0\0\0\0\0\x79\x61\x10\0\0\0\0\0\x7b\x17\x58\
\0\0\0\0\0\x79\x61\x10\0\0\0\0\0\x7b\x17\x60\0\0\0\0\0\xbf\x71\0\0\0\0\0\0\xb7\
\x02\0\0\0\0\0\0\x85\0\0\0\x84\0\0\0\x05\0\x89\xff\0\0\0\0\x47\x50\x4c\0\x41\
\x4d\x46\x53\x74\x61\x74\x75\x73\x43\x68\x61\x6e\x67\x65\x53\x75\x62\x73\x63\
\x72\x69\x62\x65\0\x41\x4d\x46\x53\x74\x61\x74\x75\x73\x43\x68\x61\x6e\x67\x65\
\x55\x6e\x53\x75\x62\x73\x63\x72\x69\x62\x65\0\x41\x4d\x46\x53\x74\x61\x74\x75\
\x73\x43\x68\x61\x6e\x67\x65\x53\x75\x62\x73\x63\x72\x69\x62\x65\x4d\x6f\x64\
\x69\x66\x79\0\x41\x4d\x46\x55\x45\x43\x72\x65\x61\x74\x65\0\x41\x4d\x46\x55\
\x45\x41\x73\x73\x69\x67\x6e\x45\x42\x49\0\x41\x4d\x46\x55\x45\x52\x65\x6c\x65\
\x61\x73\x65\0\x41\x4d\x46\x55\x45\x54\x72\x61\x6e\x73\x66\x65\x72\0\x41\x4d\
\x46\x55\x45\x52\x65\x67\x69\x73\x74\x72\x61\x74\x69\x6f\x6e\x53\x74\x61\x74\
\x75\x73\x55\x70\x64\x61\x74\x65\0\x41\x4d\x46\x4e\x31\x4d\x65\x73\x73\x61\x67\
\x65\x4e\x6f\x74\x69\x66\x79\0\x41\x4d\x46\x53\x4d\x43\x6f\x6e\x74\x65\x78\x74\
\x53\x74\x61\x74\x75\x73\x4e\x6f\x74\x69\x66\x79\0\x41\x4d\x46\x41\x4d\x55\x70\
\x64\x61\x74\x65\x4e\x6f\x74\x69\x66\x79\0\x41\x4d\x46\x41\x4d\x54\x65\x72\x6d\
\x69\x6e\x61\x74\x65\x4e\x6f\x74\x69\x66\x79\0\x41\x4d\x46\x43\x72\x65\x61\x74\
\x65\x45\x76\x65\x6e\x74\x53\x75\x62\x73\x63\x72\x69\x70\x74\x69\x6f\x6e\0\x41\
\x4d\x46\x4d\x6f\x64\x69\x66\x79\x45\x76\x65\x6e\x74\x53\x75\x62\x73\x63\x72\
\x69\x70\x74\x69\x6f\x6e\0\x41\x4d\x46\x44\x65\x6c\x65\x74\x65\x45\x76\x65\x6e\
\x74\x53\x75\x62\x73\x63\x72\x69\x70\x74\x69\x6f\x6e\0\x41\x4d\x46\x4e\x31\x4e\
\x32\x4d\x65\x73\x73\x61\x67\x65\x54\x72\x61\x6e\x73\x66\x65\x72\0\x41\x4d\x46\
\x4e\x31\x4e\x32\x4d\x65\x73\x73\x61\x67\x65\x53\x75\x62\x73\x63\x72\x69\x62\
\x65\0\x41\x4d\x46\x4e\x31\x4e\x32\x4d\x65\x73\x73\x61\x67\x65\x55\x6e\x73\x75\
\x62\x73\x63\x72\x69\x62\x65\0\x41\x4d\x46\x4e\x31\x4e\x32\x4d\x65\x73\x73\x61\
\x67\x65\x54\x72\x61\x6e\x73\x66\x65\x72\x53\x74\x61\x74\x75\x73\0\x41\x4d\x46\
\x4c\x6f\x63\x61\x74\x69\x6f\x6e\x49\x6e\x66\x6f\0\x41\x4d\x46\x44\x6f\x6d\x61\
\x69\x6e\x53\x65\x6c\x65\x63\x74\x69\x6f\x6e\x49\x6e\x66\x6f\0\x41\x4d\x46\x4f\
\x41\x4d\x55\x45\x43\x6f\x6e\x74\x65\x78\x74\0\0\0\0\0\0\0\0\0\0\0\0\0\0\0\0\0\
\0\0\0\0\0\0\0\0\0\0\0\0\0\0\0\0\0\0\0\0\0\0\0\0\0\0\0\0\0\0\0\0\0\0\0\0\0\0\0\
\0\0\0\0\0\0\0\0\0\0\0\0\0\0\0\0\0\0\0\0\0\0\0\0\0\0\0\0\0\0\0\0\0\0\0\0\0\0\0\
\0\0\0\0\0\0\0\0\0\0\0\0\0\0\0\0\0\0\0\0\0\0\x5b\x05\0\0\x05\0\x08\0\x5f\0\0\0\
\x7c\x01\0\0\x85\x01\0\0\x8f\x01\0\0\x99\x01\0\0\xa2\x01\0\0\xac\x01\0\0\xb6\
\x01\0\0\xbf\x01\0\0\xc9\x01\0\0\xd3\x01\0\0\xdc\x01\0\0\xe6\x01\0\0\xf0\x01\0\
\0\xf9\x01\0\0\x03\x02\0\0\x0d\x02\0\0\x16\x02\0\0\x20\x02\0\0\x2a\x02\0\0\x33\
\x02\0\0\x3d\x02\0\0\x47\x02\0\0\x50\x02\0\0\x5a\x02\0\0\x64\x02\0\0\x6d\x02\0\
\0\x77\x02\0\0\x81\x02\0\0\x8a\x02\0\0\x94\x02\0\0\x9e\x02\0\0\xa7\x02\0\0\xb1\
\x02\0\0\xbb\x02\0\0\xc4\x02\0\0\xce\x02\0\0\xd8\x02\0\0\xe1\x02\0\0\xeb\x02\0\
\0\xf5\x02\0\0\xfe\x02\0\0\x08\x03\0\0\x12\x03\0\0\x1b\x03\0\0\x25\x03\0\0\x2f\
\x03\0\0\x38\x03\0\0\x42\x03\0\0\x4c\x03\0\0\x55\x03\0\0\x5f\x03\0\0\x69\x03\0\
\0\x72\x03\0\0\x7c\x03\0\0\x86\x03\0\0\x8f\x03\0\0\x99\x03\0\0\xa3\x03\0\0\xac\
\x03\0\0\xb6\x03\0\0\xc0\x03\0\0\xc9\x03\0\0\xd3\x03\0\0\xdd\x03\0\0\xe6\x03\0\
\0\xf0\x03\0\0\xfa\x03\0\0\x08\x04\0\0\x11\x04\0\0\x1f\x04\0\0\x2f\x04\0\0\x3d\
\x04\0\0\x47\x04\0\0\x51\x04\0\0\x5b\x04\0\0\x65\x04\0\0\x73\x04\0\0\x7c\x04\0\
\0\x8a\x04\0\0\x9a\x04\0\0\xa8\x04\0\0\xb2\x04\0\0\xbc\x04\0\0\xc6\x04\0\0\xd0\
\x04\0\0\xe3\x04\0\0\xf1\x04\0\0\xfb\x04\0\0\x05\x05\0\0\x0f\x05\0\0\x19\x05\0\
\0\x27\x05\0\0\x35\x05\0\0\x3f\x05\0\0\x49\x05\0\0\x01\x1b\x04\x30\xd0\x05\x01\
\x50\0\x01\x1b\x04\xe0\x05\xf8\x05\x01\x50\0\x01\x1b\x04\x98\x06\x88\x09\x01\
\x56\0\x01\x1c\x04\x30\xd0\x05\x01\x50\0\x01\x1c\x04\xe0\x05\xf8\x05\x01\x50\0\
\x01\x1c\x04\x98\x06\xa0\x09\x01\x56\0\x01\x1d\x04\x30\xd0\x05\x01\x50\0\x01\
\x1d\x04\xe0\x05\xf8\x05\x01\x50\0\x01\x1d\x04\x98\x06\xd8\x09\x01\x56\0\x01\
\x1e\x04\x30\xd0\x05\x01\x50\0\x01\x1e\x04\xe0\x05\xf8\x05\x01\x50\0\x01\x1e\
\x04\x98\x06\xe8\x07\x01\x56\0\x01\x1f\x04\x30\xd0\x05\x01\x50\0\x01\x1f\x04\
\xe0\x05\xf8\x05\x01\x50\0\x01\x1f\x04\x98\x06\x88\x08\x01\x56\0\x01\x20\x04\
\x30\xd0\x05\x01\x50\0\x01\x20\x04\xe0\x05\xf8\x05\x01\x50\0\x01\x20\x04\x98\
\x06\xf0\x07\x01\x56\0\x01\x21\x04\x30\xd0\x05\x01\x50\0\x01\x21\x04\xe0\x05\
\xf8\x05\x01\x50\0\x01\x21\x04\x98\x06\x88\x08\x01\x56\0\x01\x22\x04\x30\xd0\
\x05\x01\x50\0\x01\x22\x04\xe0\x05\xf8\x05\x01\x50\0\x01\x22\x04\x98\x06\xc0\
\x09\x01\x56\0\x01\x23\x04\x30\xd0\x05\x01\x50\0\x01\x23\x04\xe0\x05\xf8\x05\
\x01\x50\0\x01\x23\x04\x98\x06\xc0\x08\x01\x56\0\x01\x24\x04\x30\xd0\x05\x01\
\x50\0\x01\x24\x04\xe0\x05\xf8\x05\x01\x50\0\x01\x24\x04\x98\x06\x88\x09\x01\
\x56\0\x01\x25\x04\x30\xd0\x05\x01\x50\0\x01\x25\x04\xe0\x05\xf8\x05\x01\x50\0\
\x01\x25\x04\x98\x06\xb8\x08\x01\x56\0\x01\x26\x04\x30\xd0\x05\x01\x50\0\x01\
\x26\x04\xe0\x05\xf8\x05\x01\x50\0\x01\x26\x04\x98\x06\xd8\x08\x01\x56\0\x01\
\x27\x04\x30\xd0\x05\x01\x50\0\x01\x27\x04\xe0\x05\xf8\x05\x01\x50\0\x01\x27\
\x04\x98\x06\xa8\x09\x01\x56\0\x01\x28\x04\x30\xd0\x05\x01\x50\0\x01\x28\x04\
\xe0\x05\xf8\x05\x01\x50\0\x01\x28\x04\x98\x06\xb0\x09\x01\x56\0\x01\x29\x04\
\x30\xd0\x05\x01\x50\0\x01\x29\x04\xe0\x05\xf8\x05\x01\x50\0\x01\x29\x04\x98\
\x06\xa8\x09\x01\x56\0\x01\x2a\x04\x30\xd0\x05\x01\x50\0\x01\x2a\x04\xe0\x05\
\xf8\x05\x01\x50\0\x01\x2a\x04\x98\x06\xe0\x08\x01\x56\0\x01\x2b\x04\x30\xd0\
\x05\x01\x50\0\x01\x2b\x04\xe0\x05\xf8\x05\x01\x50\0\x01\x2b\x04\x98\x06\xf8\
\x08\x01\x56\0\x01\x2c\x04\x30\xd0\x05\x01\x50\0\x01\x2c\x04\xe0\x05\xf8\x05\
\x01\x50\0\x01\x2c\x04\x98\x06\x90\x09\x01\x56\0\x01\x2d\x04\x30\xd0\x05\x01\
\x50\0\x01\x2d\x04\xe0\x05\xf8\x05\x01\x50\0\x01\x2d\x04\x98\x06\xa8\x09\x01\
\x56\0\x01\x2e\x04\x30\xd0\x05\x01\x50\0\x01\x2e\x04\xe0\x05\xf8\x05\x01\x50\0\
\x01\x2e\x04\x98\x06\x98\x08\x01\x56\0\x01\x2f\x04\x30\xd0\x05\x01\x50\0\x01\
\x2f\x04\xe0\x05\xf8\x05\x01\x50\0\x01\x2f\x04\x98\x06\xf0\x08\x01\x56\0\x01\
\x30\x04\x30\xd0\x05\x01\x50\0\x01\x30\x04\xe0\x05\xf8\x05\x01\x50\0\x01\x30\
\x04\x98\x06\x98\x08\x01\x56\0\x01\x31\x04\0\x08\x01\x51\x04\x08\xa0\x02\x01\
\x56\0\x01\x31\x04\x48\x80\x01\x01\x57\0\x01\x32\x04\0\x08\x01\x51\x04\x08\xe8\
\x0a\x01\x56\0\x01\x32\x04\x10\x60\x02\x7a\x08\x04\x70\x88\x01\x02\x7a\x08\0\
\x01\x32\x04\x48\x60\x01\x57\x04\x70\x88\x01\x01\x57\0\x01\x32\x04\xd8\x01\xe8\
\x08\x01\x58\0\x01\x32\x04\xe0\x02\xc0\x09\x01\x57\0\x01\x32\x04\x98\x08\xb0\
\x08\x01\x50\0\x01\x32\x04\xe0\x08\xe8\x0a\x01\x57\0\x01\x33\x04\0\x08\x01\x51\
\x04\x08\xa0\x02\x01\x56\0\x01\x33\x04\x48\x80\x01\x01\x57\0\x01\x34\x04\0\x08\
\x01\x51\x04\x08\xe0\x0a\x01\x56\0\x01\x34\x04\x10\x60\x02\x7a\x08\x04\x70\x88\
\x01\x02\x7a\x08\0\x01\x34\x04\x48\x60\x01\x57\x04\x70\x88\x01\x01\x57\0\x01\
\x34\x04\xd8\x01\xe0\x08\x01\x58\0\x01\x34\x04\xd8\x02\xe8\x08\x01\x57\0\x01\
\x34\x04\x90\x08\xa8\x08\x01\x50\0\x01\x34\x04\xd8\x08\xe0\x0a\x01\x57\0\x01\
\x37\x04\0\x08\x01\x51\x04\x08\x60\x01\x56\x04\x70\xa0\x01\x01\x56\0\x01\x37\
\x04\x48\x60\x01\x57\x04\x70\x88\x01\x01\x57\0\x01\x37\x04\x90\x01\xf8\x07\x01\
\x57\0\x01\x37\x04\xc8\x01\xf8\x06\x01\x50\0\x01\x37\x04\x88\x07\xa0\x07\x01\
\x50\0\x01\x37\x04\xb8\x07\xf8\x07\x01\x56\0\x01\x38\x04\0\x08\x01\x51\x04\x08\
\x98\x08\x01\x56\0\x01\x38\x04\x48\x60\x01\x57\x04\x70\x88\x01\x01\x57\0\x01\
\x38\x04\xd0\x01\x80\x07\x01\x50\0\x01\x38\x04\x90\x07\xa8\x07\x01\x50\0\x01\
\x38\x04\xd8\x07\x98\x08\x01\x57\0\x01\x11\x01\x25\x25\x13\x05\x03\x25\x72\x17\
\x10\x17\x1b\x25\x11\x01\x55\x23\x73\x17\x74\x17\x8c\x01\x17\0\0\x02\x34\0\x03\
\x25\x49\x13\x3f\x19\x3a\x0b\x3b\x0b\x02\x18\0\0\x03\x01\x01\x49\x13\0\0\x04\
\x21\0\x49\x13\x37\x0b\0\0\x05\x24\0\x03\x25\x3e\x0b\x0b\x0b\0\0\x06\x24\0\x03\
\x25\x0b\x0b\x3e\x0b\0\0\x07\x34\0\x49\x13\x3a\x0b\x3b\x0b\x02\x18\0\0\x08\x34\
\0\x49\x13\x3a\x0b\x3b\x05\x02\x18\0\0\x09\x13\x01\x0b\x0b\x3a\x0b\x3b\x0b\0\0\
\x0a\x0d\0\x03\x25\x49\x13\x3a\x0b\x3b\x0b\x38\x0b\0\0\x0b\x0f\0\x49\x13\0\0\
\x0c\x21\0\x49\x13\x37\x06\0\0\x0d\x16\0\x49\x13\x03\x25\x3a\x0b\x3b\x05\0\0\
\x0e\x21\0\x49\x13\x37\x05\0\0\x0f\x13\x01\x03\x25\x0b\x0b\x3a\x0b\x3b\x0b\0\0\
\x10\x13\x01\x03\x25\x0b\x0b\x3a\x0b\x3b\x05\0\0\x11\x0d\0\x03\x25\x49\x13\x3a\
\x0b\x3b\x05\x38\x0b\0\0\x12\x0d\0\x49\x13\x3a\x0b\x3b\x05\x38\x0b\0\0\x13\x17\
\x01\x0b\x0b\x3a\x0b\x3b\x05\0\0\x14\x13\x01\x0b\x0b\x3a\x0b\x3b\x05\0\0\x15\
\x13\0\x0b\x0b\x3a\x0b\x3b\x05\0\0\x16\x34\0\x49\x13\x3a\x0b\x3b\x0b\0\0\x17\
\x34\0\x03\x25\x49\x13\x3a\x0b\x3b\x05\x1c\x0f\0\0\x18\x15\x01\x49\x13\x27\x19\
\0\0\x19\x05\0\x49\x13\0\0\x1a\x0f\0\0\0\x1b\x34\0\x03\x25\x49\x13\x3a\x0b\x3b\
\x0b\x1c\x0f\0\0\x1c\x15\0\x49\x13\x27\x19\0\0\x1d\x15\x01\x27\x19\0\0\x1e\x26\
\0\0\0\x1f\x04\x01\x49\x13\x0b\x0b\x3a\x0b\x3b\x05\0\0\x20\x28\0\x03\x25\x1c\
\x0f\0\0\x21\x2e\x01\x03\x25\x3a\x0b\x3b\x0b\x27\x19\x49\x13\x20\x21\x01\0\0\
\x22\x05\0\x03\x25\x3a\x0b\x3b\x0b\x49\x13\0\0\x23\x34\0\x03\x25\x3a\x0b\x3b\
\x0b\x49\x13\0\0\x24\x13\x01\x03\x25\x0b\x05\x3a\x0b\x3b\x0b\0\0\x25\x0d\0\x03\
\x25\x49\x13\x3a\x0b\x3b\x0b\x38\x05\0\0\x26\x2e\x01\x11\x1b\x12\x06\x40\x18\
\x7a\x19\x03\x25\x3a\x0b\x3b\x0b\x27\x19\x49\x13\x3f\x19\0\0\x27\x34\0\x02\x22\
\x03\x25\x3a\x0b\x3b\x0b\x49\x13\0\0\x28\x1d\x01\x31\x13\x55\x23\x58\x0b\x59\
\x0b\x57\x0b\0\0\x29\x05\0\x1c\x0f\x31\x13\0\0\x2a\x34\0\x02\x22\x31\x13\0\0\
\x2b\x2e\x01\x11\x1b\x12\x06\x40\x18\x7a\x19\x03\x25\x3a\x0b\x3b\x05\x27\x19\
\x49\x13\x3f\x19\0\0\x2c\x05\0\x03\x25\x3a\x0b\x3b\x05\x49\x13\0\0\x2d\x34\0\
\x02\x22\x03\x25\x3a\x0b\x3b\x05\x49\x13\0\0\x2e\x1d\x01\x31\x13\x55\x23\x58\
\x0b\x59\x05\x57\x0b\0\0\x2f\x05\0\x02\x22\x03\x25\x3a\x0b\x3b\x05\x49\x13\0\0\
\x30\x34\0\x02\x18\x03\x25\x3a\x0b\x3b\x05\x49\x13\0\0\x31\x34\0\x02\x18\x31\
\x13\0\0\x32\x2e\x01\x03\x25\x3a\x0b\x3b\x0b\x27\x19\x20\x21\x01\0\0\x33\x13\
\x01\x03\x25\x0b\x0b\x3a\x0b\x3b\x06\0\0\x34\x0d\0\x03\x25\x49\x13\x3a\x0b\x3b\
\x06\x38\x0b\0\0\x35\x05\0\x02\x18\x31\x13\0\0\x36\x1d\x01\x31\x13\x11\x1b\x12\
\x06\x58\x0b\x59\x05\x57\x0b\0\0\x37\x0d\0\x03\x25\x49\x13\x3a\x0b\x3b\x05\x0d\
\x0b\x6b\x0b\0\0\0\xc8\x11\0\0\x05\0\x01\x08\0\0\0\0\x01\0\x1d\0\x01\x08\0\0\0\
\0\0\0\0\x02\0\0\0\0\0\0\0\0\x1f\x08\0\0\0\x0c\0\0\0\x0c\0\0\0\x02\x03\x3a\0\0\
\0\0\x10\x02\xa1\0\x03\x46\0\0\0\x04\x4a\0\0\0\x04\0\x05\x04\x06\x01\x06\x05\
\x08\x07\x07\x58\0\0\0\0\x6f\x02\xa1\x01\x03\x46\0\0\0\x04\x4a\0\0\0\x19\0\x07\
\x6e\0\0\0\0\x79\x02\xa1\x02\x03\x46\0\0\0\x04\x4a\0\0\0\x1b\0\x07\x84\0\0\0\0\
\x83\x02\xa1\x03\x03\x46\0\0\0\x04\x4a\0\0\0\x1f\0\x07\x9a\0\0\0\0\x8f\x02\xa1\
\x04\x03\x46\0\0\0\x04\x4a\0\0\0\x0c\0\x07\xb0\0\0\0\0\x99\x02\xa1\x05\x03\x46\
\0\0\0\x04\x4a\0\0\0\x0f\0\x07\xc6\0\0\0\0\xa3\x02\xa1\x06\x03\x46\0\0\0\x04\
\x4a\0\0\0\x0d\0\x07\xdc\0\0\0\0\xad\x02\xa1\x07\x03\x46\0\0\0\x04\x4a\0\0\0\
\x0e\0\x07\xf2\0\0\0\0\xb7\x02\xa1\x08\x03\x46\0\0\0\x04\x4a\0\0\0\x1e\0\x07\
\x08\x01\0\0\0\xc3\x02\xa1\x09\x03\x46\0\0\0\x04\x4a\0\0\0\x13\0\x07\x58\0\0\0\
\0\xcd\x02\xa1\x0a\x07\x28\x01\0\0\0\xd7\x02\xa1\x0b\x03\x46\0\0\0\x04\x4a\0\0\
\0\x12\0\x07\x3e\x01\0\0\0\xe1\x02\xa1\x0c\x03\x46\0\0\0\x04\x4a\0\0\0\x15\0\
\x07\x6e\0\0\0\0\xed\x02\xa1\x0d\x07\x6e\0\0\0\0\xf7\x02\xa1\x0e\x08\x6e\0\0\0\
\0\x01\x01\x02\xa1\x0f\x08\x74\x01\0\0\0\x0d\x01\x02\xa1\x10\x03\x46\0\0\0\x04\
\x4a\0\0\0\x17\0\x08\x8b\x01\0\0\0\x17\x01\x02\xa1\x11\x03\x46\0\0\0\x04\x4a\0\
\0\0\x18\0\x08\xa2\x01\0\0\0\x21\x01\x02\xa1\x12\x03\x46\0\0\0\x04\x4a\0\0\0\
\x1a\0\x08\xb9\x01\0\0\0\x2b\x01\x02\xa1\x13\x03\x46\0\0\0\x04\x4a\0\0\0\x1d\0\
\x08\xd0\x01\0\0\0\x37\x01\x02\xa1\x14\x03\x46\0\0\0\x04\x4a\0\0\0\x10\0\x08\
\x74\x01\0\0\0\x41\x01\x02\xa1\x15\x08\xd0\x01\0\0\0\x4b\x01\x02\xa1\x16\x02\
\x06\xfd\x01\0\0\0\x18\x02\xa1\x17\x09\x10\0\x15\x0a\x07\x14\x02\0\0\0\x16\0\
\x0a\x09\x29\x02\0\0\0\x17\x08\0\x0b\x19\x02\0\0\x03\x25\x02\0\0\x04\x4a\0\0\0\
\x1b\0\x05\x08\x05\x04\x0b\x2e\x02\0\0\x03\x25\x02\0\0\x0c\x4a\0\0\0\0\0\0\x01\
\0\x02\x0a\x48\x02\0\0\0\x21\x02\xa1\x18\x09\x20\0\x1c\x0a\x07\x71\x02\0\0\0\
\x1d\0\x0a\x09\x82\x02\0\0\0\x1e\x08\x0a\x0b\x93\x02\0\0\0\x1f\x10\x0a\x0e\xa5\
\x02\0\0\0\x20\x18\0\x0b\x76\x02\0\0\x03\x25\x02\0\0\x04\x4a\0\0\0\x02\0\x0b\
\x87\x02\0\0\x03\x25\x02\0\0\x04\x4a\0\0\0\x01\0\x0b\x98\x02\0\0\x0d\xa1\x02\0\
\0\x0d\x01\x6c\x79\x05\x0c\x07\x04\x0b\xaa\x02\0\0\x0d\xb3\x02\0\0\x10\x01\x0a\
\x78\x05\x0f\x07\x08\x02\x11\xc2\x02\0\0\0\x2a\x02\xa1\x19\x09\x20\0\x25\x0a\
\x07\x82\x02\0\0\0\x26\0\x0a\x09\xeb\x02\0\0\0\x27\x08\x0a\x0b\xa5\x02\0\0\0\
\x28\x10\x0a\x0e\xfd\x02\0\0\0\x29\x18\0\x0b\xf0\x02\0\0\x03\x25\x02\0\0\x0e\
\x4a\0\0\0\0\x10\0\x0b\x02\x03\0\0\x0f\x1c\x10\0\x24\x0a\x12\xaa\x02\0\0\0\x24\
\0\x0a\x13\x1a\x03\0\0\0\x24\x08\0\x0b\x1f\x03\0\0\x10\x1b\x10\x01\x3b\xa4\x11\
\x14\x71\x03\0\0\x01\x3c\xa4\0\x12\x38\x03\0\0\x01\x3d\xa4\x02\x13\x0e\x01\x3d\
\xa4\x11\x18\xdc\0\0\0\x01\x3e\xa4\0\x12\x50\x03\0\0\x01\x3f\xa4\0\x14\0\x01\
\x3f\xa4\x11\x19\x5f\x03\0\0\x01\x40\xa4\0\x15\0\x01\x40\xa4\x11\x1a\x87\x03\0\
\0\x01\x41\xa4\0\0\0\0\x0d\x7a\x03\0\0\x17\x01\x16\x79\x0d\x83\x03\0\0\x16\x01\
\xda\x78\x05\x15\x07\x02\x03\x46\0\0\0\x04\x4a\0\0\0\0\0\x02\x1d\x9e\x03\0\0\0\
\x33\x02\xa1\x1a\x09\x20\0\x2e\x0a\x07\x82\x02\0\0\0\x2f\0\x0a\x09\xeb\x02\0\0\
\0\x30\x08\x0a\x0b\xa5\x02\0\0\0\x31\x10\x0a\x0e\xc7\x03\0\0\0\x32\x18\0\x0b\
\xcc\x03\0\0\x0f\x1e\x10\0\x2d\x0a\x12\xaa\x02\0\0\0\x2d\0\x0a\x13\x1a\x03\0\0\
\0\x2d\x08\0\x16\x3a\0\0\0\0\x44\x17\x1f\xf6\x03\0\0\x02\x68\x0c\x83\x01\x0b\
\xfb\x03\0\0\x18\x10\x04\0\0\x19\x10\x04\0\0\x19\xaa\x02\0\0\x19\xaa\x02\0\0\0\
\x1a\x1b\x20\x1a\x04\0\0\x02\x72\x05\x0b\x1f\x04\0\0\x1c\xaa\x02\0\0\x17\x21\
\x1a\x04\0\0\x02\x4c\x08\x50\x17\x22\x39\x04\0\0\x02\x7a\x0c\x84\x01\x0b\x3e\
\x04\0\0\x1d\x19\x10\x04\0\0\x19\xaa\x02\0\0\0\x17\x23\x1a\x04\0\0\x02\x72\x01\
\x0e\x1b\x24\x5d\x04\0\0\x02\x4e\x02\x0b\x62\x04\0\0\x18\x7c\x04\0\0\x19\x10\
\x04\0\0\x19\x80\x04\0\0\x19\x80\x04\0\0\x19\xaa\x02\0\0\0\x05\x25\x05\x08\x0b\
\x85\x04\0\0\x1e\x1b\x26\x8f\x04\0\0\x02\x38\x01\x0b\x94\x04\0\0\x18\x10\x04\0\
\0\x19\x10\x04\0\0\x19\x80\x04\0\0\0\x1b\x27\xad\x04\0\0\x02\x58\x03\x0b\xb2\
\x04\0\0\x18\x7c\x04\0\0\x19\x10\x04\0\0\x19\x80\x04\0\0\0\x17\x28\xcc\x04\0\0\
\x02\xec\x0a\x70\x0b\xd1\x04\0\0\x18\x7c\x04\0\0\x19\x10\x04\0\0\x19\x98\x02\0\
\0\x19\x80\x04\0\0\0\x1f\xa1\x02\0\0\x04\x01\x2e\x03\x20\x29\0\x20\x2a\x01\x20\
\x2b\x02\x20\x2c\x04\0\x0d\x05\x05\0\0\x30\x01\x66\x78\x0d\x0e\x05\0\0\x2f\x01\
\x64\x78\x0d\x17\x05\0\0\x2e\x01\x62\x78\x05\x2d\x07\x08\x03\x17\x05\0\0\x04\
\x4a\0\0\0\x06\0\x21\x31\0\x38\x48\x05\0\0\x22\x07\0\x38\xf6\x05\0\0\x23\x54\0\
\x3a\x48\x05\0\0\x23\x55\0\x40\xaa\x02\0\0\0\x0b\x4d\x05\0\0\x24\x53\x88\x02\
\x03\x2d\x0a\x07\xf6\x05\0\0\x03\x2f\0\x0a\x34\xf6\x05\0\0\x03\x30\x01\x0a\x35\
\x03\x06\0\0\x03\x31\x02\x0a\x36\xaa\x02\0\0\x03\x34\x08\x0a\x37\x98\x02\0\0\
\x03\x37\x10\x0a\x38\x98\x02\0\0\x03\x38\x14\x0a\x39\xaa\x02\0\0\x03\x39\x18\
\x0a\x3a\x0f\x06\0\0\x03\x3c\x20\x0a\x3b\x1b\x06\0\0\x03\x3d\x28\x0a\x3c\x98\
\x02\0\0\x03\x40\x48\x0a\x3d\x98\x02\0\0\x03\x41\x4c\x0a\x3e\x27\x06\0\0\x03\
\x42\x50\x0a\x40\x27\x06\0\0\x03\x43\x52\x0a\x41\xaa\x02\0\0\x03\x46\x58\x0a\
\x42\x30\x06\0\0\x03\x47\x60\x0a\x45\x1b\x06\0\0\x03\x4a\x68\x0a\x46\x1b\x06\0\
\0\x03\x4b\x88\x0a\x47\x3d\x06\0\0\x03\x4e\xa8\0\x0d\xff\x05\0\0\x33\x01\x30\
\x79\x05\x32\x08\x01\x03\xf6\x05\0\0\x04\x4a\0\0\0\x02\0\x03\x46\0\0\0\x04\x4a\
\0\0\0\x08\0\x03\x46\0\0\0\x04\x4a\0\0\0\x20\0\x0d\x83\x03\0\0\x3f\x01\xbc\x78\
\x0d\x39\x06\0\0\x44\x01\xf4\x77\x05\x43\x05\x08\x24\x52\xe0\x01\x03\x1b\x0a\
\x48\xaa\x02\0\0\x03\x1c\0\x0a\x49\xaa\x02\0\0\x03\x1c\x08\x0a\x4a\xaa\x02\0\0\
\x03\x1c\x10\x0a\x4b\xaa\x02\0\0\x03\x1c\x18\x0a\x4c\xa1\x06\0\0\x03\x1d\x20\
\x0a\x4d\xad\x06\0\0\x03\x1e\xa0\x0a\x4e\xad\x06\0\0\x03\x1e\xe0\x25\x4f\xad\
\x06\0\0\x03\x1e\x20\x01\x25\x50\xad\x06\0\0\x03\x1e\x60\x01\x25\x51\xad\x06\0\
\0\x03\x1e\xa0\x01\0\x03\xaa\x02\0\0\x04\x4a\0\0\0\x10\0\x03\x46\0\0\0\x04\x4a\
\0\0\0\x40\0\x26\x1b\x98\x04\0\0\x01\x5a\x65\0\x6b\x25\x02\0\0\x22\x81\0\x6b\
\x4d\x0f\0\0\x27\x02\x54\0\x6d\x48\x05\0\0\x28\x27\x05\0\0\0\0\x6d\x17\x29\0\
\x2f\x05\0\0\x2a\0\x37\x05\0\0\x2a\x01\x3f\x05\0\0\0\0\x26\x1c\xb0\x04\0\0\x01\
\x5a\x66\0\x75\x25\x02\0\0\x22\x81\0\x75\x4d\x0f\0\0\x27\x05\x54\0\x77\x48\x05\
\0\0\x28\x27\x05\0\0\x01\0\x77\x17\x29\0\x2f\x05\0\0\x2a\x03\x37\x05\0\0\x2a\
\x04\x3f\x05\0\0\0\0\x26\x1d\xe8\x04\0\0\x01\x5a\x67\0\x7f\x25\x02\0\0\x22\x81\
\0\x7f\x4d\x0f\0\0\x27\x08\x54\0\x81\x48\x05\0\0\x28\x27\x05\0\0\x02\0\x81\x17\
\x29\0\x2f\x05\0\0\x2a\x06\x37\x05\0\0\x2a\x07\x3f\x05\0\0\0\0\x26\x1e\xf8\x03\
\0\0\x01\x5a\x68\0\x8b\x25\x02\0\0\x22\x81\0\x8b\x4d\x0f\0\0\x27\x0b\x54\0\x8d\
\x48\x05\0\0\x28\x27\x05\0\0\x03\0\x8d\x17\x29\0\x2f\x05\0\0\x2a\x09\x37\x05\0\
\0\x2a\x0a\x3f\x05\0\0\0\0\x26\x1f\x18\x04\0\0\x01\x5a\x69\0\x95\x25\x02\0\0\
\x22\x81\0\x95\x4d\x0f\0\0\x27\x0e\x54\0\x97\x48\x05\0\0\x28\x27\x05\0\0\x04\0\
\x97\x17\x29\0\x2f\x05\0\0\x2a\x0c\x37\x05\0\0\x2a\x0d\x3f\x05\0\0\0\0\x26\x20\
\0\x04\0\0\x01\x5a\x6a\0\x9f\x25\x02\0\0\x22\x81\0\x9f\x4d\x0f\0\0\x27\x11\x54\
\0\xa1\x48\x05\0\0\x28\x27\x05\0\0\x05\0\xa1\x17\x29\0\x2f\x05\0\0\x2a\x0f\x37\
\x05\0\0\x2a\x10\x3f\x05\0\0\0\0\x26\x21\x18\x04\0\0\x01\x5a\x6b\0\xa9\x25\x02\
\0\0\x22\x81\0\xa9\x4d\x0f\0\0\x27\x14\x54\0\xab\x48\x05\0\0\x28\x27\x05\0\0\
\x06\0\xab\x17\x29\0\x2f\x05\0\0\x2a\x12\x37\x05\0\0\x2a\x13\x3f\x05\0\0\0\0\
\x26\x22\xd0\x04\0\0\x01\x5a\x6c\0\xb3\x25\x02\0\0\x22\x81\0\xb3\x4d\x0f\0\0\
\x27\x17\x54\0\xb5\x48\x05\0\0\x28\x27\x05\0\0\x07\0\xb5\x17\x29\0\x2f\x05\0\0\
\x2a\x15\x37\x05\0\0\x2a\x16\x3f\x05\0\0\0\0\x26\x23\x50\x04\0\0\x01\x5a\x6d\0\
\xbf\x25\x02\0\0\x22\x81\0\xbf\x4d\x0f\0\0\x27\x1a\x54\0\xc1\x48\x05\0\0\x28\
\x27\x05\0\0\x08\0\xc1\x17\x29\0\x2f\x05\0\0\x2a\x18\x37\x05\0\0\x2a\x19\x3f\
\x05\0\0\0\0\x26\x24\x98\x04\0\0\x01\x5a\x6e\0\xc9\x25\x02\0\0\x22\x81\0\xc9\
\x4d\x0f\0\0\x27\x1d\x54\0\xcb\x48\x05\0\0\x28\x27\x05\0\0\x09\0\xcb\x17\x29\0\
\x2f\x05\0\0\x2a\x1b\x37\x05\0\0\x2a\x1c\x3f\x05\0\0\0\0\x26\x25\x48\x04\0\0\
\x01\x5a\x6f\0\xd3\x25\x02\0\0\x22\x81\0\xd3\x4d\x0f\0\0\x27\x20\x54\0\xd5\x48\
\x05\0\0\x28\x27\x05\0\0\x0a\0\xd5\x17\x29\0\x2f\x05\0\0\x2a\x1e\x37\x05\0\0\
\x2a\x1f\x3f\x05\0\0\0\0\x26\x26\x68\x04\0\0\x01\x5a\x70\0\xdd\x25\x02\0\0\x22\
\x81\0\xdd\x4d\x0f\0\0\x27\x23\x54\0\xdf\x48\x05\0\0\x28\x27\x05\0\0\x0b\0\xdf\
\x17\x29\0\x2f\x05\0\0\x2a\x21\x37\x05\0\0\x2a\x22\x3f\x05\0\0\0\0\x26\x27\xb8\
\x04\0\0\x01\x5a\x71\0\xe9\x25\x02\0\0\x22\x81\0\xe9\x4d\x0f\0\0\x27\x26\x54\0\
\xeb\x48\x05\0\0\x28\x27\x05\0\0\x0c\0\xeb\x17\x29\0\x2f\x05\0\0\x2a\x24\x37\
\x05\0\0\x2a\x25\x3f\x05\0\0\0\0\x26\x28\xc0\x04\0\0\x01\x5a\x72\0\xf3\x25\x02\
\0\0\x22\x81\0\xf3\x4d\x0f\0\0\x27\x29\x54\0\xf5\x48\x05\0\0\x28\x27\x05\0\0\
\x0d\0\xf5\x17\x29\0\x2f\x05\0\0\x2a\x27\x37\x05\0\0\x2a\x28\x3f\x05\0\0\0\0\
\x26\x29\xb8\x04\0\0\x01\x5a\x73\0\xfd\x25\x02\0\0\x22\x81\0\xfd\x4d\x0f\0\0\
\x27\x2c\x54\0\xff\x48\x05\0\0\x28\x27\x05\0\0\x0e\0\xff\x17\x29\0\x2f\x05\0\0\
\x2a\x2a\x37\x05\0\0\x2a\x2b\x3f\x05\0\0\0\0\x2b\x2a\x70\x04\0\0\x01\x5a\x74\0\
\x09\x01\x25\x02\0\0\x2c\x81\0\x09\x01\x4d\x0f\0\0\x2d\x2f\x54\0\x0b\x01\x48\
\x05\0\0\x2e\x27\x05\0\0\x0f\0\x0b\x01\x17\x29\0\x2f\x05\0\0\x2a\x2d\x37\x05\0\
\0\x2a\x2e\x3f\x05\0\0\0\0\x2b\x2b\x88\x04\0\0\x01\x5a\x75\0\x13\x01\x25\x02\0\
\0\x2c\x81\0\x13\x01\x4d\x0f\0\0\x2d\x32\x54\0\x15\x01\x48\x05\0\0\x2e\x27\x05\
\0\0\x10\0\x15\x01\x17\x29\0\x2f\x05\0\0\x2a\x30\x37\x05\0\0\x2a\x31\x3f\x05\0\
\0\0\0\x2b\x2c\xa0\x04\0\0\x01\x5a\x76\0\x1d\x01\x25\x02\0\0\x2c\x81\0\x1d\x01\
\x4d\x0f\0\0\x2d\x35\x54\0\x1f\x01\x48\x05\0\0\x2e\x27\x05\0\0\x11\0\x1f\x01\
\x17\x29\0\x2f\x05\0\0\x2a\x33\x37\x05\0\0\x2a\x34\x3f\x05\0\0\0\0\x2b\x2d\xb8\
\x04\0\0\x01\x5a\x77\0\x27\x01\x25\x02\0\0\x2c\x81\0\x27\x01\x4d\x0f\0\0\x2d\
\x38\x54\0\x29\x01\x48\x05\0\0\x2e\x27\x05\0\0\x12\0\x29\x01\x17\x29\0\x2f\x05\
\0\0\x2a\x36\x37\x05\0\0\x2a\x37\x3f\x05\0\0\0\0\x2b\x2e\x28\x04\0\0\x01\x5a\
\x78\0\x33\x01\x25\x02\0\0\x2c\x81\0\x33\x01\x4d\x0f\0\0\x2d\x3b\x54\0\x35\x01\
\x48\x05\0\0\x2e\x27\x05\0\0\x13\0\x35\x01\x17\x29\0\x2f\x05\0\0\x2a\x39\x37\
\x05\0\0\x2a\x3a\x3f\x05\0\0\0\0\x2b\x2f\x80\x04\0\0\x01\x5a\x79\0\x3d\x01\x25\
\x02\0\0\x2c\x81\0\x3d\x01\x4d\x0f\0\0\x2d\x3e\x54\0\x3f\x01\x48\x05\0\0\x2e\
\x27\x05\0\0\x14\0\x3f\x01\x17\x29\0\x2f\x05\0\0\x2a\x3c\x37\x05\0\0\x2a\x3d\
\x3f\x05\0\0\0\0\x2b\x30\x28\x04\0\0\x01\x5a\x7a\0\x47\x01\x25\x02\0\0\x2c\x81\
\0\x47\x01\x4d\x0f\0\0\x2d\x41\x54\0\x49\x01\x48\x05\0\0\x2e\x27\x05\0\0\x15\0\
\x49\x01\x17\x29\0\x2f\x05\0\0\x2a\x3f\x37\x05\0\0\x2a\x40\x3f\x05\0\0\0\0\x21\
\x56\0\x49\x25\x02\0\0\x23\x0b\0\x4b\x98\x02\0\0\x23\x57\0\x4c\xa5\x02\0\0\0\
\x2b\x31\x20\x01\0\0\x01\x5a\x7b\0\x58\x01\x25\x02\0\0\x2f\x42\x81\0\x58\x01\
\x20\x11\0\0\x30\x02\x91\x10\x38\0\x5b\x01\xaa\x02\0\0\x30\x02\x91\0\xa8\0\x5c\
\x01\x02\x03\0\0\x2e\x13\x0c\0\0\x16\0\x5a\x01\x0a\x31\x02\x91\0\x1b\x0c\0\0\
\x2a\x43\x23\x0c\0\0\0\0\x32\x58\0\x53\x22\x54\0\x53\x48\x05\0\0\x22\x59\0\x54\
\x1a\x03\0\0\x23\x5a\0\x5c\x9d\x0c\0\0\x23\x64\0\x56\x27\x06\0\0\0\x33\x63\x10\
\x01\xef\x91\x01\0\x34\x5b\x7a\x03\0\0\x01\xf0\x91\x01\0\0\x34\x5c\xd6\x0c\0\0\
\x01\xf1\x91\x01\0\x02\x34\x5e\xdf\x0c\0\0\x01\xf2\x91\x01\0\x04\x34\x62\xf9\
\x0c\0\0\x01\xf3\x91\x01\0\x08\0\x0d\x27\x06\0\0\x5d\x01\xcc\x78\x10\x61\x04\
\x01\x58\xdf\x11\x5f\xf0\x0c\0\0\x01\x59\xdf\0\0\x0d\x98\x02\0\0\x60\x01\x8c\
\x79\x03\xff\x05\0\0\x04\x4a\0\0\0\x08\0\x2b\x32\x68\x05\0\0\x01\x5a\x7c\0\x65\
\x01\x25\x02\0\0\x2f\x44\x81\0\x65\x01\x8d\x11\0\0\x30\x02\x91\0\x38\0\x68\x01\
\xaa\x02\0\0\x2d\x47\xb0\0\x69\x01\xfd\x02\0\0\x2d\x4a\x54\0\x70\x01\x48\x05\0\
\0\x2e\x13\x0c\0\0\x17\0\x67\x01\x0a\x2a\x45\x1b\x0c\0\0\x2a\x46\x23\x0c\0\0\0\
\x2e\x27\x05\0\0\x18\0\x70\x01\x17\x29\x01\x2f\x05\0\0\x2a\x48\x37\x05\0\0\x2a\
\x49\x3f\x05\0\0\0\x2e\x78\x0c\0\0\x19\0\x72\x01\x05\x35\x01\x57\x7c\x0c\0\0\
\x35\x01\x58\x84\x0c\0\0\x31\x02\x91\x08\x8c\x0c\0\0\x31\x02\x91\x1e\x94\x0c\0\
\0\0\0\x2b\x33\x20\x01\0\0\x01\x5a\x7d\0\x7b\x01\x25\x02\0\0\x2f\x4b\x81\0\x7b\
\x01\x20\x11\0\0\x30\x02\x91\x10\x38\0\x7e\x01\xaa\x02\0\0\x30\x02\x91\0\xa8\0\
\x7f\x01\xcc\x03\0\0\x2e\x13\x0c\0\0\x1a\0\x7d\x01\x0a\x31\x02\x91\0\x1b\x0c\0\
\0\x2a\x4c\x23\x0c\0\0\0\0\x2b\x34\x60\x05\0\0\x01\x5a\x7e\0\x88\x01\x25\x02\0\
\0\x2f\x4d\x81\0\x88\x01\x8d\x11\0\0\x30\x02\x91\0\x38\0\x8b\x01\xaa\x02\0\0\
\x2d\x50\xb0\0\x8c\x01\xc7\x03\0\0\x2d\x53\x54\0\x92\x01\x48\x05\0\0\x2e\x13\
\x0c\0\0\x1b\0\x8a\x01\x0a\x2a\x4e\x1b\x0c\0\0\x2a\x4f\x23\x0c\0\0\0\x36\x27\
\x05\0\0\x35\x30\x03\0\0\0\x92\x01\x17\x29\x02\x2f\x05\0\0\x2a\x51\x37\x05\0\0\
\x2a\x52\x3f\x05\0\0\0\x36\x78\x0c\0\0\x36\xc8\0\0\0\0\x95\x01\x09\x35\x01\x57\
\x7c\x0c\0\0\x35\x01\x58\x84\x0c\0\0\x31\x02\x91\x08\x8c\x0c\0\0\x31\x02\x91\
\x1e\x94\x0c\0\0\0\0\x2b\x37\xf8\x03\0\0\x01\x5a\x7f\0\x9e\x01\x25\x02\0\0\x2f\
\x54\x81\0\x9e\x01\x20\x11\0\0\x2d\x56\xb1\0\xa1\x01\xaa\x02\0\0\x2d\x59\x54\0\
\xa4\x01\x48\x05\0\0\x2e\x13\x0c\0\0\x1c\0\xa0\x01\x0a\x31\x02\x91\x04\x1b\x0c\
\0\0\x2a\x55\x23\x0c\0\0\0\x2e\x27\x05\0\0\x1d\0\xa4\x01\x17\x29\x03\x2f\x05\0\
\0\x2a\x57\x37\x05\0\0\x2a\x58\x3f\x05\0\0\0\0\x2b\x38\x18\x04\0\0\x01\x5a\x80\
\0\xae\x01\x25\x02\0\0\x2f\x5a\x81\0\xae\x01\x8d\x11\0\0\x2d\x5e\x54\0\xb3\x01\
\x48\x05\0\0\x2e\x13\x0c\0\0\x1e\0\xb0\x01\x0a\x31\x02\x91\x04\x1b\x0c\0\0\x2a\
\x5b\x23\x0c\0\0\0\x36\x27\x05\0\0\x39\x30\x03\0\0\0\xb3\x01\x17\x29\x04\x2f\
\x05\0\0\x2a\x5c\x37\x05\0\0\x2a\x5d\x3f\x05\0\0\0\0\x0b\x52\x0f\0\0\x10\xa7\
\xa8\x01\x64\x84\x11\x82\x17\x05\0\0\x01\x65\x84\0\x11\x83\x17\x05\0\0\x01\x66\
\x84\x08\x11\x84\x17\x05\0\0\x01\x67\x84\x10\x11\x85\x17\x05\0\0\x01\x68\x84\
\x18\x11\x86\x17\x05\0\0\x01\x69\x84\x20\x11\x87\x17\x05\0\0\x01\x6a\x84\x28\
\x11\x88\x17\x05\0\0\x01\x6b\x84\x30\x11\x89\x17\x05\0\0\x01\x6c\x84\x38\x11\
\x8a\x17\x05\0\0\x01\x6d\x84\x40\x11\x8b\x17\x05\0\0\x01\x6e\x84\x48\x11\x8c\
\x17\x05\0\0\x01\x6f\x84\x50\x11\x8d\x17\x05\0\0\x01\x70\x84\x58\x11\x8e\x17\
\x05\0\0\x01\x71\x84\x60\x11\x8f\x17\x05\0\0\x01\x72\x84\x68\x11\x90\x17\x05\0\
\0\x01\x73\x84\x70\x11\x91\x17\x05\0\0\x01\x74\x84\x78\x11\x92\x17\x05\0\0\x01\
\x75\x84\x80\x12\x0b\x10\0\0\x01\x76\x84\x88\x13\x08\x01\x76\x84\x11\x93\x71\
\x10\0\0\x01\x77\x84\0\x11\x95\x7a\x10\0\0\x01\x78\x84\0\x11\x97\x83\x10\0\0\
\x01\x79\x84\0\0\x11\x9a\x17\x05\0\0\x01\x7b\x84\x90\x11\x9b\x17\x05\0\0\x01\
\x7c\x84\x98\x12\x4c\x10\0\0\x01\x7d\x84\xa0\x13\x08\x01\x7d\x84\x11\x9c\x71\
\x10\0\0\x01\x7e\x84\0\x11\x9d\x7a\x10\0\0\x01\x7f\x84\0\x11\x9e\xab\x10\0\0\
\x01\x80\x84\0\0\0\x0d\x27\x06\0\0\x94\x01\xc6\x78\x0d\xaa\x02\0\0\x96\x01\x12\
\x78\x10\x97\x08\x01\x4d\x84\x37\x93\x7a\x10\0\0\x01\x4e\x84\x10\0\x37\x98\x7a\
\x10\0\0\x01\x4f\x84\x02\x10\x37\x99\x7a\x10\0\0\x01\x50\x84\x01\x12\0\x10\x9e\
\x08\x01\x53\x84\x37\x9c\x7a\x10\0\0\x01\x54\x84\x10\0\x37\x9f\x7a\x10\0\0\x01\
\x55\x84\x01\x10\x37\xa0\x7a\x10\0\0\x01\x56\x84\x01\x11\x37\xa1\x7a\x10\0\0\
\x01\x57\x84\x01\x12\x37\xa2\x7a\x10\0\0\x01\x59\x84\x08\x20\x37\x07\x7a\x10\0\
\0\x01\x5b\x84\x04\x30\x37\xa3\x7a\x10\0\0\x01\x5d\x84\x01\x38\x37\xa4\x7a\x10\
\0\0\x01\x5e\x84\x01\x39\x37\xa5\x7a\x10\0\0\x01\x5f\x84\x01\x3a\x37\xa6\x7a\
\x10\0\0\x01\x61\x84\x04\x3c\0\x0b\x25\x11\0\0\x33\xae\x40\x01\x14\x2e\x02\0\
\x34\xa9\x5e\x11\0\0\x01\x15\x2e\x02\0\0\x34\xac\x7c\x04\0\0\x01\x16\x2e\x02\0\
\x08\x34\xa8\x1b\x05\0\0\x01\x17\x2e\x02\0\x10\x34\xad\x87\x03\0\0\x01\x18\x2e\
\x02\0\x40\0\x10\xab\x08\x01\x4e\xc9\x11\x07\x83\x03\0\0\x01\x4f\xc9\0\x11\x9a\
\xff\x05\0\0\x01\x50\xc9\x02\x11\xaa\xff\x05\0\0\x01\x51\xc9\x03\x11\x37\x25\
\x02\0\0\x01\x52\xc9\x04\0\x0b\x92\x11\0\0\x33\xaf\x18\x01\x1b\x2e\x02\0\x34\
\xa9\x5e\x11\0\0\x01\x1c\x2e\x02\0\0\x34\xac\x7c\x04\0\0\x01\x1d\x2e\x02\0\x08\
\x34\x42\x7c\x04\0\0\x01\x1e\x2e\x02\0\x10\x34\xad\x87\x03\0\0\x01\x1f\x2e\x02\
\0\x18\0\0\x6e\x02\0\0\x05\0\x08\0\x20\0\0\0\x80\0\0\0\x8c\0\0\0\x98\0\0\0\xa4\
\0\0\0\xb0\0\0\0\xbc\0\0\0\xc8\0\0\0\xd4\0\0\0\xe0\0\0\0\xec\0\0\0\xf8\0\0\0\
\x04\x01\0\0\x10\x01\0\0\x1c\x01\0\0\x28\x01\0\0\x34\x01\0\0\x40\x01\0\0\x4c\
\x01\0\0\x58\x01\0\0\x64\x01\0\0\x70\x01\0\0\x7c\x01\0\0\x88\x01\0\0\x91\x01\0\
\0\x9e\x01\0\0\xab\x01\0\0\xb8\x01\0\0\xc1\x01\0\0\xce\x01\0\0\xdb\x01\0\0\xe8\
\x01\0\0\xf5\x01\0\0\x01\x1b\x04\x08\x98\x06\x04\xe0\x08\xf0\x08\0\x01\x1c\x04\
\x08\x98\x06\x04\xf8\x08\x88\x09\0\x01\x1d\x04\x08\x98\x06\x04\xb0\x09\xc0\x09\
\0\x01\x1e\x04\x08\x98\x06\x04\xa8\x07\xc0\x07\0\x01\x1f\x04\x08\x98\x06\x04\
\xe0\x07\xf0\x07\0\x01\x20\x04\x08\x98\x06\x04\xc8\x07\xd8\x07\0\x01\x21\x04\
\x08\x98\x06\x04\xc8\x07\xe0\x07\0\x01\x22\x04\x08\x98\x06\x04\x80\x09\x98\x09\
\0\x01\x23\x04\x08\x98\x06\x04\x98\x08\xa8\x08\0\x01\x24\x04\x08\x98\x06\x04\
\xe0\x08\xf0\x08\0\x01\x25\x04\x08\x98\x06\x04\x80\x08\x98\x08\0\x01\x26\x04\
\x08\x98\x06\x04\xb0\x08\xc0\x08\0\x01\x27\x04\x08\x98\x06\x04\x80\x09\x90\x09\
\0\x01\x28\x04\x08\x98\x06\x04\x88\x09\x98\x09\0\x01\x29\x04\x08\x98\x06\x04\
\x80\x09\x90\x09\0\x01\x2a\x04\x08\x98\x06\x04\xb8\x08\xc8\x08\0\x01\x2b\x04\
\x08\x98\x06\x04\xb0\x08\xc8\x08\0\x01\x2c\x04\x08\x98\x06\x04\xc8\x08\xe0\x08\
\0\x01\x2d\x04\x08\x98\x06\x04\x80\x09\x90\x09\0\x01\x2e\x04\x08\x98\x06\x04\
\xd0\x07\xe8\x07\0\x01\x2f\x04\x08\x98\x06\x04\xc8\x08\xd8\x08\0\x01\x30\x04\
\x08\x98\x06\x04\xd8\x07\xf0\x07\0\x01\x31\x04\x10\x20\x04\x28\x78\0\x01\x32\
\x04\x10\x20\x04\x28\x60\x04\x70\x80\x01\0\x01\x32\x04\xb0\x02\xe0\x08\x04\x90\
\x09\xa0\x09\0\x01\x32\x04\xe8\x08\x90\x09\x04\xa0\x09\xb8\x0a\0\x01\x33\x04\
\x10\x20\x04\x28\x78\0\x01\x34\x04\x10\x20\x04\x28\x60\x04\x70\x80\x01\0\x01\
\x37\x04\x10\x20\x04\x28\x60\x04\x70\x80\x01\0\x01\x37\x04\xa0\x01\xb8\x07\x04\
\xc8\x07\xd8\x07\0\x01\x38\x04\x10\x20\x04\x28\x60\x04\x70\x80\x01\0\x03\x1b\
\x98\x09\x03\x1c\xb0\x09\x03\x1d\xe8\x09\x03\x1e\xf8\x07\x03\x1f\x98\x08\x03\
\x20\x80\x08\x03\x21\x98\x08\x03\x22\xd0\x09\x03\x23\xd0\x08\x03\x24\x98\x09\
\x03\x25\xc8\x08\x03\x26\xe8\x08\x03\x27\xb8\x09\x03\x28\xc0\x09\x03\x29\xb8\
\x09\x03\x2a\xf0\x08\x03\x2b\x88\x09\x03\x2c\xa0\x09\x03\x2d\xb8\x09\x03\x2e\
\xa8\x08\x03\x2f\x80\x09\x03\x30\xa8\x08\x03\x31\xa0\x02\x03\x32\xe8\x0a\x03\
\x33\xa0\x02\x03\x34\xe0\x0a\x03\x37\xf8\x07\x03\x38\x98\x08\0\xcc\x02\0\0\x05\
\0\0\0\0\0\0\0\x27\0\0\0\x38\0\0\0\x5d\0\0\0\x65\0\0\0\x6a\0\0\0\x7e\0\0\0\x85\
\0\0\0\x8a\0\0\0\x8e\0\0\0\x9a\0\0\0\xa9\0\0\0\xad\0\0\0\xba\0\0\0\xc0\0\0\0\
\xc6\0\0\0\xd9\0\0\0\xdf\0\0\0\xef\0\0\0\xf2\0\0\0\xf7\0\0\0\x01\x01\0\0\x10\
\x01\0\0\x25\x01\0\0\x31\x01\0\0\x3d\x01\0\0\x4d\x01\0\0\x55\x01\0\0\x5e\x01\0\
\0\x6c\x01\0\0\x7b\x01\0\0\x88\x01\0\0\x9c\x01\0\0\xad\x01\0\0\xc7\x01\0\0\xda\
\x01\0\0\xf3\x01\0\0\x07\x02\0\0\x0c\x02\0\0\x20\x02\0\0\x34\x02\0\0\x48\x02\0\
\0\x50\x02\0\0\x5c\x02\0\0\x66\x02\0\0\x71\x02\0\0\x7f\x02\0\0\x90\x02\0\0\xa0\
\x02\0\0\xa7\x02\0\0\xb1\x02\0\0\xbf\x02\0\0\xc4\x02\0\0\xc7\x02\0\0\xcc\x02\0\
\0\xcf\x02\0\0\xd3\x02\0\0\xd7\x02\0\0\xdb\x02\0\0\xde\x02\0\0\xe2\x02\0\0\xe9\
\x02\0\0\xf1\x02\0\0\xfa\x02\0\0\0\x03\0\0\x0a\x03\0\0\x10\x03\0\0\x14\x03\0\0\
\x1e\x03\0\0\x24\x03\0\0\x2c\x03\0\0\x32\x03\0\0\x36\x03\0\0\x3b\x03\0\0\x40\
\x03\0\0\x45\x03\0\0\x4a\x03\0\0\x4c\x03\0\0\x51\x03\0\0\x56\x03\0\0\x5b\x03\0\
\0\x60\x03\0\0\x65\x03\0\0\x70\x03\0\0\x76\x03\0\0\x78\x03\0\0\x7b\x03\0\0\x89\
\x03\0\0\x90\x03\0\0\xa1\x03\0\0\xa4\x03\0\0\xa8\x03\0\0\xb3\x03\0\0\xbc\x03\0\
\0\xc3\x03\0\0\xcc\x03\0\0\xd3\x03\0\0\xda\x03\0\0\xe2\x03\0\0\xe8\x03\0\0\xf4\
\x03\0\0\xfb\x03\0\0\x0b\x04\0\0\x1d\x04\0\0\x31\x04\0\0\x3f\x04\0\0\x51\x04\0\
\0\x60\x04\0\0\x70\x04\0\0\x87\x04\0\0\x98\x04\0\0\xa6\x04\0\0\xbb\x04\0\0\xd3\
\x04\0\0\xe8\x04\0\0\xfd\x04\0\0\x12\x05\0\0\x27\x05\0\0\x37\x05\0\0\x49\x05\0\
\0\x5a\x05\0\0\x67\x05\0\0\x7b\x05\0\0\x8e\x05\0\0\xa2\x05\0\0\xb5\x05\0\0\xc8\
\x05\0\0\xda\x05\0\0\xec\x05\0\0\xfc\x05\0\0\0\x06\0\0\x04\x06\0\0\x08\x06\0\0\
\x0c\x06\0\0\x10\x06\0\0\x13\x06\0\0\x16\x06\0\0\x1a\x06\0\0\x1e\x06\0\0\x21\
\x06\0\0\x24\x06\0\0\x27\x06\0\0\x2a\x06\0\0\x2d\x06\0\0\x30\x06\0\0\x33\x06\0\
\0\x3b\x06\0\0\x3e\x06\0\0\x41\x06\0\0\x45\x06\0\0\x49\x06\0\0\x4d\x06\0\0\x55\
\x06\0\0\x58\x06\0\0\x5c\x06\0\0\x62\x06\0\0\x65\x06\0\0\x68\x06\0\0\x6c\x06\0\
\0\x74\x06\0\0\x78\x06\0\0\x80\x06\0\0\x84\x06\0\0\x8b\x06\0\0\x93\x06\0\0\x96\
\x06\0\0\x9d\x06\0\0\xa5\x06\0\0\xad\x06\0\0\xb2\x06\0\0\xb6\x06\0\0\xc4\x06\0\
\0\xd0\x06\0\0\xd3\x06\0\0\xda\x06\0\0\xf4\x06\0\0\x0d\x07\0\0\x0f\x07\0\0\x55\
\x62\x75\x6e\x74\x75\x20\x63\x6c\x61\x6e\x67\x20\x76\x65\x72\x73\x69\x6f\x6e\
\x20\x31\x38\x2e\x31\x2e\x33\x20\x28\x31\x75\x62\x75\x6e\x74\x75\x31\x29\0\x61\
\x6d\x66\x5f\x74\x72\x61\x63\x65\x72\x2e\x62\x70\x66\x2e\x63\0\x2f\x68\x6f\x6d\
\x65\x2f\x74\x34\x37\x30\x2f\x44\x65\x73\x6b\x74\x6f\x70\x2f\x65\x62\x70\x66\
\x2d\x6e\x66\x74\x72\x61\x63\x65\x72\x2f\x61\x6d\x66\0\x4c\x49\x43\x45\x4e\x53\
\x45\0\x63\x68\x61\x72\0\x5f\x5f\x41\x52\x52\x41\x59\x5f\x53\x49\x5a\x45\x5f\
\x54\x59\x50\x45\x5f\x5f\0\x65\x76\x65\x6e\x74\x73\0\x74\x79\x70\x65\0\x69\x6e\
\x74\0\x6d\x61\x78\x5f\x65\x6e\x74\x72\x69\x65\x73\0\x61\x6d\x66\x5f\x63\x67\
\x72\x6f\x75\x70\x5f\x6d\x61\x70\0\x6b\x65\x79\0\x75\x6e\x73\x69\x67\x6e\x65\
\x64\x20\x69\x6e\x74\0\x5f\x5f\x75\x33\x32\0\x76\x61\x6c\x75\x65\0\x75\x6e\x73\
\x69\x67\x6e\x65\x64\x20\x6c\x6f\x6e\x67\x20\x6c\x6f\x6e\x67\0\x5f\x5f\x75\x36\
\x34\0\x63\x6f\x6e\x6e\x65\x63\x74\x5f\x73\x63\x72\x61\x74\x63\x68\0\x66\x64\0\
\x61\x64\x64\x72\0\x73\x61\x5f\x66\x61\x6d\x69\x6c\x79\0\x75\x6e\x73\x69\x67\
\x6e\x65\x64\x20\x73\x68\x6f\x72\x74\0\x5f\x5f\x6b\x65\x72\x6e\x65\x6c\x5f\x73\
\x61\x5f\x66\x61\x6d\x69\x6c\x79\x5f\x74\0\x73\x61\x5f\x66\x61\x6d\x69\x6c\x79\
\x5f\x74\0\x73\x61\x5f\x64\x61\x74\x61\x5f\x6d\x69\x6e\0\x5f\x5f\x65\x6d\x70\
\x74\x79\x5f\x73\x61\x5f\x64\x61\x74\x61\0\x73\x61\x5f\x64\x61\x74\x61\0\x73\
\x6f\x63\x6b\x61\x64\x64\x72\0\x5f\x63\x6f\x6e\x6e\x65\x63\x74\x5f\x61\x72\x67\
\x73\0\x61\x63\x63\x65\x70\x74\x5f\x73\x63\x72\x61\x74\x63\x68\0\x5f\x61\x63\
\x63\x65\x70\x74\x5f\x61\x72\x67\x73\0\x62\x70\x66\x5f\x72\x69\x6e\x67\x62\x75\
\x66\x5f\x72\x65\x73\x65\x72\x76\x65\0\x62\x70\x66\x5f\x6b\x74\x69\x6d\x65\x5f\
\x67\x65\x74\x5f\x6e\x73\0\x62\x70\x66\x5f\x67\x65\x74\x5f\x63\x75\x72\x72\x65\
\x6e\x74\x5f\x63\x67\x72\x6f\x75\x70\x5f\x69\x64\0\x62\x70\x66\x5f\x72\x69\x6e\
\x67\x62\x75\x66\x5f\x73\x75\x62\x6d\x69\x74\0\x62\x70\x66\x5f\x67\x65\x74\x5f\
\x63\x75\x72\x72\x65\x6e\x74\x5f\x70\x69\x64\x5f\x74\x67\x69\x64\0\x62\x70\x66\
\x5f\x6d\x61\x70\x5f\x75\x70\x64\x61\x74\x65\x5f\x65\x6c\x65\x6d\0\x6c\x6f\x6e\
\x67\0\x62\x70\x66\x5f\x6d\x61\x70\x5f\x6c\x6f\x6f\x6b\x75\x70\x5f\x65\x6c\x65\
\x6d\0\x62\x70\x66\x5f\x6d\x61\x70\x5f\x64\x65\x6c\x65\x74\x65\x5f\x65\x6c\x65\
\x6d\0\x62\x70\x66\x5f\x70\x72\x6f\x62\x65\x5f\x72\x65\x61\x64\x5f\x75\x73\x65\
\x72\0\x42\x50\x46\x5f\x41\x4e\x59\0\x42\x50\x46\x5f\x4e\x4f\x45\x58\x49\x53\
\x54\0\x42\x50\x46\x5f\x45\x58\x49\x53\x54\0\x42\x50\x46\x5f\x46\x5f\x4c\x4f\
\x43\x4b\0\x75\x6e\x73\x69\x67\x6e\x65\x64\x20\x6c\x6f\x6e\x67\0\x5f\x5f\x6b\
\x65\x72\x6e\x65\x6c\x5f\x75\x6c\x6f\x6e\x67\x5f\x74\0\x5f\x5f\x6b\x65\x72\x6e\
\x65\x6c\x5f\x73\x69\x7a\x65\x5f\x74\0\x73\x69\x7a\x65\x5f\x74\0\x6e\x65\x77\
\x5f\x65\x76\x65\x6e\x74\0\x75\x6e\x73\x69\x67\x6e\x65\x64\x20\x63\x68\x61\x72\
\0\x5f\x5f\x75\x38\0\x61\x66\0\x5f\x70\x61\x64\0\x74\x73\0\x70\x69\x64\0\x74\
\x69\x64\0\x63\x69\x64\0\x6e\x66\0\x61\x70\x69\0\x73\x72\x63\x5f\x69\x70\0\x64\
\x65\x73\x74\x5f\x69\x70\0\x73\x72\x63\x5f\x70\x6f\x72\x74\0\x5f\x5f\x75\x31\
\x36\0\x64\x65\x73\x74\x5f\x70\x6f\x72\x74\0\x62\x79\x74\x65\x73\0\x72\x65\x74\
\0\x6c\x6f\x6e\x67\x20\x6c\x6f\x6e\x67\0\x5f\x5f\x73\x36\x34\0\x61\x75\x74\x68\
\x5f\x69\x64\0\x73\x63\x6f\x70\x65\0\x64\x62\x67\0\x61\x72\x67\x31\0\x61\x72\
\x67\x32\0\x61\x72\x67\x33\0\x61\x72\x67\x34\0\x71\0\x62\x75\x66\x30\0\x62\x75\
\x66\x31\0\x62\x75\x66\x32\0\x62\x75\x66\x33\0\x62\x75\x66\x34\0\x64\x65\x62\
\x75\x67\x5f\x61\x72\x67\x73\0\x65\x76\x65\x6e\x74\0\x65\0\x70\x74\0\x69\x73\
\x5f\x61\x6d\x66\x5f\x63\x67\x72\x6f\x75\x70\0\x73\x74\x6f\x72\x65\x64\0\x72\
\x65\x61\x64\x5f\x73\x6f\x63\x6b\x61\x64\x64\x72\x5f\x69\x6e\0\x73\x61\0\x73\
\x69\x6e\0\x73\x69\x6e\x5f\x66\x61\x6d\x69\x6c\x79\0\x73\x69\x6e\x5f\x70\x6f\
\x72\x74\0\x5f\x5f\x62\x65\x31\x36\0\x73\x69\x6e\x5f\x61\x64\x64\x72\0\x73\x5f\
\x61\x64\x64\x72\0\x5f\x5f\x62\x65\x33\x32\0\x69\x6e\x5f\x61\x64\x64\x72\0\x5f\
\x5f\x70\x61\x64\0\x73\x6f\x63\x6b\x61\x64\x64\x72\x5f\x69\x6e\0\x66\x61\x6d\
\x69\x6c\x79\0\x61\x6d\x66\x5f\x73\x74\x61\x74\x5f\x63\x68\x5f\x73\x75\x62\0\
\x61\x6d\x66\x5f\x73\x74\x61\x74\x5f\x63\x68\x5f\x75\x6e\x73\x75\x62\0\x61\x6d\
\x66\x5f\x73\x74\x61\x74\x5f\x63\x68\x5f\x6d\x6f\x64\x5f\x73\x75\x62\0\x61\x6d\
\x66\x5f\x75\x65\x5f\x63\x72\x65\x61\x74\x65\0\x61\x6d\x66\x5f\x75\x65\x5f\x61\
\x73\x73\x69\x67\x6e\x5f\x65\x62\x69\0\x61\x6d\x66\x5f\x75\x65\x5f\x72\x65\x6c\
\x65\x61\x73\x65\0\x61\x6d\x66\x5f\x75\x65\x5f\x74\x72\x61\x6e\x73\x66\x65\x72\
\0\x61\x6d\x66\x5f\x75\x65\x5f\x72\x65\x67\x5f\x73\x74\x61\x74\x5f\x75\x70\x64\
\x61\x74\x65\0\x61\x6d\x66\x5f\x6e\x31\x6d\x73\x67\x5f\x6e\x6f\x74\x69\x66\x79\
\0\x61\x6d\x66\x5f\x73\x6d\x5f\x6e\x6f\x74\x69\x66\x79\0\x61\x6d\x66\x5f\x61\
\x6d\x5f\x75\x70\x64\x61\x74\x65\x5f\x6e\x6f\x74\x69\x66\x79\0\x61\x6d\x66\x5f\
\x61\x6d\x5f\x74\x65\x72\x6d\x69\x6e\x61\x74\x65\x5f\x6e\x6f\x74\x69\x66\x79\0\
\x61\x6d\x66\x5f\x63\x72\x65\x61\x74\x65\x5f\x65\x76\x65\x6e\x74\x5f\x73\x75\
\x62\0\x61\x6d\x66\x5f\x6d\x6f\x64\x69\x66\x79\x5f\x65\x76\x65\x6e\x74\x5f\x73\
\x75\x62\0\x61\x6d\x66\x5f\x64\x65\x6c\x65\x74\x65\x5f\x65\x76\x65\x6e\x74\x5f\
\x73\x75\x62\0\x61\x6d\x66\x5f\x6e\x31\x6e\x32\x6d\x73\x67\x5f\x74\x72\x61\x6e\
\x73\x66\x65\x72\0\x61\x6d\x66\x5f\x6e\x31\x6e\x32\x6d\x73\x67\x5f\x73\x75\x62\
\0\x61\x6d\x66\x5f\x6e\x31\x6e\x32\x6d\x73\x67\x5f\x75\x6e\x73\x75\x62\0\x61\
\x6d\x66\x5f\x6e\x31\x6e\x32\x6d\x73\x67\x5f\x73\x74\x61\x74\0\x61\x6d\x66\x5f\
\x6c\x6f\x63\x5f\x69\x6e\x66\x6f\0\x61\x6d\x66\x5f\x64\x6f\x6d\x61\x69\x6e\x5f\
\x73\x65\x6c\x5f\x69\x6e\x66\x6f\0\x61\x6d\x66\x5f\x6f\x61\x6d\x5f\x75\x65\x5f\
\x63\x6f\x6e\x74\x65\x78\x74\0\x74\x72\x61\x63\x65\x5f\x63\x6f\x6e\x6e\x65\x63\
\x74\x5f\x65\x6e\x74\x65\x72\0\x74\x72\x61\x63\x65\x5f\x63\x6f\x6e\x6e\x65\x63\
\x74\x5f\x65\x78\x69\x74\0\x74\x72\x61\x63\x65\x5f\x61\x63\x63\x65\x70\x74\x5f\
\x65\x6e\x74\x65\x72\0\x74\x72\x61\x63\x65\x5f\x61\x63\x63\x65\x70\x74\x5f\x65\
\x78\x69\x74\0\x74\x72\x61\x63\x65\x5f\x77\x72\x69\x74\x65\x5f\x65\x6e\x74\x65\
\x72\0\x74\x72\x61\x63\x65\x5f\x72\x65\x61\x64\x5f\x65\x78\x69\x74\0\x63\x74\
\x78\0\x72\x31\x35\0\x72\x31\x34\0\x72\x31\x33\0\x72\x31\x32\0\x62\x70\0\x62\
\x78\0\x72\x31\x31\0\x72\x31\x30\0\x72\x39\0\x72\x38\0\x61\x78\0\x63\x78\0\x64\
\x78\0\x73\x69\0\x64\x69\0\x6f\x72\x69\x67\x5f\x61\x78\0\x69\x70\0\x63\x73\0\
\x75\x31\x36\0\x63\x73\x78\0\x75\x36\x34\0\x66\x72\x65\x64\x5f\x63\x73\0\x73\
\x6c\0\x77\x66\x65\0\x66\x6c\x61\x67\x73\0\x73\x70\0\x73\x73\0\x73\x73\x78\0\
\x66\x72\x65\x64\x5f\x73\x73\0\x73\x74\x69\0\x73\x77\x65\x76\x65\x6e\x74\0\x6e\
\x6d\x69\0\x76\x65\x63\x74\x6f\x72\0\x65\x6e\x63\x6c\x61\x76\x65\0\x6c\x6d\0\
\x6e\x65\x73\x74\x65\x64\0\x69\x6e\x73\x6e\x6c\x65\x6e\0\x70\x74\x5f\x72\x65\
\x67\x73\0\x61\x72\x67\x73\0\x65\x6e\x74\0\x70\x72\x65\x65\x6d\x70\x74\x5f\x63\
\x6f\x75\x6e\x74\0\x74\x72\x61\x63\x65\x5f\x65\x6e\x74\x72\x79\0\x69\x64\0\x5f\
\x5f\x64\x61\x74\x61\0\x74\x72\x61\x63\x65\x5f\x65\x76\x65\x6e\x74\x5f\x72\x61\
\x77\x5f\x73\x79\x73\x5f\x65\x6e\x74\x65\x72\0\x74\x72\x61\x63\x65\x5f\x65\x76\
\x65\x6e\x74\x5f\x72\x61\x77\x5f\x73\x79\x73\x5f\x65\x78\x69\x74\0\x61\0\x63\
\x6f\x75\x6e\x74\0\xd4\x01\0\0\x05\0\x08\0\0\0\0\0\0\0\0\0\0\0\0\0\0\0\0\0\x19\
\0\0\0\0\0\0\0\x34\0\0\0\0\0\0\0\x53\0\0\0\0\0\0\0\x5f\0\0\0\0\0\0\0\x6e\0\0\0\
\0\0\0\0\x7b\0\0\0\0\0\0\0\x89\0\0\0\0\0\0\0\xa7\0\0\0\0\0\0\0\xba\0\0\0\0\0\0\
\0\xd3\0\0\0\0\0\0\0\xe5\0\0\0\0\0\0\0\xfa\0\0\0\0\0\0\0\x15\x01\0\0\0\0\0\0\
\x30\x01\0\0\0\0\0\0\x4b\x01\0\0\0\0\0\0\x62\x01\0\0\0\0\0\0\x7a\x01\0\0\0\0\0\
\0\x94\x01\0\0\0\0\0\0\xb1\x01\0\0\0\0\0\0\xc1\x01\0\0\0\0\0\0\xd8\x01\0\0\0\0\
\0\0\0\0\0\0\0\0\0\0\0\0\0\0\0\0\0\0\0\0\0\0\0\0\0\0\0\0\0\0\0\0\0\0\0\0\0\0\0\
\0\0\0\0\0\0\0\0\0\0\0\0\0\0\0\0\0\0\0\0\0\0\0\0\0\0\0\0\0\0\0\0\0\0\0\0\0\0\0\
\0\0\0\0\0\0\0\0\0\0\0\0\0\0\0\0\0\0\0\0\0\0\0\0\0\0\0\0\0\0\0\0\0\0\0\0\0\0\0\
\0\0\0\0\0\0\0\0\0\0\0\0\0\0\0\0\0\0\0\0\0\0\0\0\0\0\0\0\0\0\0\0\0\0\0\0\0\0\0\
\0\0\0\0\0\0\0\0\0\0\0\0\0\0\0\0\0\0\0\0\0\0\0\0\0\0\0\0\0\0\0\0\0\0\0\0\0\0\0\
\0\0\0\0\0\0\0\0\0\0\0\0\0\0\0\0\0\0\0\0\0\0\0\0\0\0\0\0\0\0\0\0\0\0\0\0\0\0\0\
\0\0\0\0\0\0\0\0\x28\x01\0\0\0\0\0\0\x68\x04\0\0\0\0\0\0\0\0\0\0\0\0\0\0\0\0\0\
\0\0\0\0\0\xa8\0\0\0\0\0\0\0\0\x9f\xeb\x01\0\x18\0\0\0\0\0\0\0\xd0\x0c\0\0\xd0\
\x0c\0\0\xc1\x19\0\0\0\0\0\0\0\0\0\x02\x03\0\0\0\x01\0\0\0\0\0\0\x01\x04\0\0\0\
\x20\0\0\x01\0\0\0\0\0\0\0\x03\0\0\0\0\x02\0\0\0\x04\0\0\0\x01\0\0\0\x05\0\0\0\
\0\0\0\x01\x04\0\0\0\x20\0\0\0\0\0\0\0\0\0\0\x02\x06\0\0\0\0\0\0\0\0\0\0\x03\0\
\0\0\0\x02\0\0\0\x04\0\0\0\0\x10\0\0\0\0\0\0\0\0\0\x02\x08\0\0\0\x19\0\0\0\0\0\
\0\x08\x09\0\0\0\x1f\0\0\0\0\0\0\x01\x08\0\0\0\x40\0\0\0\0\0\0\0\0\0\0\x02\x0b\
\0\0\0\x32\0\0\0\x02\0\0\x04\x10\0\0\0\x40\0\0\0\x08\0\0\0\0\0\0\0\x43\0\0\0\
\x0c\0\0\0\x40\0\0\0\0\0\0\0\0\0\0\x02\x65\0\0\0\0\0\0\0\x04\0\0\x04\x20\0\0\0\
\x48\0\0\0\x01\0\0\0\0\0\0\0\x4d\0\0\0\x05\0\0\0\x40\0\0\0\x59\0\0\0\x07\0\0\0\
\x80\0\0\0\x5d\0\0\0\x0a\0\0\0\xc0\0\0\0\x63\0\0\0\0\0\0\x0e\x0d\0\0\0\x01\0\0\
\0\0\0\0\0\0\0\0\x02\x10\0\0\0\x73\0\0\0\x02\0\0\x04\x10\0\0\0\x40\0\0\0\x08\0\
\0\0\0\0\0\0\x43\0\0\0\x0c\0\0\0\x40\0\0\0\0\0\0\0\x04\0\0\x04\x20\0\0\0\x48\0\
\0\0\x01\0\0\0\0\0\0\0\x4d\0\0\0\x05\0\0\0\x40\0\0\0\x59\0\0\0\x07\0\0\0\x80\0\
\0\0\x5d\0\0\0\x0f\0\0\0\xc0\0\0\0\x80\0\0\0\0\0\0\x0e\x11\0\0\0\x01\0\0\0\0\0\
\0\0\0\0\0\x02\x14\0\0\0\0\0\0\0\0\0\0\x03\0\0\0\0\x02\0\0\0\x04\0\0\0\x1b\0\0\
\0\0\0\0\0\0\0\0\x02\x16\0\0\0\0\0\0\0\0\0\0\x03\0\0\0\0\x02\0\0\0\x04\0\0\0\0\
\0\0\x01\0\0\0\0\x02\0\0\x04\x10\0\0\0\x48\0\0\0\x13\0\0\0\0\0\0\0\x4d\0\0\0\
\x15\0\0\0\x40\0\0\0\x8f\0\0\0\0\0\0\x0e\x17\0\0\0\x01\0\0\0\0\0\0\0\0\0\0\x02\
\x1a\0\0\0\0\0\0\0\0\0\0\x03\0\0\0\0\x02\0\0\0\x04\0\0\0\x02\0\0\0\0\0\0\0\0\0\
\0\x02\x1c\0\0\0\x96\0\0\0\0\0\0\x08\x1d\0\0\0\x9c\0\0\0\0\0\0\x01\x04\0\0\0\
\x20\0\0\0\0\0\0\0\x04\0\0\x04\x20\0\0\0\x48\0\0\0\x19\0\0\0\0\0\0\0\x4d\0\0\0\
\x01\0\0\0\x40\0\0\0\x59\0\0\0\x1b\0\0\0\x80\0\0\0\x5d\0\0\0\x07\0\0\0\xc0\0\0\
\0\xa9\0\0\0\0\0\0\x0e\x1e\0\0\0\x01\0\0\0\0\0\0\0\0\0\0\x02\x21\0\0\0\xb8\0\0\
\0\x15\0\0\x04\xa8\0\0\0\xc0\0\0\0\x22\0\0\0\0\0\0\0\xc4\0\0\0\x22\0\0\0\x40\0\
\0\0\xc8\0\0\0\x22\0\0\0\x80\0\0\0\xcc\0\0\0\x22\0\0\0\xc0\0\0\0\xd0\0\0\0\x22\
\0\0\0\0\x01\0\0\xd3\0\0\0\x22\0\0\0\x40\x01\0\0\xd6\0\0\0\x22\0\0\0\x80\x01\0\
\0\xda\0\0\0\x22\0\0\0\xc0\x01\0\0\xde\0\0\0\x22\0\0\0\0\x02\0\0\xe1\0\0\0\x22\
\0\0\0\x40\x02\0\0\xe4\0\0\0\x22\0\0\0\x80\x02\0\0\xe7\0\0\0\x22\0\0\0\xc0\x02\
\0\0\xea\0\0\0\x22\0\0\0\0\x03\0\0\xed\0\0\0\x22\0\0\0\x40\x03\0\0\xf0\0\0\0\
\x22\0\0\0\x80\x03\0\0\xf3\0\0\0\x22\0\0\0\xc0\x03\0\0\xfb\0\0\0\x22\0\0\0\0\
\x04\0\0\0\0\0\0\x23\0\0\0\x40\x04\0\0\xfe\0\0\0\x22\0\0\0\x80\x04\0\0\x04\x01\
\0\0\x22\0\0\0\xc0\x04\0\0\0\0\0\0\x29\0\0\0\0\x05\0\0\x07\x01\0\0\0\0\0\x01\
\x08\0\0\0\x40\0\0\0\0\0\0\0\x03\0\0\x05\x08\0\0\0\x15\x01\0\0\x24\0\0\0\0\0\0\
\0\x18\x01\0\0\x27\0\0\0\0\0\0\0\x1c\x01\0\0\x28\0\0\0\0\0\0\0\x24\x01\0\0\0\0\
\0\x08\x25\0\0\0\x28\x01\0\0\0\0\0\x08\x26\0\0\0\x2e\x01\0\0\0\0\0\x01\x02\0\0\
\0\x10\0\0\0\x3d\x01\0\0\0\0\0\x08\x08\0\0\0\x1c\x01\0\0\x03\0\0\x84\x08\0\0\0\
\x15\x01\0\0\x27\0\0\0\0\0\0\x10\x41\x01\0\0\x27\0\0\0\x10\0\0\x02\x44\x01\0\0\
\x27\0\0\0\x12\0\0\x01\0\0\0\0\x03\0\0\x05\x08\0\0\0\x48\x01\0\0\x24\0\0\0\0\0\
\0\0\x4b\x01\0\0\x27\0\0\0\0\0\0\0\x4f\x01\0\0\x2a\0\0\0\0\0\0\0\x4f\x01\0\0\
\x0a\0\0\x84\x08\0\0\0\x48\x01\0\0\x27\0\0\0\0\0\0\x10\x57\x01\0\0\x27\0\0\0\
\x10\0\0\x01\x5b\x01\0\0\x27\0\0\0\x11\0\0\x01\x63\x01\0\0\x27\0\0\0\x12\0\0\
\x01\x67\x01\0\0\x27\0\0\0\x20\0\0\x08\x48\0\0\0\x27\0\0\0\x30\0\0\x04\x6e\x01\
\0\0\x27\0\0\0\x38\0\0\x01\x76\x01\0\0\x27\0\0\0\x39\0\0\x01\x79\x01\0\0\x27\0\
\0\0\x3a\0\0\x01\x80\x01\0\0\x27\0\0\0\x3c\0\0\x04\0\0\0\0\x01\0\0\x0d\x02\0\0\
\0\x88\x01\0\0\x20\0\0\0\x8c\x01\0\0\x01\0\0\x0c\x2b\0\0\0\0\0\0\0\x01\0\0\x0d\
\x02\0\0\0\x88\x01\0\0\x20\0\0\0\x8b\x03\0\0\x01\0\0\x0c\x2d\0\0\0\0\0\0\0\x01\
\0\0\x0d\x02\0\0\0\x88\x01\0\0\x20\0\0\0\x21\x04\0\0\x01\0\0\x0c\x2f\0\0\0\0\0\
\0\0\x01\0\0\x0d\x02\0\0\0\x88\x01\0\0\x20\0\0\0\xc1\x04\0\0\x01\0\0\x0c\x31\0\
\0\0\0\0\0\0\x01\0\0\x0d\x02\0\0\0\x88\x01\0\0\x20\0\0\0\x3c\x05\0\0\x01\0\0\
\x0c\x33\0\0\0\0\0\0\0\x01\0\0\x0d\x02\0\0\0\x88\x01\0\0\x20\0\0\0\xc6\x05\0\0\
\x01\0\0\x0c\x35\0\0\0\0\0\0\0\x01\0\0\x0d\x02\0\0\0\x88\x01\0\0\x20\0\0\0\x45\
\x06\0\0\x01\0\0\x0c\x37\0\0\0\0\0\0\0\x01\0\0\x0d\x02\0\0\0\x88\x01\0\0\x20\0\
\0\0\xc8\x06\0\0\x01\0\0\x0c\x39\0\0\0\0\0\0\0\x01\0\0\x0d\x02\0\0\0\x88\x01\0\
\0\x20\0\0\0\x70\x07\0\0\x01\0\0\x0c\x3b\0\0\0\0\0\0\0\x01\0\0\x0d\x02\0\0\0\
\x88\x01\0\0\x20\0\0\0\xfb\x07\0\0\x01\0\0\x0c\x3d\0\0\0\0\0\0\0\x01\0\0\x0d\
\x02\0\0\0\x88\x01\0\0\x20\0\0\0\x83\x08\0\0\x01\0\0\x0c\x3f\0\0\0\0\0\0\0\x01\
\0\0\x0d\x02\0\0\0\x88\x01\0\0\x20\0\0\0\x19\x09\0\0\x01\0\0\x0c\x41\0\0\0\0\0\
\0\0\x01\0\0\x0d\x02\0\0\0\x88\x01\0\0\x20\0\0\0\xbb\x09\0\0\x01\0\0\x0c\x43\0\
\0\0\0\0\0\0\x01\0\0\x0d\x02\0\0\0\x88\x01\0\0\x20\0\0\0\x5a\x0a\0\0\x01\0\0\
\x0c\x45\0\0\0\0\0\0\0\x01\0\0\x0d\x02\0\0\0\x88\x01\0\0\x20\0\0\0\xf9\x0a\0\0\
\x01\0\0\x0c\x47\0\0\0\0\0\0\0\x01\0\0\x0d\x02\0\0\0\x88\x01\0\0\x20\0\0\0\x98\
\x0b\0\0\x01\0\0\x0c\x49\0\0\0\0\0\0\0\x01\0\0\x0d\x02\0\0\0\x88\x01\0\0\x20\0\
\0\0\x33\x0c\0\0\x01\0\0\x0c\x4b\0\0\0\0\0\0\0\x01\0\0\x0d\x02\0\0\0\x88\x01\0\
\0\x20\0\0\0\xc0\x0c\0\0\x01\0\0\x0c\x4d\0\0\0\0\0\0\0\x01\0\0\x0d\x02\0\0\0\
\x88\x01\0\0\x20\0\0\0\x55\x0d\0\0\x01\0\0\x0c\x4f\0\0\0\0\0\0\0\x01\0\0\x0d\
\x02\0\0\0\x88\x01\0\0\x20\0\0\0\xea\x0d\0\0\x01\0\0\x0c\x51\0\0\0\0\0\0\0\x01\
\0\0\x0d\x02\0\0\0\x88\x01\0\0\x20\0\0\0\x66\x0e\0\0\x01\0\0\x0c\x53\0\0\0\0\0\
\0\0\x01\0\0\x0d\x02\0\0\0\x88\x01\0\0\x20\0\0\0\xfe\x0e\0\0\x01\0\0\x0c\x55\0\
\0\0\0\0\0\0\0\0\0\x02\x58\0\0\0\x8c\x0f\0\0\x04\0\0\x04\x40\0\0\0\xa6\x0f\0\0\
\x59\0\0\0\0\0\0\0\xaa\x0f\0\0\x5b\0\0\0\x40\0\0\0\xad\x0f\0\0\x5c\0\0\0\x80\0\
\0\0\xb2\x0f\0\0\x5e\0\0\0\0\x02\0\0\xb9\x0f\0\0\x04\0\0\x04\x08\0\0\0\x48\0\0\
\0\x26\0\0\0\0\0\0\0\xfe\0\0\0\x5a\0\0\0\x10\0\0\0\xc5\x0f\0\0\x5a\0\0\0\x18\0\
\0\0\xd3\x0f\0\0\x02\0\0\0\x20\0\0\0\xd7\x0f\0\0\0\0\0\x01\x01\0\0\0\x08\0\0\0\
\xe5\x0f\0\0\0\0\0\x01\x08\0\0\0\x40\0\0\x01\0\0\0\0\0\0\0\x03\0\0\0\0\x22\0\0\
\0\x04\0\0\0\x06\0\0\0\xea\x0f\0\0\0\0\0\x01\x01\0\0\0\x08\0\0\x01\0\0\0\0\0\0\
\0\x03\0\0\0\0\x5d\0\0\0\x04\0\0\0\0\0\0\0\0\0\0\0\x01\0\0\x0d\x02\0\0\0\x88\
\x01\0\0\x57\0\0\0\xef\x0f\0\0\x01\0\0\x0c\x5f\0\0\0\0\0\0\0\0\0\0\x02\x62\0\0\
\0\x29\x12\0\0\x04\0\0\x04\x18\0\0\0\xa6\x0f\0\0\x59\0\0\0\0\0\0\0\xaa\x0f\0\0\
\x5b\0\0\0\x40\0\0\0\x42\x12\0\0\x5b\0\0\0\x80\0\0\0\xb2\x0f\0\0\x5e\0\0\0\xc0\
\0\0\0\0\0\0\0\x01\0\0\x0d\x02\0\0\0\x88\x01\0\0\x61\0\0\0\x46\x12\0\0\x01\0\0\
\x0c\x63\0\0\0\xe6\x13\0\0\x02\0\0\x04\x10\0\0\0\xef\x13\0\0\x66\0\0\0\0\0\0\0\
\0\0\0\0\x68\0\0\0\x10\0\0\0\xf9\x13\0\0\0\0\0\x08\x67\0\0\0\x05\x14\0\0\0\0\0\
\x08\x26\0\0\0\0\0\0\0\x02\0\0\x05\x0e\0\0\0\x1a\x14\0\0\x69\0\0\0\0\0\0\0\0\0\
\0\0\x6a\0\0\0\0\0\0\0\0\0\0\0\0\0\0\x03\0\0\0\0\x5d\0\0\0\x04\0\0\0\x0e\0\0\0\
\0\0\0\0\x02\0\0\x04\0\0\0\0\x26\x14\0\0\x6b\0\0\0\0\0\0\0\x36\x14\0\0\x5e\0\0\
\0\0\0\0\0\0\0\0\0\0\0\0\x04\0\0\0\0\x07\x15\0\0\x04\0\0\x04\x10\0\0\0\x13\x15\
\0\0\x67\0\0\0\0\0\0\0\x1e\x15\0\0\x6d\0\0\0\x10\0\0\0\x27\x15\0\0\x6e\0\0\0\
\x20\0\0\0\x30\x15\0\0\x70\0\0\0\x40\0\0\0\x36\x15\0\0\0\0\0\x08\x25\0\0\0\x3d\
\x15\0\0\x01\0\0\x04\x04\0\0\0\x45\x15\0\0\x6f\0\0\0\0\0\0\0\x4c\x15\0\0\0\0\0\
\x08\x1c\0\0\0\0\0\0\0\0\0\0\x03\0\0\0\0\x5a\0\0\0\x04\0\0\0\x08\0\0\0\0\0\0\0\
\x01\0\0\x0d\x02\0\0\0\x88\x01\0\0\x57\0\0\0\xca\x15\0\0\x01\0\0\x0c\x71\0\0\0\
\0\0\0\0\x01\0\0\x0d\x02\0\0\0\x88\x01\0\0\x61\0\0\0\xa2\x16\0\0\x01\0\0\x0c\
\x73\0\0\0\0\0\0\0\x01\0\0\x0d\x02\0\0\0\x88\x01\0\0\x57\0\0\0\x10\x18\0\0\x01\
\0\0\x0c\x75\0\0\0\0\0\0\0\x01\0\0\x0d\x02\0\0\0\x88\x01\0\0\x61\0\0\0\xe5\x18\
\0\0\x01\0\0\x0c\x77\0\0\0\0\0\0\0\0\0\0\x03\0\0\0\0\x5d\0\0\0\x04\0\0\0\x04\0\
\0\0\xab\x19\0\0\0\0\0\x0e\x79\0\0\0\x01\0\0\0\0\0\0\0\0\0\0\x03\0\0\0\0\x5d\0\
\0\0\x04\0\0\0\x19\0\0\0\0\0\0\0\0\0\0\x03\0\0\0\0\x5d\0\0\0\x04\0\0\0\x1b\0\0\
\0\0\0\0\0\0\0\0\x03\0\0\0\0\x5d\0\0\0\x04\0\0\0\x1f\0\0\0\0\0\0\0\0\0\0\x03\0\
\0\0\0\x5d\0\0\0\x04\0\0\0\x0c\0\0\0\0\0\0\0\0\0\0\x03\0\0\0\0\x5d\0\0\0\x04\0\
\0\0\x0f\0\0\0\0\0\0\0\0\0\0\x03\0\0\0\0\x5d\0\0\0\x04\0\0\0\x0d\0\0\0\0\0\0\0\
\0\0\0\x03\0\0\0\0\x5d\0\0\0\x04\0\0\0\x1e\0\0\0\0\0\0\0\0\0\0\x03\0\0\0\0\x5d\
\0\0\0\x04\0\0\0\x13\0\0\0\0\0\0\0\0\0\0\x03\0\0\0\0\x5d\0\0\0\x04\0\0\0\x12\0\
\0\0\0\0\0\0\0\0\0\x03\0\0\0\0\x5d\0\0\0\x04\0\0\0\x15\0\0\0\0\0\0\0\0\0\0\x03\
\0\0\0\0\x5d\0\0\0\x04\0\0\0\x17\0\0\0\0\0\0\0\0\0\0\x03\0\0\0\0\x5d\0\0\0\x04\
\0\0\0\x18\0\0\0\0\0\0\0\0\0\0\x03\0\0\0\0\x5d\0\0\0\x04\0\0\0\x1a\0\0\0\0\0\0\
\0\0\0\0\x03\0\0\0\0\x5d\0\0\0\x04\0\0\0\x1d\0\0\0\0\0\0\0\0\0\0\x03\0\0\0\0\
\x5d\0\0\0\x04\0\0\0\x10\0\0\0\xb3\x19\0\0\x04\0\0\x0f\0\0\0\0\x0e\0\0\0\0\0\0\
\0\x20\0\0\0\x12\0\0\0\0\0\0\0\x20\0\0\0\x18\0\0\0\0\0\0\0\x10\0\0\0\x1f\0\0\0\
\0\0\0\0\x20\0\0\0\xb9\x19\0\0\x01\0\0\x0f\0\0\0\0\x7a\0\0\0\0\0\0\0\x04\0\0\0\
\0\x69\x6e\x74\0\x5f\x5f\x41\x52\x52\x41\x59\x5f\x53\x49\x5a\x45\x5f\x54\x59\
\x50\x45\x5f\x5f\0\x5f\x5f\x75\x36\x34\0\x75\x6e\x73\x69\x67\x6e\x65\x64\x20\
\x6c\x6f\x6e\x67\x20\x6c\x6f\x6e\x67\0\x5f\x63\x6f\x6e\x6e\x65\x63\x74\x5f\x61\
\x72\x67\x73\0\x66\x64\0\x61\x64\x64\x72\0\x74\x79\x70\x65\0\x6d\x61\x78\x5f\
\x65\x6e\x74\x72\x69\x65\x73\0\x6b\x65\x79\0\x76\x61\x6c\x75\x65\0\x63\x6f\x6e\
\x6e\x65\x63\x74\x5f\x73\x63\x72\x61\x74\x63\x68\0\x5f\x61\x63\x63\x65\x70\x74\
\x5f\x61\x72\x67\x73\0\x61\x63\x63\x65\x70\x74\x5f\x73\x63\x72\x61\x74\x63\x68\
\0\x65\x76\x65\x6e\x74\x73\0\x5f\x5f\x75\x33\x32\0\x75\x6e\x73\x69\x67\x6e\x65\
\x64\x20\x69\x6e\x74\0\x61\x6d\x66\x5f\x63\x67\x72\x6f\x75\x70\x5f\x6d\x61\x70\
\0\x70\x74\x5f\x72\x65\x67\x73\0\x72\x31\x35\0\x72\x31\x34\0\x72\x31\x33\0\x72\
\x31\x32\0\x62\x70\0\x62\x78\0\x72\x31\x31\0\x72\x31\x30\0\x72\x39\0\x72\x38\0\
\x61\x78\0\x63\x78\0\x64\x78\0\x73\x69\0\x64\x69\0\x6f\x72\x69\x67\x5f\x61\x78\
\0\x69\x70\0\x66\x6c\x61\x67\x73\0\x73\x70\0\x75\x6e\x73\x69\x67\x6e\x65\x64\
\x20\x6c\x6f\x6e\x67\0\x63\x73\0\x63\x73\x78\0\x66\x72\x65\x64\x5f\x63\x73\0\
\x75\x31\x36\0\x5f\x5f\x75\x31\x36\0\x75\x6e\x73\x69\x67\x6e\x65\x64\x20\x73\
\x68\x6f\x72\x74\0\x75\x36\x34\0\x73\x6c\0\x77\x66\x65\0\x73\x73\0\x73\x73\x78\
\0\x66\x72\x65\x64\x5f\x73\x73\0\x73\x74\x69\0\x73\x77\x65\x76\x65\x6e\x74\0\
\x6e\x6d\x69\0\x76\x65\x63\x74\x6f\x72\0\x65\x6e\x63\x6c\x61\x76\x65\0\x6c\x6d\
\0\x6e\x65\x73\x74\x65\x64\0\x69\x6e\x73\x6e\x6c\x65\x6e\0\x63\x74\x78\0\x61\
\x6d\x66\x5f\x73\x74\x61\x74\x5f\x63\x68\x5f\x73\x75\x62\0\x75\x70\x72\x6f\x62\
\x65\x2f\x61\x6d\x66\x5f\x73\x74\x61\x74\x5f\x63\x68\x5f\x73\x75\x62\0\x2f\x68\
\x6f\x6d\x65\x2f\x74\x34\x37\x30\x2f\x44\x65\x73\x6b\x74\x6f\x70\x2f\x65\x62\
\x70\x66\x2d\x6e\x66\x74\x72\x61\x63\x65\x72\x2f\x61\x6d\x66\x2f\x61\x6d\x66\
\x5f\x74\x72\x61\x63\x65\x72\x2e\x62\x70\x66\x2e\x63\0\x69\x6e\x74\x20\x61\x6d\
\x66\x5f\x73\x74\x61\x74\x5f\x63\x68\x5f\x73\x75\x62\x28\x73\x74\x72\x75\x63\
\x74\x20\x70\x74\x5f\x72\x65\x67\x73\x20\x2a\x63\x74\x78\x29\0\x20\x20\x20\x20\
\x73\x74\x72\x75\x63\x74\x20\x65\x76\x65\x6e\x74\x20\x2a\x65\x20\x3d\x20\x62\
\x70\x66\x5f\x72\x69\x6e\x67\x62\x75\x66\x5f\x72\x65\x73\x65\x72\x76\x65\x28\
\x26\x65\x76\x65\x6e\x74\x73\x2c\x20\x73\x69\x7a\x65\x6f\x66\x28\x2a\x65\x29\
\x2c\x20\x30\x29\x3b\0\x20\x20\x20\x20\x69\x66\x20\x28\x21\x65\x29\0\x20\x20\
\x20\x20\x65\x2d\x3e\x74\x79\x70\x65\x20\x3d\x20\x74\x79\x70\x65\x3b\0\x20\x20\
\x20\x20\x65\x2d\x3e\x74\x73\x20\x20\x20\x3d\x20\x62\x70\x66\x5f\x6b\x74\x69\
\x6d\x65\x5f\x67\x65\x74\x5f\x6e\x73\x28\x29\x3b\0\x20\x20\x20\x20\x5f\x5f\x75\
\x36\x34\x20\x70\x74\x20\x3d\x20\x62\x70\x66\x5f\x67\x65\x74\x5f\x63\x75\x72\
\x72\x65\x6e\x74\x5f\x70\x69\x64\x5f\x74\x67\x69\x64\x28\x29\x3b\0\x20\x20\x20\
\x20\x65\x2d\x3e\x74\x69\x64\x20\x20\x3d\x20\x28\x5f\x5f\x75\x33\x32\x29\x70\
\x74\x3b\0\x20\x20\x20\x20\x65\x2d\x3e\x63\x69\x64\x20\x20\x3d\x20\x62\x70\x66\
\x5f\x67\x65\x74\x5f\x63\x75\x72\x72\x65\x6e\x74\x5f\x63\x67\x72\x6f\x75\x70\
\x5f\x69\x64\x28\x29\x3b\0\x20\x20\x20\x20\x5f\x5f\x62\x75\x69\x6c\x74\x69\x6e\
\x5f\x6d\x65\x6d\x63\x70\x79\x28\x65\x2d\x3e\x61\x70\x69\x2c\x20\x22\x41\x4d\
\x46\x53\x74\x61\x74\x75\x73\x43\x68\x61\x6e\x67\x65\x53\x75\x62\x73\x63\x72\
\x69\x62\x65\x22\x2c\x20\x32\x34\x29\x3b\0\x20\x20\x20\x20\x5f\x5f\x62\x75\x69\
\x6c\x74\x69\x6e\x5f\x6d\x65\x6d\x63\x70\x79\x28\x65\x2d\x3e\x6e\x66\x2c\x20\
\x22\x41\x4d\x46\x22\x2c\x20\x34\x29\x3b\0\x20\x20\x20\x20\x62\x70\x66\x5f\x72\
\x69\x6e\x67\x62\x75\x66\x5f\x73\x75\x62\x6d\x69\x74\x28\x65\x2c\x20\x30\x29\
\x3b\0\x7d\0\x61\x6d\x66\x5f\x73\x74\x61\x74\x5f\x63\x68\x5f\x75\x6e\x73\x75\
\x62\0\x75\x70\x72\x6f\x62\x65\x2f\x61\x6d\x66\x5f\x73\x74\x61\x74\x5f\x63\x68\
\x5f\x75\x6e\x73\x75\x62\0\x69\x6e\x74\x20\x61\x6d\x66\x5f\x73\x74\x61\x74\x5f\
\x63\x68\x5f\x75\x6e\x73\x75\x62\x28\x73\x74\x72\x75\x63\x74\x20\x70\x74\x5f\
\x72\x65\x67\x73\x20\x2a\x63\x74\x78\x29\0\x20\x20\x20\x20\x5f\x5f\x62\x75\x69\
\x6c\x74\x69\x6e\x5f\x6d\x65\x6d\x63\x70\x79\x28\x65\x2d\x3e\x61\x70\x69\x2c\
\x20\x22\x41\x4d\x46\x53\x74\x61\x74\x75\x73\x43\x68\x61\x6e\x67\x65\x55\x6e\
\x53\x75\x62\x73\x63\x72\x69\x62\x65\x22\x2c\x20\x32\x36\x29\x3b\0\x61\x6d\x66\
\x5f\x73\x74\x61\x74\x5f\x63\x68\x5f\x6d\x6f\x64\x5f\x73\x75\x62\0\x75\x70\x72\
\x6f\x62\x65\x2f\x61\x6d\x66\x5f\x73\x74\x61\x74\x5f\x63\x68\x5f\x6d\x6f\x64\
\x5f\x73\x75\x62\0\x69\x6e\x74\x20\x61\x6d\x66\x5f\x73\x74\x61\x74\x5f\x63\x68\
\x5f\x6d\x6f\x64\x5f\x73\x75\x62\x28\x73\x74\x72\x75\x63\x74\x20\x70\x74\x5f\
\x72\x65\x67\x73\x20\x2a\x63\x74\x78\x29\0\x20\x20\x20\x20\x5f\x5f\x62\x75\x69\
\x6c\x74\x69\x6e\x5f\x6d\x65\x6d\x63\x70\x79\x28\x65\x2d\x3e\x61\x70\x69\x2c\
\x20\x22\x41\x4d\x46\x53\x74\x61\x74\x75\x73\x43\x68\x61\x6e\x67\x65\x53\x75\
\x62\x73\x63\x72\x69\x62\x65\x4d\x6f\x64\x69\x66\x79\x22\x2c\x20\x33\x30\x29\
\x3b\0\x61\x6d\x66\x5f\x75\x65\x5f\x63\x72\x65\x61\x74\x65\0\x75\x70\x72\x6f\
\x62\x65\x2f\x61\x6d\x66\x5f\x75\x65\x5f\x63\x72\x65\x61\x74\x65\0\x69\x6e\x74\
\x20\x61\x6d\x66\x5f\x75\x65\x5f\x63\x72\x65\x61\x74\x65\x28\x73\x74\x72\x75\
\x63\x74\x20\x70\x74\x5f\x72\x65\x67\x73\x20\x2a\x63\x74\x78\x29\0\x20\x20\x20\
\x20\x5f\x5f\x62\x75\x69\x6c\x74\x69\x6e\x5f\x6d\x65\x6d\x63\x70\x79\x28\x65\
\x2d\x3e\x61\x70\x69\x2c\x20\x22\x41\x4d\x46\x55\x45\x43\x72\x65\x61\x74\x65\
\x22\x2c\x20\x31\x31\x29\x3b\0\x61\x6d\x66\x5f\x75\x65\x5f\x61\x73\x73\x69\x67\
\x6e\x5f\x65\x62\x69\0\x75\x70\x72\x6f\x62\x65\x2f\x61\x6d\x66\x5f\x75\x65\x5f\
\x61\x73\x73\x69\x67\x6e\x5f\x65\x62\x69\0\x69\x6e\x74\x20\x61\x6d\x66\x5f\x75\
\x65\x5f\x61\x73\x73\x69\x67\x6e\x5f\x65\x62\x69\x28\x73\x74\x72\x75\x63\x74\
\x20\x70\x74\x5f\x72\x65\x67\x73\x20\x2a\x63\x74\x78\x29\0\x20\x20\x20\x20\x5f\
\x5f\x62\x75\x69\x6c\x74\x69\x6e\x5f\x6d\x65\x6d\x63\x70\x79\x28\x65\x2d\x3e\
\x61\x70\x69\x2c\x20\x22\x41\x4d\x46\x55\x45\x41\x73\x73\x69\x67\x6e\x45\x42\
\x49\x22\x2c\x20\x31\x34\x29\x3b\0\x61\x6d\x66\x5f\x75\x65\x5f\x72\x65\x6c\x65\
\x61\x73\x65\0\x75\x70\x72\x6f\x62\x65\x2f\x61\x6d\x66\x5f\x75\x65\x5f\x72\x65\
\x6c\x65\x61\x73\x65\0\x69\x6e\x74\x20\x61\x6d\x66\x5f\x75\x65\x5f\x72\x65\x6c\
\x65\x61\x73\x65\x28\x73\x74\x72\x75\x63\x74\x20\x70\x74\x5f\x72\x65\x67\x73\
\x20\x2a\x63\x74\x78\x29\0\x20\x20\x20\x20\x5f\x5f\x62\x75\x69\x6c\x74\x69\x6e\
\x5f\x6d\x65\x6d\x63\x70\x79\x28\x65\x2d\x3e\x61\x70\x69\x2c\x20\x22\x41\x4d\
\x46\x55\x45\x52\x65\x6c\x65\x61\x73\x65\x22\x2c\x20\x31\x32\x29\x3b\0\x61\x6d\
\x66\x5f\x75\x65\x5f\x74\x72\x61\x6e\x73\x66\x65\x72\0\x75\x70\x72\x6f\x62\x65\
\x2f\x61\x6d\x66\x5f\x75\x65\x5f\x74\x72\x61\x6e\x73\x66\x65\x72\0\x69\x6e\x74\
\x20\x61\x6d\x66\x5f\x75\x65\x5f\x74\x72\x61\x6e\x73\x66\x65\x72\x28\x73\x74\
\x72\x75\x63\x74\x20\x70\x74\x5f\x72\x65\x67\x73\x20\x2a\x63\x74\x78\x29\0\x20\
\x20\x20\x20\x5f\x5f\x62\x75\x69\x6c\x74\x69\x6e\x5f\x6d\x65\x6d\x63\x70\x79\
\x28\x65\x2d\x3e\x61\x70\x69\x2c\x20\x22\x41\x4d\x46\x55\x45\x54\x72\x61\x6e\
\x73\x66\x65\x72\x22\x2c\x20\x31\x33\x29\x3b\0\x61\x6d\x66\x5f\x75\x65\x5f\x72\
\x65\x67\x5f\x73\x74\x61\x74\x5f\x75\x70\x64\x61\x74\x65\0\x75\x70\x72\x6f\x62\
\x65\x2f\x61\x6d\x66\x5f\x75\x65\x5f\x72\x65\x67\x5f\x73\x74\x61\x74\x5f\x75\
\x70\x64\x61\x74\x65\0\x69\x6e\x74\x20\x61\x6d\x66\x5f\x75\x65\x5f\x72\x65\x67\
\x5f\x73\x74\x61\x74\x5f\x75\x70\x64\x61\x74\x65\x28\x73\x74\x72\x75\x63\x74\
\x20\x70\x74\x5f\x72\x65\x67\x73\x20\x2a\x63\x74\x78\x29\0\x20\x20\x20\x20\x5f\
\x5f\x62\x75\x69\x6c\x74\x69\x6e\x5f\x6d\x65\x6d\x63\x70\x79\x28\x65\x2d\x3e\
\x61\x70\x69\x2c\x20\x22\x41\x4d\x46\x55\x45\x52\x65\x67\x69\x73\x74\x72\x61\
\x74\x69\x6f\x6e\x53\x74\x61\x74\x75\x73\x55\x70\x64\x61\x74\x65\x22\x2c\x20\
\x32\x39\x29\x3b\0\x61\x6d\x66\x5f\x6e\x31\x6d\x73\x67\x5f\x6e\x6f\x74\x69\x66\
\x79\0\x75\x70\x72\x6f\x62\x65\x2f\x61\x6d\x66\x5f\x6e\x31\x6d\x73\x67\x5f\x6e\
\x6f\x74\x69\x66\x79\0\x69\x6e\x74\x20\x61\x6d\x66\x5f\x6e\x31\x6d\x73\x67\x5f\
\x6e\x6f\x74\x69\x66\x79\x28\x73\x74\x72\x75\x63\x74\x20\x70\x74\x5f\x72\x65\
\x67\x73\x20\x2a\x63\x74\x78\x29\0\x20\x20\x20\x20\x5f\x5f\x62\x75\x69\x6c\x74\
\x69\x6e\x5f\x6d\x65\x6d\x63\x70\x79\x28\x65\x2d\x3e\x61\x70\x69\x2c\x20\x22\
\x41\x4d\x46\x4e\x31\x4d\x65\x73\x73\x61\x67\x65\x4e\x6f\x74\x69\x66\x79\x22\
\x2c\x20\x31\x38\x29\x3b\0\x61\x6d\x66\x5f\x73\x6d\x5f\x6e\x6f\x74\x69\x66\x79\
\0\x75\x70\x72\x6f\x62\x65\x2f\x61\x6d\x66\x5f\x73\x6d\x5f\x6e\x6f\x74\x69\x66\
\x79\0\x69\x6e\x74\x20\x61\x6d\x66\x5f\x73\x6d\x5f\x6e\x6f\x74\x69\x66\x79\x28\
\x73\x74\x72\x75\x63\x74\x20\x70\x74\x5f\x72\x65\x67\x73\x20\x2a\x63\x74\x78\
\x29\0\x20\x20\x20\x20\x5f\x5f\x62\x75\x69\x6c\x74\x69\x6e\x5f\x6d\x65\x6d\x63\
\x70\x79\x28\x65\x2d\x3e\x61\x70\x69\x2c\x20\x22\x41\x4d\x46\x53\x4d\x43\x6f\
\x6e\x74\x65\x78\x74\x53\x74\x61\x74\x75\x73\x4e\x6f\x74\x69\x66\x79\x22\x2c\
\x20\x32\x34\x29\x3b\0\x61\x6d\x66\x5f\x61\x6d\x5f\x75\x70\x64\x61\x74\x65\x5f\
\x6e\x6f\x74\x69\x66\x79\0\x75\x70\x72\x6f\x62\x65\x2f\x61\x6d\x66\x5f\x61\x6d\
\x5f\x75\x70\x64\x61\x74\x65\x5f\x6e\x6f\x74\x69\x66\x79\0\x69\x6e\x74\x20\x61\
\x6d\x66\x5f\x61\x6d\x5f\x75\x70\x64\x61\x74\x65\x5f\x6e\x6f\x74\x69\x66\x79\
\x28\x73\x74\x72\x75\x63\x74\x20\x70\x74\x5f\x72\x65\x67\x73\x20\x2a\x63\x74\
\x78\x29\0\x20\x20\x20\x20\x5f\x5f\x62\x75\x69\x6c\x74\x69\x6e\x5f\x6d\x65\x6d\
\x63\x70\x79\x28\x65\x2d\x3e\x61\x70\x69\x2c\x20\x22\x41\x4d\x46\x41\x4d\x55\
\x70\x64\x61\x74\x65\x4e\x6f\x74\x69\x66\x79\x22\x2c\x20\x31\x37\x29\x3b\0\x61\
\x6d\x66\x5f\x61\x6d\x5f\x74\x65\x72\x6d\x69\x6e\x61\x74\x65\x5f\x6e\x6f\x74\
\x69\x66\x79\0\x75\x70\x72\x6f\x62\x65\x2f\x61\x6d\x66\x5f\x61\x6d\x5f\x74\x65\
\x72\x6d\x69\x6e\x61\x74\x65\x5f\x6e\x6f\x74\x69\x66\x79\0\x69\x6e\x74\x20\x61\
\x6d\x66\x5f\x61\x6d\x5f\x74\x65\x72\x6d\x69\x6e\x61\x74\x65\x5f\x6e\x6f\x74\
\x69\x66\x79\x28\x73\x74\x72\x75\x63\x74\x20\x70\x74\x5f\x72\x65\x67\x73\x20\
\x2a\x63\x74\x78\x29\0\x20\x20\x20\x20\x5f\x5f\x62\x75\x69\x6c\x74\x69\x6e\x5f\
\x6d\x65\x6d\x63\x70\x79\x28\x65\x2d\x3e\x61\x70\x69\x2c\x20\x22\x41\x4d\x46\
\x41\x4d\x54\x65\x72\x6d\x69\x6e\x61\x74\x65\x4e\x6f\x74\x69\x66\x79\x22\x2c\
\x20\x32\x30\x29\x3b\0\x61\x6d\x66\x5f\x63\x72\x65\x61\x74\x65\x5f\x65\x76\x65\
\x6e\x74\x5f\x73\x75\x62\0\x75\x70\x72\x6f\x62\x65\x2f\x61\x6d\x66\x5f\x63\x72\
\x65\x61\x74\x65\x5f\x65\x76\x65\x6e\x74\x5f\x73\x75\x62\0\x69\x6e\x74\x20\x61\
\x6d\x66\x5f\x63\x72\x65\x61\x74\x65\x5f\x65\x76\x65\x6e\x74\x5f\x73\x75\x62\
\x28\x73\x74\x72\x75\x63\x74\x20\x70\x74\x5f\x72\x65\x67\x73\x20\x2a\x63\x74\
\x78\x29\0\x20\x20\x20\x20\x5f\x5f\x62\x75\x69\x6c\x74\x69\x6e\x5f\x6d\x65\x6d\
\x63\x70\x79\x28\x65\x2d\x3e\x61\x70\x69\x2c\x20\x22\x41\x4d\x46\x43\x72\x65\
\x61\x74\x65\x45\x76\x65\x6e\x74\x53\x75\x62\x73\x63\x72\x69\x70\x74\x69\x6f\
\x6e\x22\x2c\x20\x32\x36\x29\x3b\0\x61\x6d\x66\x5f\x6d\x6f\x64\x69\x66\x79\x5f\
\x65\x76\x65\x6e\x74\x5f\x73\x75\x62\0\x75\x70\x72\x6f\x62\x65\x2f\x61\x6d\x66\
\x5f\x6d\x6f\x64\x69\x66\x79\x5f\x65\x76\x65\x6e\x74\x5f\x73\x75\x62\0\x69\x6e\
\x74\x20\x61\x6d\x66\x5f\x6d\x6f\x64\x69\x66\x79\x5f\x65\x76\x65\x6e\x74\x5f\
\x73\x75\x62\x28\x73\x74\x72\x75\x63\x74\x20\x70\x74\x5f\x72\x65\x67\x73\x20\
\x2a\x63\x74\x78\x29\0\x20\x20\x20\x20\x5f\x5f\x62\x75\x69\x6c\x74\x69\x6e\x5f\
\x6d\x65\x6d\x63\x70\x79\x28\x65\x2d\x3e\x61\x70\x69\x2c\x20\x22\x41\x4d\x46\
\x4d\x6f\x64\x69\x66\x79\x45\x76\x65\x6e\x74\x53\x75\x62\x73\x63\x72\x69\x70\
\x74\x69\x6f\x6e\x22\x2c\x20\x32\x36\x29\x3b\0\x61\x6d\x66\x5f\x64\x65\x6c\x65\
\x74\x65\x5f\x65\x76\x65\x6e\x74\x5f\x73\x75\x62\0\x75\x70\x72\x6f\x62\x65\x2f\
\x61\x6d\x66\x5f\x64\x65\x6c\x65\x74\x65\x5f\x65\x76\x65\x6e\x74\x5f\x73\x75\
\x62\0\x69\x6e\x74\x20\x61\x6d\x66\x5f\x64\x65\x6c\x65\x74\x65\x5f\x65\x76\x65\
\x6e\x74\x5f\x73\x75\x62\x28\x73\x74\x72\x75\x63\x74\x20\x70\x74\x5f\x72\x65\
\x67\x73\x20\x2a\x63\x74\x78\x29\0\x20\x20\x20\x20\x5f\x5f\x62\x75\x69\x6c\x74\
\x69\x6e\x5f\x6d\x65\x6d\x63\x70\x79\x28\x65\x2d\x3e\x61\x70\x69\x2c\x20\x22\
\x41\x4d\x46\x44\x65\x6c\x65\x74\x65\x45\x76\x65\x6e\x74\x53\x75\x62\x73\x63\
\x72\x69\x70\x74\x69\x6f\x6e\x22\x2c\x20\x32\x36\x29\x3b\0\x61\x6d\x66\x5f\x6e\
\x31\x6e\x32\x6d\x73\x67\x5f\x74\x72\x61\x6e\x73\x66\x65\x72\0\x75\x70\x72\x6f\
\x62\x65\x2f\x61\x6d\x66\x5f\x6e\x31\x6e\x32\x6d\x73\x67\x5f\x74\x72\x61\x6e\
\x73\x66\x65\x72\0\x69\x6e\x74\x20\x61\x6d\x66\x5f\x6e\x31\x6e\x32\x6d\x73\x67\
\x5f\x74\x72\x61\x6e\x73\x66\x65\x72\x28\x73\x74\x72\x75\x63\x74\x20\x70\x74\
\x5f\x72\x65\x67\x73\x20\x2a\x63\x74\x78\x29\0\x20\x20\x20\x20\x5f\x5f\x62\x75\
\x69\x6c\x74\x69\x6e\x5f\x6d\x65\x6d\x63\x70\x79\x28\x65\x2d\x3e\x61\x70\x69\
\x2c\x20\x22\x41\x4d\x46\x4e\x31\x4e\x32\x4d\x65\x73\x73\x61\x67\x65\x54\x72\
\x61\x6e\x73\x66\x65\x72\x22\x2c\x20\x32\x32\x29\x3b\0\x61\x6d\x66\x5f\x6e\x31\
\x6e\x32\x6d\x73\x67\x5f\x73\x75\x62\0\x75\x70\x72\x6f\x62\x65\x2f\x61\x6d\x66\
\x5f\x6e\x31\x6e\x32\x6d\x73\x67\x5f\x73\x75\x62\0\x69\x6e\x74\x20\x61\x6d\x66\
\x5f\x6e\x31\x6e\x32\x6d\x73\x67\x5f\x73\x75\x62\x28\x73\x74\x72\x75\x63\x74\
\x20\x70\x74\x5f\x72\x65\x67\x73\x20\x2a\x63\x74\x78\x29\0\x20\x20\x20\x20\x5f\
\x5f\x62\x75\x69\x6c\x74\x69\x6e\x5f\x6d\x65\x6d\x63\x70\x79\x28\x65\x2d\x3e\
\x61\x70\x69\x2c\x20\x22\x41\x4d\x46\x4e\x31\x4e\x32\x4d\x65\x73\x73\x61\x67\
\x65\x53\x75\x62\x73\x63\x72\x69\x62\x65\x22\x2c\x20\x32\x33\x29\x3b\0\x61\x6d\
\x66\x5f\x6e\x31\x6e\x32\x6d\x73\x67\x5f\x75\x6e\x73\x75\x62\0\x75\x70\x72\x6f\
\x62\x65\x2f\x61\x6d\x66\x5f\x6e\x31\x6e\x32\x6d\x73\x67\x5f\x75\x6e\x73\x75\
\x62\0\x69\x6e\x74\x20\x61\x6d\x66\x5f\x6e\x31\x6e\x32\x6d\x73\x67\x5f\x75\x6e\
\x73\x75\x62\x28\x73\x74\x72\x75\x63\x74\x20\x70\x74\x5f\x72\x65\x67\x73\x20\
\x2a\x63\x74\x78\x29\0\x20\x20\x20\x20\x5f\x5f\x62\x75\x69\x6c\x74\x69\x6e\x5f\
\x6d\x65\x6d\x63\x70\x79\x28\x65\x2d\x3e\x61\x70\x69\x2c\x20\x22\x41\x4d\x46\
\x4e\x31\x4e\x32\x4d\x65\x73\x73\x61\x67\x65\x55\x6e\x73\x75\x62\x73\x63\x72\
\x69\x62\x65\x22\x2c\x20\x32\x35\x29\x3b\0\x61\x6d\x66\x5f\x6e\x31\x6e\x32\x6d\
\x73\x67\x5f\x73\x74\x61\x74\0\x75\x70\x72\x6f\x62\x65\x2f\x61\x6d\x66\x5f\x6e\
\x31\x6e\x32\x6d\x73\x67\x5f\x73\x74\x61\x74\0\x69\x6e\x74\x20\x61\x6d\x66\x5f\
\x6e\x31\x6e\x32\x6d\x73\x67\x5f\x73\x74\x61\x74\x28\x73\x74\x72\x75\x63\x74\
\x20\x70\x74\x5f\x72\x65\x67\x73\x20\x2a\x63\x74\x78\x29\0\x20\x20\x20\x20\x5f\
\x5f\x62\x75\x69\x6c\x74\x69\x6e\x5f\x6d\x65\x6d\x63\x70\x79\x28\x65\x2d\x3e\
\x61\x70\x69\x2c\x20\x22\x41\x4d\x46\x4e\x31\x4e\x32\x4d\x65\x73\x73\x61\x67\
\x65\x54\x72\x61\x6e\x73\x66\x65\x72\x53\x74\x61\x74\x75\x73\x22\x2c\x20\x32\
\x38\x29\x3b\0\x61\x6d\x66\x5f\x6c\x6f\x63\x5f\x69\x6e\x66\x6f\0\x75\x70\x72\
\x6f\x62\x65\x2f\x61\x6d\x66\x5f\x6c\x6f\x63\x5f\x69\x6e\x66\x6f\0\x69\x6e\x74\
\x20\x61\x6d\x66\x5f\x6c\x6f\x63\x5f\x69\x6e\x66\x6f\x28\x73\x74\x72\x75\x63\
\x74\x20\x70\x74\x5f\x72\x65\x67\x73\x20\x2a\x63\x74\x78\x29\0\x20\x20\x20\x20\
\x5f\x5f\x62\x75\x69\x6c\x74\x69\x6e\x5f\x6d\x65\x6d\x63\x70\x79\x28\x65\x2d\
\x3e\x61\x70\x69\x2c\x20\x22\x41\x4d\x46\x4c\x6f\x63\x61\x74\x69\x6f\x6e\x49\
\x6e\x66\x6f\x22\x2c\x20\x31\x35\x29\x3b\0\x61\x6d\x66\x5f\x64\x6f\x6d\x61\x69\
\x6e\x5f\x73\x65\x6c\x5f\x69\x6e\x66\x6f\0\x75\x70\x72\x6f\x62\x65\x2f\x61\x6d\
\x66\x5f\x64\x6f\x6d\x61\x69\x6e\x5f\x73\x65\x6c\x5f\x69\x6e\x66\x6f\0\x69\x6e\
\x74\x20\x61\x6d\x66\x5f\x64\x6f\x6d\x61\x69\x6e\x5f\x73\x65\x6c\x5f\x69\x6e\
\x66\x6f\x28\x73\x74\x72\x75\x63\x74\x20\x70\x74\x5f\x72\x65\x67\x73\x20\x2a\
\x63\x74\x78\x29\0\x20\x20\x20\x20\x5f\x5f\x62\x75\x69\x6c\x74\x69\x6e\x5f\x6d\
\x65\x6d\x63\x70\x79\x28\x65\x2d\x3e\x61\x70\x69\x2c\x20\x22\x41\x4d\x46\x44\
\x6f\x6d\x61\x69\x6e\x53\x65\x6c\x65\x63\x74\x69\x6f\x6e\x49\x6e\x66\x6f\x22\
\x2c\x20\x32\x32\x29\x3b\0\x61\x6d\x66\x5f\x6f\x61\x6d\x5f\x75\x65\x5f\x63\x6f\
\x6e\x74\x65\x78\x74\0\x75\x70\x72\x6f\x62\x65\x2f\x61\x6d\x66\x5f\x6f\x61\x6d\
\x5f\x75\x65\x5f\x63\x6f\x6e\x74\x65\x78\x74\0\x69\x6e\x74\x20\x61\x6d\x66\x5f\
\x6f\x61\x6d\x5f\x75\x65\x5f\x63\x6f\x6e\x74\x65\x78\x74\x28\x73\x74\x72\x75\
\x63\x74\x20\x70\x74\x5f\x72\x65\x67\x73\x20\x2a\x63\x74\x78\x29\0\x20\x20\x20\
\x20\x5f\x5f\x62\x75\x69\x6c\x74\x69\x6e\x5f\x6d\x65\x6d\x63\x70\x79\x28\x65\
\x2d\x3e\x61\x70\x69\x2c\x20\x22\x41\x4d\x46\x4f\x41\x4d\x55\x45\x43\x6f\x6e\
\x74\x65\x78\x74\x22\x2c\x20\x31\x35\x29\x3b\0\x74\x72\x61\x63\x65\x5f\x65\x76\
\x65\x6e\x74\x5f\x72\x61\x77\x5f\x73\x79\x73\x5f\x65\x6e\x74\x65\x72\0\x65\x6e\
\x74\0\x69\x64\0\x61\x72\x67\x73\0\x5f\x5f\x64\x61\x74\x61\0\x74\x72\x61\x63\
\x65\x5f\x65\x6e\x74\x72\x79\0\x70\x72\x65\x65\x6d\x70\x74\x5f\x63\x6f\x75\x6e\
\x74\0\x70\x69\x64\0\x75\x6e\x73\x69\x67\x6e\x65\x64\x20\x63\x68\x61\x72\0\x6c\
\x6f\x6e\x67\0\x63\x68\x61\x72\0\x74\x72\x61\x63\x65\x5f\x63\x6f\x6e\x6e\x65\
\x63\x74\x5f\x65\x6e\x74\x65\x72\0\x74\x72\x61\x63\x65\x70\x6f\x69\x6e\x74\x2f\
\x73\x79\x73\x63\x61\x6c\x6c\x73\x2f\x73\x79\x73\x5f\x65\x6e\x74\x65\x72\x5f\
\x63\x6f\x6e\x6e\x65\x63\x74\0\x69\x6e\x74\x20\x74\x72\x61\x63\x65\x5f\x63\x6f\
\x6e\x6e\x65\x63\x74\x5f\x65\x6e\x74\x65\x72\x28\x73\x74\x72\x75\x63\x74\x20\
\x74\x72\x61\x63\x65\x5f\x65\x76\x65\x6e\x74\x5f\x72\x61\x77\x5f\x73\x79\x73\
\x5f\x65\x6e\x74\x65\x72\x20\x2a\x63\x74\x78\x29\0\x20\x20\x20\x20\x5f\x5f\x75\
\x33\x32\x20\x6b\x65\x79\x20\x3d\x20\x30\x3b\0\x20\x20\x20\x20\x5f\x5f\x75\x36\
\x34\x20\x2a\x73\x74\x6f\x72\x65\x64\x20\x3d\x20\x62\x70\x66\x5f\x6d\x61\x70\
\x5f\x6c\x6f\x6f\x6b\x75\x70\x5f\x65\x6c\x65\x6d\x28\x26\x61\x6d\x66\x5f\x63\
\x67\x72\x6f\x75\x70\x5f\x6d\x61\x70\x2c\x20\x26\x6b\x65\x79\x29\x3b\0\x20\x20\
\x20\x20\x69\x66\x20\x28\x21\x73\x74\x6f\x72\x65\x64\x20\x7c\x7c\x20\x2a\x73\
\x74\x6f\x72\x65\x64\x20\x3d\x3d\x20\x30\x29\0\x20\x20\x20\x20\x72\x65\x74\x75\
\x72\x6e\x20\x62\x70\x66\x5f\x67\x65\x74\x5f\x63\x75\x72\x72\x65\x6e\x74\x5f\
\x63\x67\x72\x6f\x75\x70\x5f\x69\x64\x28\x29\x20\x3d\x3d\x20\x2a\x73\x74\x6f\
\x72\x65\x64\x3b\0\x20\x20\x20\x20\x69\x66\x20\x28\x21\x69\x73\x5f\x61\x6d\x66\
\x5f\x63\x67\x72\x6f\x75\x70\x28\x29\x29\x20\x72\x65\x74\x75\x72\x6e\x20\x30\
\x3b\0\x20\x20\x20\x20\x5f\x5f\x75\x36\x34\x20\x74\x69\x64\x20\x3d\x20\x28\x5f\
\x5f\x75\x33\x32\x29\x62\x70\x66\x5f\x67\x65\x74\x5f\x63\x75\x72\x72\x65\x6e\
\x74\x5f\x70\x69\x64\x5f\x74\x67\x69\x64\x28\x29\x3b\0\x30\x3a\x32\x3a\x30\0\
\x20\x20\x20\x20\x20\x20\x20\x20\x2e\x66\x64\x20\x20\x20\x3d\x20\x28\x69\x6e\
\x74\x29\x63\x74\x78\x2d\x3e\x61\x72\x67\x73\x5b\x30\x5d\x2c\0\x20\x20\x20\x20\
\x73\x74\x72\x75\x63\x74\x20\x5f\x63\x6f\x6e\x6e\x65\x63\x74\x5f\x61\x72\x67\
\x73\x20\x61\x72\x67\x73\x20\x3d\x20\x7b\0\x30\x3a\x32\x3a\x31\0\x20\x20\x20\
\x20\x20\x20\x20\x20\x2e\x61\x64\x64\x72\x20\x3d\x20\x28\x73\x74\x72\x75\x63\
\x74\x20\x73\x6f\x63\x6b\x61\x64\x64\x72\x20\x2a\x29\x63\x74\x78\x2d\x3e\x61\
\x72\x67\x73\x5b\x31\x5d\x2c\0\x20\x20\x20\x20\x62\x70\x66\x5f\x6d\x61\x70\x5f\
\x75\x70\x64\x61\x74\x65\x5f\x65\x6c\x65\x6d\x28\x26\x63\x6f\x6e\x6e\x65\x63\
\x74\x5f\x73\x63\x72\x61\x74\x63\x68\x2c\x20\x26\x74\x69\x64\x2c\x20\x26\x61\
\x72\x67\x73\x2c\x20\x42\x50\x46\x5f\x41\x4e\x59\x29\x3b\0\x74\x72\x61\x63\x65\
\x5f\x65\x76\x65\x6e\x74\x5f\x72\x61\x77\x5f\x73\x79\x73\x5f\x65\x78\x69\x74\0\
\x72\x65\x74\0\x74\x72\x61\x63\x65\x5f\x63\x6f\x6e\x6e\x65\x63\x74\x5f\x65\x78\
\x69\x74\0\x74\x72\x61\x63\x65\x70\x6f\x69\x6e\x74\x2f\x73\x79\x73\x63\x61\x6c\
\x6c\x73\x2f\x73\x79\x73\x5f\x65\x78\x69\x74\x5f\x63\x6f\x6e\x6e\x65\x63\x74\0\
\x69\x6e\x74\x20\x74\x72\x61\x63\x65\x5f\x63\x6f\x6e\x6e\x65\x63\x74\x5f\x65\
\x78\x69\x74\x28\x73\x74\x72\x75\x63\x74\x20\x74\x72\x61\x63\x65\x5f\x65\x76\
\x65\x6e\x74\x5f\x72\x61\x77\x5f\x73\x79\x73\x5f\x65\x78\x69\x74\x20\x2a\x63\
\x74\x78\x29\0\x20\x20\x20\x20\x73\x74\x72\x75\x63\x74\x20\x5f\x63\x6f\x6e\x6e\
\x65\x63\x74\x5f\x61\x72\x67\x73\x20\x2a\x61\x20\x3d\x20\x62\x70\x66\x5f\x6d\
\x61\x70\x5f\x6c\x6f\x6f\x6b\x75\x70\x5f\x65\x6c\x65\x6d\x28\x26\x63\x6f\x6e\
\x6e\x65\x63\x74\x5f\x73\x63\x72\x61\x74\x63\x68\x2c\x20\x26\x74\x69\x64\x29\
\x3b\0\x20\x20\x20\x20\x69\x66\x20\x28\x21\x61\x29\x20\x72\x65\x74\x75\x72\x6e\
\x20\x30\x3b\0\x20\x20\x20\x20\x62\x70\x66\x5f\x6d\x61\x70\x5f\x64\x65\x6c\x65\
\x74\x65\x5f\x65\x6c\x65\x6d\x28\x26\x63\x6f\x6e\x6e\x65\x63\x74\x5f\x73\x63\
\x72\x61\x74\x63\x68\x2c\x20\x26\x74\x69\x64\x29\x3b\0\x30\x3a\x32\0\x20\x20\
\x20\x20\x69\x66\x20\x28\x63\x74\x78\x2d\x3e\x72\x65\x74\x20\x21\x3d\x20\x30\
\x20\x26\x26\x20\x63\x74\x78\x2d\x3e\x72\x65\x74\x20\x21\x3d\x20\x2d\x31\x31\
\x35\x29\x20\x72\x65\x74\x75\x72\x6e\x20\x30\x3b\0\x20\x20\x20\x20\x5f\x5f\x62\
\x75\x69\x6c\x74\x69\x6e\x5f\x6d\x65\x6d\x73\x65\x74\x28\x65\x2c\x20\x30\x2c\
\x20\x73\x69\x7a\x65\x6f\x66\x28\x2a\x65\x29\x29\x3b\0\x20\x20\x20\x20\x72\x65\
\x61\x64\x5f\x73\x6f\x63\x6b\x61\x64\x64\x72\x5f\x69\x6e\x28\x65\x2c\x20\x61\
\x2d\x3e\x61\x64\x64\x72\x29\x3b\0\x20\x20\x20\x20\x5f\x5f\x75\x31\x36\x20\x66\
\x61\x6d\x69\x6c\x79\x20\x3d\x20\x30\x3b\0\x73\x6f\x63\x6b\x61\x64\x64\x72\0\
\x73\x61\x5f\x66\x61\x6d\x69\x6c\x79\0\x73\x61\x5f\x66\x61\x6d\x69\x6c\x79\x5f\
\x74\0\x5f\x5f\x6b\x65\x72\x6e\x65\x6c\x5f\x73\x61\x5f\x66\x61\x6d\x69\x6c\x79\
\x5f\x74\0\x73\x61\x5f\x64\x61\x74\x61\x5f\x6d\x69\x6e\0\x5f\x5f\x65\x6d\x70\
\x74\x79\x5f\x73\x61\x5f\x64\x61\x74\x61\0\x73\x61\x5f\x64\x61\x74\x61\0\x30\
\x3a\x30\0\x20\x20\x20\x20\x62\x70\x66\x5f\x70\x72\x6f\x62\x65\x5f\x72\x65\x61\
\x64\x5f\x75\x73\x65\x72\x28\x26\x66\x61\x6d\x69\x6c\x79\x2c\x20\x73\x69\x7a\
\x65\x6f\x66\x28\x66\x61\x6d\x69\x6c\x79\x29\x2c\x20\x26\x73\x61\x2d\x3e\x73\
\x61\x5f\x66\x61\x6d\x69\x6c\x79\x29\x3b\0\x20\x20\x20\x20\x69\x66\x20\x28\x66\
\x61\x6d\x69\x6c\x79\x20\x21\x3d\x20\x32\x20\x2f\x2a\x20\x41\x46\x5f\x49\x4e\
\x45\x54\x20\x2a\x2f\x29\0\x20\x20\x20\x20\x65\x2d\x3e\x61\x66\x20\x3d\x20\x32\
\x3b\0\x20\x20\x20\x20\x73\x74\x72\x75\x63\x74\x20\x73\x6f\x63\x6b\x61\x64\x64\
\x72\x5f\x69\x6e\x20\x73\x69\x6e\x20\x3d\x20\x7b\x7d\x3b\0\x20\x20\x20\x20\x62\
\x70\x66\x5f\x70\x72\x6f\x62\x65\x5f\x72\x65\x61\x64\x5f\x75\x73\x65\x72\x28\
\x26\x73\x69\x6e\x2c\x20\x73\x69\x7a\x65\x6f\x66\x28\x73\x69\x6e\x29\x2c\x20\
\x73\x61\x29\x3b\0\x73\x6f\x63\x6b\x61\x64\x64\x72\x5f\x69\x6e\0\x73\x69\x6e\
\x5f\x66\x61\x6d\x69\x6c\x79\0\x73\x69\x6e\x5f\x70\x6f\x72\x74\0\x73\x69\x6e\
\x5f\x61\x64\x64\x72\0\x5f\x5f\x70\x61\x64\0\x5f\x5f\x62\x65\x31\x36\0\x69\x6e\
\x5f\x61\x64\x64\x72\0\x73\x5f\x61\x64\x64\x72\0\x5f\x5f\x62\x65\x33\x32\0\x20\
\x20\x20\x20\x65\x2d\x3e\x64\x65\x73\x74\x5f\x69\x70\x20\x20\x20\x3d\x20\x73\
\x69\x6e\x2e\x73\x69\x6e\x5f\x61\x64\x64\x72\x2e\x73\x5f\x61\x64\x64\x72\x3b\0\
\x30\x3a\x31\0\x20\x20\x20\x20\x65\x2d\x3e\x64\x65\x73\x74\x5f\x70\x6f\x72\x74\
\x20\x3d\x20\x5f\x5f\x62\x75\x69\x6c\x74\x69\x6e\x5f\x62\x73\x77\x61\x70\x31\
\x36\x28\x73\x69\x6e\x2e\x73\x69\x6e\x5f\x70\x6f\x72\x74\x29\x3b\0\x20\x20\x20\
\x20\x65\x2d\x3e\x72\x65\x74\x20\x3d\x20\x63\x74\x78\x2d\x3e\x72\x65\x74\x3b\0\
\x74\x72\x61\x63\x65\x5f\x61\x63\x63\x65\x70\x74\x5f\x65\x6e\x74\x65\x72\0\x74\
\x72\x61\x63\x65\x70\x6f\x69\x6e\x74\x2f\x73\x79\x73\x63\x61\x6c\x6c\x73\x2f\
\x73\x79\x73\x5f\x65\x6e\x74\x65\x72\x5f\x61\x63\x63\x65\x70\x74\x34\0\x69\x6e\
\x74\x20\x74\x72\x61\x63\x65\x5f\x61\x63\x63\x65\x70\x74\x5f\x65\x6e\x74\x65\
\x72\x28\x73\x74\x72\x75\x63\x74\x20\x74\x72\x61\x63\x65\x5f\x65\x76\x65\x6e\
\x74\x5f\x72\x61\x77\x5f\x73\x79\x73\x5f\x65\x6e\x74\x65\x72\x20\x2a\x63\x74\
\x78\x29\0\x20\x20\x20\x20\x73\x74\x72\x75\x63\x74\x20\x5f\x61\x63\x63\x65\x70\
\x74\x5f\x61\x72\x67\x73\x20\x61\x72\x67\x73\x20\x3d\x20\x7b\0\x20\x20\x20\x20\
\x62\x70\x66\x5f\x6d\x61\x70\x5f\x75\x70\x64\x61\x74\x65\x5f\x65\x6c\x65\x6d\
\x28\x26\x61\x63\x63\x65\x70\x74\x5f\x73\x63\x72\x61\x74\x63\x68\x2c\x20\x26\
\x74\x69\x64\x2c\x20\x26\x61\x72\x67\x73\x2c\x20\x42\x50\x46\x5f\x41\x4e\x59\
\x29\x3b\0\x74\x72\x61\x63\x65\x5f\x61\x63\x63\x65\x70\x74\x5f\x65\x78\x69\x74\
\0\x74\x72\x61\x63\x65\x70\x6f\x69\x6e\x74\x2f\x73\x79\x73\x63\x61\x6c\x6c\x73\
\x2f\x73\x79\x73\x5f\x65\x78\x69\x74\x5f\x61\x63\x63\x65\x70\x74\x34\0\x69\x6e\
\x74\x20\x74\x72\x61\x63\x65\x5f\x61\x63\x63\x65\x70\x74\x5f\x65\x78\x69\x74\
\x28\x73\x74\x72\x75\x63\x74\x20\x74\x72\x61\x63\x65\x5f\x65\x76\x65\x6e\x74\
\x5f\x72\x61\x77\x5f\x73\x79\x73\x5f\x65\x78\x69\x74\x20\x2a\x63\x74\x78\x29\0\
\x20\x20\x20\x20\x73\x74\x72\x75\x63\x74\x20\x5f\x61\x63\x63\x65\x70\x74\x5f\
\x61\x72\x67\x73\x20\x2a\x61\x20\x3d\x20\x62\x70\x66\x5f\x6d\x61\x70\x5f\x6c\
\x6f\x6f\x6b\x75\x70\x5f\x65\x6c\x65\x6d\x28\x26\x61\x63\x63\x65\x70\x74\x5f\
\x73\x63\x72\x61\x74\x63\x68\x2c\x20\x26\x74\x69\x64\x29\x3b\0\x20\x20\x20\x20\
\x62\x70\x66\x5f\x6d\x61\x70\x5f\x64\x65\x6c\x65\x74\x65\x5f\x65\x6c\x65\x6d\
\x28\x26\x61\x63\x63\x65\x70\x74\x5f\x73\x63\x72\x61\x74\x63\x68\x2c\x20\x26\
\x74\x69\x64\x29\x3b\0\x20\x20\x20\x20\x69\x66\x20\x28\x63\x74\x78\x2d\x3e\x72\
\x65\x74\x20\x3c\x20\x30\x29\x20\x72\x65\x74\x75\x72\x6e\x20\x30\x3b\x20\x20\
\x20\x2f\x2a\x20\x66\x61\x69\x6c\x65\x64\x20\x61\x63\x63\x65\x70\x74\x20\x2a\
\x2f\0\x20\x20\x20\x20\x69\x66\x20\x28\x61\x2d\x3e\x61\x64\x64\x72\x29\0\x20\
\x20\x20\x20\x65\x2d\x3e\x72\x65\x74\x20\x3d\x20\x63\x74\x78\x2d\x3e\x72\x65\
\x74\x3b\x20\x20\x20\x20\x20\x20\x20\x20\x20\x20\x20\x20\x20\x20\x20\x20\x20\
\x2f\x2a\x20\x6e\x65\x77\x20\x73\x6f\x63\x6b\x65\x74\x20\x66\x64\x20\x2a\x2f\0\
\x74\x72\x61\x63\x65\x5f\x77\x72\x69\x74\x65\x5f\x65\x6e\x74\x65\x72\0\x74\x72\
\x61\x63\x65\x70\x6f\x69\x6e\x74\x2f\x73\x79\x73\x63\x61\x6c\x6c\x73\x2f\x73\
\x79\x73\x5f\x65\x6e\x74\x65\x72\x5f\x77\x72\x69\x74\x65\0\x69\x6e\x74\x20\x74\
\x72\x61\x63\x65\x5f\x77\x72\x69\x74\x65\x5f\x65\x6e\x74\x65\x72\x28\x73\x74\
\x72\x75\x63\x74\x20\x74\x72\x61\x63\x65\x5f\x65\x76\x65\x6e\x74\x5f\x72\x61\
\x77\x5f\x73\x79\x73\x5f\x65\x6e\x74\x65\x72\x20\x2a\x63\x74\x78\x29\0\x30\x3a\
\x32\x3a\x32\0\x20\x20\x20\x20\x5f\x5f\x75\x36\x34\x20\x63\x6f\x75\x6e\x74\x20\
\x3d\x20\x28\x73\x69\x7a\x65\x5f\x74\x29\x63\x74\x78\x2d\x3e\x61\x72\x67\x73\
\x5b\x32\x5d\x3b\0\x20\x20\x20\x20\x69\x66\x20\x28\x63\x6f\x75\x6e\x74\x20\x3d\
\x3d\x20\x30\x29\x20\x72\x65\x74\x75\x72\x6e\x20\x30\x3b\0\x20\x20\x20\x20\x65\
\x2d\x3e\x62\x79\x74\x65\x73\x20\x3d\x20\x63\x6f\x75\x6e\x74\x3b\0\x74\x72\x61\
\x63\x65\x5f\x72\x65\x61\x64\x5f\x65\x78\x69\x74\0\x74\x72\x61\x63\x65\x70\x6f\
\x69\x6e\x74\x2f\x73\x79\x73\x63\x61\x6c\x6c\x73\x2f\x73\x79\x73\x5f\x65\x78\
\x69\x74\x5f\x72\x65\x61\x64\0\x69\x6e\x74\x20\x74\x72\x61\x63\x65\x5f\x72\x65\
\x61\x64\x5f\x65\x78\x69\x74\x28\x73\x74\x72\x75\x63\x74\x20\x74\x72\x61\x63\
\x65\x5f\x65\x76\x65\x6e\x74\x5f\x72\x61\x77\x5f\x73\x79\x73\x5f\x65\x78\x69\
\x74\x20\x2a\x63\x74\x78\x29\0\x20\x20\x20\x20\x69\x66\x20\x28\x63\x74\x78\x2d\
\x3e\x72\x65\x74\x20\x3c\x3d\x20\x30\x29\x20\x72\x65\x74\x75\x72\x6e\x20\x30\
\x3b\0\x20\x20\x20\x20\x65\x2d\x3e\x62\x79\x74\x65\x73\x20\x3d\x20\x28\x5f\x5f\
\x75\x36\x34\x29\x63\x74\x78\x2d\x3e\x72\x65\x74\x3b\0\x20\x20\x20\x20\x65\x2d\
\x3e\x72\x65\x74\x20\x20\x20\x3d\x20\x63\x74\x78\x2d\x3e\x72\x65\x74\x3b\0\x4c\
\x49\x43\x45\x4e\x53\x45\0\x2e\x6d\x61\x70\x73\0\x6c\x69\x63\x65\x6e\x73\x65\0\
\0\0\0\x9f\xeb\x01\0\x20\0\0\0\0\0\0\0\xc4\x01\0\0\xc4\x01\0\0\x04\x21\0\0\xc8\
\x22\0\0\x64\x01\0\0\x08\0\0\0\x9c\x01\0\0\x01\0\0\0\0\0\0\0\x2c\0\0\0\x9d\x03\
\0\0\x01\0\0\0\0\0\0\0\x2e\0\0\0\x35\x04\0\0\x01\0\0\0\0\0\0\0\x30\0\0\0\xcf\
\x04\0\0\x01\0\0\0\0\0\0\0\x32\0\0\0\x4e\x05\0\0\x01\0\0\0\0\0\0\0\x34\0\0\0\
\xd5\x05\0\0\x01\0\0\0\0\0\0\0\x36\0\0\0\x55\x06\0\0\x01\0\0\0\0\0\0\0\x38\0\0\
\0\xdf\x06\0\0\x01\0\0\0\0\0\0\0\x3a\0\0\0\x81\x07\0\0\x01\0\0\0\0\0\0\0\x3c\0\
\0\0\x09\x08\0\0\x01\0\0\0\0\0\0\0\x3e\0\0\0\x98\x08\0\0\x01\0\0\0\0\0\0\0\x40\
\0\0\0\x31\x09\0\0\x01\0\0\0\0\0\0\0\x42\0\0\0\xd0\x09\0\0\x01\0\0\0\0\0\0\0\
\x44\0\0\0\x6f\x0a\0\0\x01\0\0\0\0\0\0\0\x46\0\0\0\x0e\x0b\0\0\x01\0\0\0\0\0\0\
\0\x48\0\0\0\xad\x0b\0\0\x01\0\0\0\0\0\0\0\x4a\0\0\0\x43\x0c\0\0\x01\0\0\0\0\0\
\0\0\x4c\0\0\0\xd2\x0c\0\0\x01\0\0\0\0\0\0\0\x4e\0\0\0\x66\x0d\0\0\x01\0\0\0\0\
\0\0\0\x50\0\0\0\xf7\x0d\0\0\x01\0\0\0\0\0\0\0\x52\0\0\0\x7a\x0e\0\0\x01\0\0\0\
\0\0\0\0\x54\0\0\0\x11\x0f\0\0\x01\0\0\0\0\0\0\0\x56\0\0\0\x03\x10\0\0\x01\0\0\
\0\0\0\0\0\x60\0\0\0\x59\x12\0\0\x01\0\0\0\0\0\0\0\x64\0\0\0\xdd\x15\0\0\x01\0\
\0\0\0\0\0\0\x72\0\0\0\xb4\x16\0\0\x01\0\0\0\0\0\0\0\x74\0\0\0\x22\x18\0\0\x01\
\0\0\0\0\0\0\0\x76\0\0\0\xf5\x18\0\0\x01\0\0\0\0\0\0\0\x78\0\0\0\x10\0\0\0\x9c\
\x01\0\0\x0e\0\0\0\0\0\0\0\xb3\x01\0\0\xe9\x01\0\0\0\xac\x01\0\x08\0\0\0\xb3\
\x01\0\0\x12\x02\0\0\x17\xe8\0\0\x30\0\0\0\xb3\x01\0\0\x55\x02\0\0\x09\xec\0\0\
\x38\0\0\0\xb3\x01\0\0\x61\x02\0\0\x0d\xf8\0\0\xc8\x02\0\0\xb3\x01\0\0\x75\x02\
\0\0\x0f\xfc\0\0\xd0\x02\0\0\xb3\x01\0\0\x75\x02\0\0\x0d\xfc\0\0\xd8\x02\0\0\
\xb3\x01\0\0\x97\x02\0\0\x10\0\x01\0\xe0\x02\0\0\xb3\x01\0\0\xc2\x02\0\0\x0d\
\x08\x01\0\x08\x03\0\0\xb3\x01\0\0\xdb\x02\0\0\x0f\x0c\x01\0\x18\x03\0\0\xb3\
\x01\0\0\x06\x03\0\0\x05\xbc\x01\0\x60\x04\0\0\xb3\x01\0\0\x44\x03\0\0\x05\x10\
\x01\0\x68\x04\0\0\xb3\x01\0\0\xdb\x02\0\0\x0d\x0c\x01\0\x70\x04\0\0\xb3\x01\0\
\0\x6b\x03\0\0\x05\xc0\x01\0\x88\x04\0\0\xb3\x01\0\0\x89\x03\0\0\x01\xc8\x01\0\
\x9d\x03\0\0\x0e\0\0\0\0\0\0\0\xb3\x01\0\0\xb6\x03\0\0\0\xd4\x01\0\x08\0\0\0\
\xb3\x01\0\0\x12\x02\0\0\x17\xe8\0\0\x30\0\0\0\xb3\x01\0\0\x55\x02\0\0\x09\xec\
\0\0\x38\0\0\0\xb3\x01\0\0\x61\x02\0\0\x0d\xf8\0\0\xc8\x02\0\0\xb3\x01\0\0\x75\
\x02\0\0\x0f\xfc\0\0\xd0\x02\0\0\xb3\x01\0\0\x75\x02\0\0\x0d\xfc\0\0\xd8\x02\0\
\0\xb3\x01\0\0\x97\x02\0\0\x10\0\x01\0\xe0\x02\0\0\xb3\x01\0\0\xc2\x02\0\0\x0d\
\x08\x01\0\x08\x03\0\0\xb3\x01\0\0\xdb\x02\0\0\x0f\x0c\x01\0\x18\x03\0\0\xb3\
\x01\0\0\xe1\x03\0\0\x05\xe4\x01\0\x78\x04\0\0\xb3\x01\0\0\x44\x03\0\0\x05\x10\
\x01\0\x80\x04\0\0\xb3\x01\0\0\xdb\x02\0\0\x0d\x0c\x01\0\x88\x04\0\0\xb3\x01\0\
\0\x6b\x03\0\0\x05\xe8\x01\0\xa0\x04\0\0\xb3\x01\0\0\x89\x03\0\0\x01\xf0\x01\0\
\x35\x04\0\0\x0e\0\0\0\0\0\0\0\xb3\x01\0\0\x50\x04\0\0\0\xfc\x01\0\x08\0\0\0\
\xb3\x01\0\0\x12\x02\0\0\x17\xe8\0\0\x30\0\0\0\xb3\x01\0\0\x55\x02\0\0\x09\xec\
\0\0\x38\0\0\0\xb3\x01\0\0\x61\x02\0\0\x0d\xf8\0\0\xc8\x02\0\0\xb3\x01\0\0\x75\
\x02\0\0\x0f\xfc\0\0\xd0\x02\0\0\xb3\x01\0\0\x75\x02\0\0\x0d\xfc\0\0\xd8\x02\0\
\0\xb3\x01\0\0\x97\x02\0\0\x10\0\x01\0\xe0\x02\0\0\xb3\x01\0\0\xc2\x02\0\0\x0d\
\x08\x01\0\x08\x03\0\0\xb3\x01\0\0\xdb\x02\0\0\x0f\x0c\x01\0\x18\x03\0\0\xb3\
\x01\0\0\x7d\x04\0\0\x05\x0c\x02\0\xb0\x04\0\0\xb3\x01\0\0\x44\x03\0\0\x05\x10\
\x01\0\xb8\x04\0\0\xb3\x01\0\0\xdb\x02\0\0\x0d\x0c\x01\0\xc0\x04\0\0\xb3\x01\0\
\0\x6b\x03\0\0\x05\x10\x02\0\xd8\x04\0\0\xb3\x01\0\0\x89\x03\0\0\x01\x18\x02\0\
\xcf\x04\0\0\x0f\0\0\0\0\0\0\0\xb3\x01\0\0\xe4\x04\0\0\0\x2c\x02\0\x08\0\0\0\
\xb3\x01\0\0\x12\x02\0\0\x17\xe8\0\0\x30\0\0\0\xb3\x01\0\0\x55\x02\0\0\x09\xec\
\0\0\x38\0\0\0\xb3\x01\0\0\x61\x02\0\0\x0d\xf8\0\0\xc8\x02\0\0\xb3\x01\0\0\x75\
\x02\0\0\x0f\xfc\0\0\xd0\x02\0\0\xb3\x01\0\0\x75\x02\0\0\x0d\xfc\0\0\xd8\x02\0\
\0\xb3\x01\0\0\x97\x02\0\0\x10\0\x01\0\xe0\x02\0\0\xb3\x01\0\0\xc2\x02\0\0\x0d\
\x08\x01\0\x08\x03\0\0\xb3\x01\0\0\xdb\x02\0\0\x0f\x0c\x01\0\x18\x03\0\0\xb3\
\x01\0\0\x0b\x05\0\0\x05\x3c\x02\0\xa8\x03\0\0\xb3\x01\0\0\x44\x03\0\0\x05\x10\
\x01\0\xb0\x03\0\0\xb3\x01\0\0\xdb\x02\0\0\x0d\x0c\x01\0\xc0\x03\0\0\xb3\x01\0\
\0\x0b\x05\0\0\x05\x3c\x02\0\xd0\x03\0\0\xb3\x01\0\0\x6b\x03\0\0\x05\x40\x02\0\
\xe8\x03\0\0\xb3\x01\0\0\x89\x03\0\0\x01\x48\x02\0\x4e\x05\0\0\x0e\0\0\0\0\0\0\
\0\xb3\x01\0\0\x67\x05\0\0\0\x54\x02\0\x08\0\0\0\xb3\x01\0\0\x12\x02\0\0\x17\
\xe8\0\0\x30\0\0\0\xb3\x01\0\0\x55\x02\0\0\x09\xec\0\0\x38\0\0\0\xb3\x01\0\0\
\x61\x02\0\0\x0d\xf8\0\0\xc8\x02\0\0\xb3\x01\0\0\x75\x02\0\0\x0f\xfc\0\0\xd0\
\x02\0\0\xb3\x01\0\0\x75\x02\0\0\x0d\xfc\0\0\xd8\x02\0\0\xb3\x01\0\0\x97\x02\0\
\0\x10\0\x01\0\xe0\x02\0\0\xb3\x01\0\0\xc2\x02\0\0\x0d\x08\x01\0\x08\x03\0\0\
\xb3\x01\0\0\xdb\x02\0\0\x0f\x0c\x01\0\x18\x03\0\0\xb3\x01\0\0\x92\x05\0\0\x05\
\x64\x02\0\xe0\x03\0\0\xb3\x01\0\0\x44\x03\0\0\x05\x10\x01\0\xe8\x03\0\0\xb3\
\x01\0\0\xdb\x02\0\0\x0d\x0c\x01\0\xf0\x03\0\0\xb3\x01\0\0\x6b\x03\0\0\x05\x68\
\x02\0\x08\x04\0\0\xb3\x01\0\0\x89\x03\0\0\x01\x70\x02\0\xd5\x05\0\0\x0e\0\0\0\
\0\0\0\0\xb3\x01\0\0\xeb\x05\0\0\0\x7c\x02\0\x08\0\0\0\xb3\x01\0\0\x12\x02\0\0\
\x17\xe8\0\0\x30\0\0\0\xb3\x01\0\0\x55\x02\0\0\x09\xec\0\0\x38\0\0\0\xb3\x01\0\
\0\x61\x02\0\0\x0d\xf8\0\0\xc8\x02\0\0\xb3\x01\0\0\x75\x02\0\0\x0f\xfc\0\0\xd0\
\x02\0\0\xb3\x01\0\0\x75\x02\0\0\x0d\xfc\0\0\xd8\x02\0\0\xb3\x01\0\0\x97\x02\0\
\0\x10\0\x01\0\xe0\x02\0\0\xb3\x01\0\0\xc2\x02\0\0\x0d\x08\x01\0\x08\x03\0\0\
\xb3\x01\0\0\xdb\x02\0\0\x0f\x0c\x01\0\x18\x03\0\0\xb3\x01\0\0\x13\x06\0\0\x05\
\x8c\x02\0\xc8\x03\0\0\xb3\x01\0\0\x44\x03\0\0\x05\x10\x01\0\xd0\x03\0\0\xb3\
\x01\0\0\xdb\x02\0\0\x0d\x0c\x01\0\xd8\x03\0\0\xb3\x01\0\0\x6b\x03\0\0\x05\x90\
\x02\0\xf0\x03\0\0\xb3\x01\0\0\x89\x03\0\0\x01\x98\x02\0\x55\x06\0\0\x0f\0\0\0\
\0\0\0\0\xb3\x01\0\0\x6c\x06\0\0\0\xa4\x02\0\x08\0\0\0\xb3\x01\0\0\x12\x02\0\0\
\x17\xe8\0\0\x30\0\0\0\xb3\x01\0\0\x55\x02\0\0\x09\xec\0\0\x38\0\0\0\xb3\x01\0\
\0\x61\x02\0\0\x0d\xf8\0\0\xc8\x02\0\0\xb3\x01\0\0\x75\x02\0\0\x0f\xfc\0\0\xd0\
\x02\0\0\xb3\x01\0\0\x75\x02\0\0\x0d\xfc\0\0\xd8\x02\0\0\xb3\x01\0\0\x97\x02\0\
\0\x10\0\x01\0\xe0\x02\0\0\xb3\x01\0\0\xc2\x02\0\0\x0d\x08\x01\0\x08\x03\0\0\
\xb3\x01\0\0\xdb\x02\0\0\x0f\x0c\x01\0\x18\x03\0\0\xb3\x01\0\0\x95\x06\0\0\x05\
\xb4\x02\0\xc8\x03\0\0\xb3\x01\0\0\x44\x03\0\0\x05\x10\x01\0\xd0\x03\0\0\xb3\
\x01\0\0\xdb\x02\0\0\x0d\x0c\x01\0\xe0\x03\0\0\xb3\x01\0\0\x95\x06\0\0\x05\xb4\
\x02\0\xf0\x03\0\0\xb3\x01\0\0\x6b\x03\0\0\x05\xb8\x02\0\x08\x04\0\0\xb3\x01\0\
\0\x89\x03\0\0\x01\xc0\x02\0\xdf\x06\0\0\x0f\0\0\0\0\0\0\0\xb3\x01\0\0\xfd\x06\
\0\0\0\xcc\x02\0\x08\0\0\0\xb3\x01\0\0\x12\x02\0\0\x17\xe8\0\0\x30\0\0\0\xb3\
\x01\0\0\x55\x02\0\0\x09\xec\0\0\x38\0\0\0\xb3\x01\0\0\x61\x02\0\0\x0d\xf8\0\0\
\xc8\x02\0\0\xb3\x01\0\0\x75\x02\0\0\x0f\xfc\0\0\xd0\x02\0\0\xb3\x01\0\0\x75\
\x02\0\0\x0d\xfc\0\0\xd8\x02\0\0\xb3\x01\0\0\x97\x02\0\0\x10\0\x01\0\xe0\x02\0\
\0\xb3\x01\0\0\xc2\x02\0\0\x0d\x08\x01\0\x08\x03\0\0\xb3\x01\0\0\xdb\x02\0\0\
\x0f\x0c\x01\0\x18\x03\0\0\xb3\x01\0\0\x2d\x07\0\0\x05\xdc\x02\0\x80\x04\0\0\
\xb3\x01\0\0\x44\x03\0\0\x05\x10\x01\0\x88\x04\0\0\xb3\x01\0\0\xdb\x02\0\0\x0d\
\x0c\x01\0\x98\x04\0\0\xb3\x01\0\0\x2d\x07\0\0\x05\xdc\x02\0\xa8\x04\0\0\xb3\
\x01\0\0\x6b\x03\0\0\x05\xe0\x02\0\xc0\x04\0\0\xb3\x01\0\0\x89\x03\0\0\x01\xe8\
\x02\0\x81\x07\0\0\x0e\0\0\0\0\0\0\0\xb3\x01\0\0\x99\x07\0\0\0\xfc\x02\0\x08\0\
\0\0\xb3\x01\0\0\x12\x02\0\0\x17\xe8\0\0\x30\0\0\0\xb3\x01\0\0\x55\x02\0\0\x09\
\xec\0\0\x38\0\0\0\xb3\x01\0\0\x61\x02\0\0\x0d\xf8\0\0\xc8\x02\0\0\xb3\x01\0\0\
\x75\x02\0\0\x0f\xfc\0\0\xd0\x02\0\0\xb3\x01\0\0\x75\x02\0\0\x0d\xfc\0\0\xd8\
\x02\0\0\xb3\x01\0\0\x97\x02\0\0\x10\0\x01\0\xe0\x02\0\0\xb3\x01\0\0\xc2\x02\0\
\0\x0d\x08\x01\0\x08\x03\0\0\xb3\x01\0\0\xdb\x02\0\0\x0f\x0c\x01\0\x18\x03\0\0\
\xb3\x01\0\0\xc3\x07\0\0\x05\x0c\x03\0\x18\x04\0\0\xb3\x01\0\0\x44\x03\0\0\x05\
\x10\x01\0\x20\x04\0\0\xb3\x01\0\0\xdb\x02\0\0\x0d\x0c\x01\0\x28\x04\0\0\xb3\
\x01\0\0\x6b\x03\0\0\x05\x10\x03\0\x40\x04\0\0\xb3\x01\0\0\x89\x03\0\0\x01\x18\
\x03\0\x09\x08\0\0\x0e\0\0\0\0\0\0\0\xb3\x01\0\0\x1e\x08\0\0\0\x24\x03\0\x08\0\
\0\0\xb3\x01\0\0\x12\x02\0\0\x17\xe8\0\0\x30\0\0\0\xb3\x01\0\0\x55\x02\0\0\x09\
\xec\0\0\x38\0\0\0\xb3\x01\0\0\x61\x02\0\0\x0d\xf8\0\0\xc8\x02\0\0\xb3\x01\0\0\
\x75\x02\0\0\x0f\xfc\0\0\xd0\x02\0\0\xb3\x01\0\0\x75\x02\0\0\x0d\xfc\0\0\xd8\
\x02\0\0\xb3\x01\0\0\x97\x02\0\0\x10\0\x01\0\xe0\x02\0\0\xb3\x01\0\0\xc2\x02\0\
\0\x0d\x08\x01\0\x08\x03\0\0\xb3\x01\0\0\xdb\x02\0\0\x0f\x0c\x01\0\x18\x03\0\0\
\xb3\x01\0\0\x45\x08\0\0\x05\x34\x03\0\x60\x04\0\0\xb3\x01\0\0\x44\x03\0\0\x05\
\x10\x01\0\x68\x04\0\0\xb3\x01\0\0\xdb\x02\0\0\x0d\x0c\x01\0\x70\x04\0\0\xb3\
\x01\0\0\x6b\x03\0\0\x05\x38\x03\0\x88\x04\0\0\xb3\x01\0\0\x89\x03\0\0\x01\x40\
\x03\0\x98\x08\0\0\x0f\0\0\0\0\0\0\0\xb3\x01\0\0\xb4\x08\0\0\0\x4c\x03\0\x08\0\
\0\0\xb3\x01\0\0\x12\x02\0\0\x17\xe8\0\0\x30\0\0\0\xb3\x01\0\0\x55\x02\0\0\x09\
\xec\0\0\x38\0\0\0\xb3\x01\0\0\x61\x02\0\0\x0d\xf8\0\0\xc8\x02\0\0\xb3\x01\0\0\
\x75\x02\0\0\x0f\xfc\0\0\xd0\x02\0\0\xb3\x01\0\0\x75\x02\0\0\x0d\xfc\0\0\xd8\
\x02\0\0\xb3\x01\0\0\x97\x02\0\0\x10\0\x01\0\xe0\x02\0\0\xb3\x01\0\0\xc2\x02\0\
\0\x0d\x08\x01\0\x08\x03\0\0\xb3\x01\0\0\xdb\x02\0\0\x0f\x0c\x01\0\x18\x03\0\0\
\xb3\x01\0\0\xe2\x08\0\0\x05\x5c\x03\0\0\x04\0\0\xb3\x01\0\0\x44\x03\0\0\x05\
\x10\x01\0\x08\x04\0\0\xb3\x01\0\0\xdb\x02\0\0\x0d\x0c\x01\0\x18\x04\0\0\xb3\
\x01\0\0\xe2\x08\0\0\x05\x5c\x03\0\x20\x04\0\0\xb3\x01\0\0\x6b\x03\0\0\x05\x60\
\x03\0\x38\x04\0\0\xb3\x01\0\0\x89\x03\0\0\x01\x68\x03\0\x31\x09\0\0\x0e\0\0\0\
\0\0\0\0\xb3\x01\0\0\x50\x09\0\0\0\x74\x03\0\x08\0\0\0\xb3\x01\0\0\x12\x02\0\0\
\x17\xe8\0\0\x30\0\0\0\xb3\x01\0\0\x55\x02\0\0\x09\xec\0\0\x38\0\0\0\xb3\x01\0\
\0\x61\x02\0\0\x0d\xf8\0\0\xc8\x02\0\0\xb3\x01\0\0\x75\x02\0\0\x0f\xfc\0\0\xd0\
\x02\0\0\xb3\x01\0\0\x75\x02\0\0\x0d\xfc\0\0\xd8\x02\0\0\xb3\x01\0\0\x97\x02\0\
\0\x10\0\x01\0\xe0\x02\0\0\xb3\x01\0\0\xc2\x02\0\0\x0d\x08\x01\0\x08\x03\0\0\
\xb3\x01\0\0\xdb\x02\0\0\x0f\x0c\x01\0\x18\x03\0\0\xb3\x01\0\0\x81\x09\0\0\x05\
\x84\x03\0\x30\x04\0\0\xb3\x01\0\0\x44\x03\0\0\x05\x10\x01\0\x38\x04\0\0\xb3\
\x01\0\0\xdb\x02\0\0\x0d\x0c\x01\0\x40\x04\0\0\xb3\x01\0\0\x6b\x03\0\0\x05\x88\
\x03\0\x58\x04\0\0\xb3\x01\0\0\x89\x03\0\0\x01\x90\x03\0\xd0\x09\0\0\x0e\0\0\0\
\0\0\0\0\xb3\x01\0\0\xec\x09\0\0\0\xa4\x03\0\x08\0\0\0\xb3\x01\0\0\x12\x02\0\0\
\x17\xe8\0\0\x30\0\0\0\xb3\x01\0\0\x55\x02\0\0\x09\xec\0\0\x38\0\0\0\xb3\x01\0\
\0\x61\x02\0\0\x0d\xf8\0\0\xc8\x02\0\0\xb3\x01\0\0\x75\x02\0\0\x0f\xfc\0\0\xd0\
\x02\0\0\xb3\x01\0\0\x75\x02\0\0\x0d\xfc\0\0\xd8\x02\0\0\xb3\x01\0\0\x97\x02\0\
\0\x10\0\x01\0\xe0\x02\0\0\xb3\x01\0\0\xc2\x02\0\0\x0d\x08\x01\0\x08\x03\0\0\
\xb3\x01\0\0\xdb\x02\0\0\x0f\x0c\x01\0\x18\x03\0\0\xb3\x01\0\0\x1a\x0a\0\0\x05\
\xb4\x03\0\x80\x04\0\0\xb3\x01\0\0\x44\x03\0\0\x05\x10\x01\0\x88\x04\0\0\xb3\
\x01\0\0\xdb\x02\0\0\x0d\x0c\x01\0\x90\x04\0\0\xb3\x01\0\0\x6b\x03\0\0\x05\xb8\
\x03\0\xa8\x04\0\0\xb3\x01\0\0\x89\x03\0\0\x01\xc0\x03\0\x6f\x0a\0\0\x0e\0\0\0\
\0\0\0\0\xb3\x01\0\0\x8b\x0a\0\0\0\xcc\x03\0\x08\0\0\0\xb3\x01\0\0\x12\x02\0\0\
\x17\xe8\0\0\x30\0\0\0\xb3\x01\0\0\x55\x02\0\0\x09\xec\0\0\x38\0\0\0\xb3\x01\0\
\0\x61\x02\0\0\x0d\xf8\0\0\xc8\x02\0\0\xb3\x01\0\0\x75\x02\0\0\x0f\xfc\0\0\xd0\
\x02\0\0\xb3\x01\0\0\x75\x02\0\0\x0d\xfc\0\0\xd8\x02\0\0\xb3\x01\0\0\x97\x02\0\
\0\x10\0\x01\0\xe0\x02\0\0\xb3\x01\0\0\xc2\x02\0\0\x0d\x08\x01\0\x08\x03\0\0\
\xb3\x01\0\0\xdb\x02\0\0\x0f\x0c\x01\0\x18\x03\0\0\xb3\x01\0\0\xb9\x0a\0\0\x05\
\xdc\x03\0\x88\x04\0\0\xb3\x01\0\0\x44\x03\0\0\x05\x10\x01\0\x90\x04\0\0\xb3\
\x01\0\0\xdb\x02\0\0\x0d\x0c\x01\0\x98\x04\0\0\xb3\x01\0\0\x6b\x03\0\0\x05\xe0\
\x03\0\xb0\x04\0\0\xb3\x01\0\0\x89\x03\0\0\x01\xe8\x03\0\x0e\x0b\0\0\x0e\0\0\0\
\0\0\0\0\xb3\x01\0\0\x2a\x0b\0\0\0\xf4\x03\0\x08\0\0\0\xb3\x01\0\0\x12\x02\0\0\
\x17\xe8\0\0\x30\0\0\0\xb3\x01\0\0\x55\x02\0\0\x09\xec\0\0\x38\0\0\0\xb3\x01\0\
\0\x61\x02\0\0\x0d\xf8\0\0\xc8\x02\0\0\xb3\x01\0\0\x75\x02\0\0\x0f\xfc\0\0\xd0\
\x02\0\0\xb3\x01\0\0\x75\x02\0\0\x0d\xfc\0\0\xd8\x02\0\0\xb3\x01\0\0\x97\x02\0\
\0\x10\0\x01\0\xe0\x02\0\0\xb3\x01\0\0\xc2\x02\0\0\x0d\x08\x01\0\x08\x03\0\0\
\xb3\x01\0\0\xdb\x02\0\0\x0f\x0c\x01\0\x18\x03\0\0\xb3\x01\0\0\x58\x0b\0\0\x05\
\x04\x04\0\x80\x04\0\0\xb3\x01\0\0\x44\x03\0\0\x05\x10\x01\0\x88\x04\0\0\xb3\
\x01\0\0\xdb\x02\0\0\x0d\x0c\x01\0\x90\x04\0\0\xb3\x01\0\0\x6b\x03\0\0\x05\x08\
\x04\0\xa8\x04\0\0\xb3\x01\0\0\x89\x03\0\0\x01\x10\x04\0\xad\x0b\0\0\x0e\0\0\0\
\0\0\0\0\xb3\x01\0\0\xc9\x0b\0\0\0\x24\x04\0\x08\0\0\0\xb3\x01\0\0\x12\x02\0\0\
\x17\xe8\0\0\x30\0\0\0\xb3\x01\0\0\x55\x02\0\0\x09\xec\0\0\x38\0\0\0\xb3\x01\0\
\0\x61\x02\0\0\x0d\xf8\0\0\xc8\x02\0\0\xb3\x01\0\0\x75\x02\0\0\x0f\xfc\0\0\xd0\
\x02\0\0\xb3\x01\0\0\x75\x02\0\0\x0d\xfc\0\0\xd8\x02\0\0\xb3\x01\0\0\x97\x02\0\
\0\x10\0\x01\0\xe0\x02\0\0\xb3\x01\0\0\xc2\x02\0\0\x0d\x08\x01\0\x08\x03\0\0\
\xb3\x01\0\0\xdb\x02\0\0\x0f\x0c\x01\0\x18\x03\0\0\xb3\x01\0\0\xf7\x0b\0\0\x05\
\x34\x04\0\x38\x04\0\0\xb3\x01\0\0\x44\x03\0\0\x05\x10\x01\0\x40\x04\0\0\xb3\
\x01\0\0\xdb\x02\0\0\x0d\x0c\x01\0\x48\x04\0\0\xb3\x01\0\0\x6b\x03\0\0\x05\x38\
\x04\0\x60\x04\0\0\xb3\x01\0\0\x89\x03\0\0\x01\x40\x04\0\x43\x0c\0\0\x0f\0\0\0\
\0\0\0\0\xb3\x01\0\0\x5a\x0c\0\0\0\x4c\x04\0\x08\0\0\0\xb3\x01\0\0\x12\x02\0\0\
\x17\xe8\0\0\x30\0\0\0\xb3\x01\0\0\x55\x02\0\0\x09\xec\0\0\x38\0\0\0\xb3\x01\0\
\0\x61\x02\0\0\x0d\xf8\0\0\xc8\x02\0\0\xb3\x01\0\0\x75\x02\0\0\x0f\xfc\0\0\xd0\
\x02\0\0\xb3\x01\0\0\x75\x02\0\0\x0d\xfc\0\0\xd8\x02\0\0\xb3\x01\0\0\x97\x02\0\
\0\x10\0\x01\0\xe0\x02\0\0\xb3\x01\0\0\xc2\x02\0\0\x0d\x08\x01\0\x08\x03\0\0\
\xb3\x01\0\0\xdb\x02\0\0\x0f\x0c\x01\0\x18\x03\0\0\xb3\x01\0\0\x83\x0c\0\0\x05\
\x5c\x04\0\x30\x04\0\0\xb3\x01\0\0\x44\x03\0\0\x05\x10\x01\0\x38\x04\0\0\xb3\
\x01\0\0\xdb\x02\0\0\x0d\x0c\x01\0\x48\x04\0\0\xb3\x01\0\0\x83\x0c\0\0\x05\x5c\
\x04\0\x60\x04\0\0\xb3\x01\0\0\x6b\x03\0\0\x05\x60\x04\0\x78\x04\0\0\xb3\x01\0\
\0\x89\x03\0\0\x01\x68\x04\0\xd2\x0c\0\0\x0f\0\0\0\0\0\0\0\xb3\x01\0\0\xeb\x0c\
\0\0\0\x74\x04\0\x08\0\0\0\xb3\x01\0\0\x12\x02\0\0\x17\xe8\0\0\x30\0\0\0\xb3\
\x01\0\0\x55\x02\0\0\x09\xec\0\0\x38\0\0\0\xb3\x01\0\0\x61\x02\0\0\x0d\xf8\0\0\
\xc8\x02\0\0\xb3\x01\0\0\x75\x02\0\0\x0f\xfc\0\0\xd0\x02\0\0\xb3\x01\0\0\x75\
\x02\0\0\x0d\xfc\0\0\xd8\x02\0\0\xb3\x01\0\0\x97\x02\0\0\x10\0\x01\0\xe0\x02\0\
\0\xb3\x01\0\0\xc2\x02\0\0\x0d\x08\x01\0\x08\x03\0\0\xb3\x01\0\0\xdb\x02\0\0\
\x0f\x0c\x01\0\x18\x03\0\0\xb3\x01\0\0\x16\x0d\0\0\x05\x84\x04\0\x48\x04\0\0\
\xb3\x01\0\0\x44\x03\0\0\x05\x10\x01\0\x50\x04\0\0\xb3\x01\0\0\xdb\x02\0\0\x0d\
\x0c\x01\0\x60\x04\0\0\xb3\x01\0\0\x16\x0d\0\0\x05\x84\x04\0\x78\x04\0\0\xb3\
\x01\0\0\x6b\x03\0\0\x05\x88\x04\0\x90\x04\0\0\xb3\x01\0\0\x89\x03\0\0\x01\x90\
\x04\0\x66\x0d\0\0\x0e\0\0\0\0\0\0\0\xb3\x01\0\0\x7e\x0d\0\0\0\x9c\x04\0\x08\0\
\0\0\xb3\x01\0\0\x12\x02\0\0\x17\xe8\0\0\x30\0\0\0\xb3\x01\0\0\x55\x02\0\0\x09\
\xec\0\0\x38\0\0\0\xb3\x01\0\0\x61\x02\0\0\x0d\xf8\0\0\xc8\x02\0\0\xb3\x01\0\0\
\x75\x02\0\0\x0f\xfc\0\0\xd0\x02\0\0\xb3\x01\0\0\x75\x02\0\0\x0d\xfc\0\0\xd8\
\x02\0\0\xb3\x01\0\0\x97\x02\0\0\x10\0\x01\0\xe0\x02\0\0\xb3\x01\0\0\xc2\x02\0\
\0\x0d\x08\x01\0\x08\x03\0\0\xb3\x01\0\0\xdb\x02\0\0\x0f\x0c\x01\0\x18\x03\0\0\
\xb3\x01\0\0\xa8\x0d\0\0\x05\xac\x04\0\x80\x04\0\0\xb3\x01\0\0\x44\x03\0\0\x05\
\x10\x01\0\x88\x04\0\0\xb3\x01\0\0\xdb\x02\0\0\x0d\x0c\x01\0\x90\x04\0\0\xb3\
\x01\0\0\x6b\x03\0\0\x05\xb0\x04\0\xa8\x04\0\0\xb3\x01\0\0\x89\x03\0\0\x01\xb8\
\x04\0\xf7\x0d\0\0\x0f\0\0\0\0\0\0\0\xb3\x01\0\0\x0b\x0e\0\0\0\xcc\x04\0\x08\0\
\0\0\xb3\x01\0\0\x12\x02\0\0\x17\xe8\0\0\x30\0\0\0\xb3\x01\0\0\x55\x02\0\0\x09\
\xec\0\0\x38\0\0\0\xb3\x01\0\0\x61\x02\0\0\x0d\xf8\0\0\xc8\x02\0\0\xb3\x01\0\0\
\x75\x02\0\0\x0f\xfc\0\0\xd0\x02\0\0\xb3\x01\0\0\x75\x02\0\0\x0d\xfc\0\0\xd8\
\x02\0\0\xb3\x01\0\0\x97\x02\0\0\x10\0\x01\0\xe0\x02\0\0\xb3\x01\0\0\xc2\x02\0\
\0\x0d\x08\x01\0\x08\x03\0\0\xb3\x01\0\0\xdb\x02\0\0\x0f\x0c\x01\0\x18\x03\0\0\
\xb3\x01\0\0\x31\x0e\0\0\x05\xdc\x04\0\xd0\x03\0\0\xb3\x01\0\0\x44\x03\0\0\x05\
\x10\x01\0\xd8\x03\0\0\xb3\x01\0\0\xdb\x02\0\0\x0d\x0c\x01\0\xe8\x03\0\0\xb3\
\x01\0\0\x31\x0e\0\0\x05\xdc\x04\0\0\x04\0\0\xb3\x01\0\0\x6b\x03\0\0\x05\xe0\
\x04\0\x18\x04\0\0\xb3\x01\0\0\x89\x03\0\0\x01\xe8\x04\0\x7a\x0e\0\0\x0e\0\0\0\
\0\0\0\0\xb3\x01\0\0\x95\x0e\0\0\0\xf4\x04\0\x08\0\0\0\xb3\x01\0\0\x12\x02\0\0\
\x17\xe8\0\0\x30\0\0\0\xb3\x01\0\0\x55\x02\0\0\x09\xec\0\0\x38\0\0\0\xb3\x01\0\
\0\x61\x02\0\0\x0d\xf8\0\0\xc8\x02\0\0\xb3\x01\0\0\x75\x02\0\0\x0f\xfc\0\0\xd0\
\x02\0\0\xb3\x01\0\0\x75\x02\0\0\x0d\xfc\0\0\xd8\x02\0\0\xb3\x01\0\0\x97\x02\0\
\0\x10\0\x01\0\xe0\x02\0\0\xb3\x01\0\0\xc2\x02\0\0\x0d\x08\x01\0\x08\x03\0\0\
\xb3\x01\0\0\xdb\x02\0\0\x0f\x0c\x01\0\x18\x03\0\0\xb3\x01\0\0\xc2\x0e\0\0\x05\
\x04\x05\0\x48\x04\0\0\xb3\x01\0\0\x44\x03\0\0\x05\x10\x01\0\x50\x04\0\0\xb3\
\x01\0\0\xdb\x02\0\0\x0d\x0c\x01\0\x58\x04\0\0\xb3\x01\0\0\x6b\x03\0\0\x05\x08\
\x05\0\x70\x04\0\0\xb3\x01\0\0\x89\x03\0\0\x01\x10\x05\0\x11\x0f\0\0\x0f\0\0\0\
\0\0\0\0\xb3\x01\0\0\x2b\x0f\0\0\0\x1c\x05\0\x08\0\0\0\xb3\x01\0\0\x12\x02\0\0\
\x17\xe8\0\0\x30\0\0\0\xb3\x01\0\0\x55\x02\0\0\x09\xec\0\0\x38\0\0\0\xb3\x01\0\
\0\x61\x02\0\0\x0d\xf8\0\0\xc8\x02\0\0\xb3\x01\0\0\x75\x02\0\0\x0f\xfc\0\0\xd0\
\x02\0\0\xb3\x01\0\0\x75\x02\0\0\x0d\xfc\0\0\xd8\x02\0\0\xb3\x01\0\0\x97\x02\0\
\0\x10\0\x01\0\xe0\x02\0\0\xb3\x01\0\0\xc2\x02\0\0\x0d\x08\x01\0\x08\x03\0\0\
\xb3\x01\0\0\xdb\x02\0\0\x0f\x0c\x01\0\x18\x03\0\0\xb3\x01\0\0\x57\x0f\0\0\x05\
\x2c\x05\0\xd8\x03\0\0\xb3\x01\0\0\x44\x03\0\0\x05\x10\x01\0\xe0\x03\0\0\xb3\
\x01\0\0\xdb\x02\0\0\x0d\x0c\x01\0\xf0\x03\0\0\xb3\x01\0\0\x57\x0f\0\0\x05\x2c\
\x05\0\0\x04\0\0\xb3\x01\0\0\x6b\x03\0\0\x05\x30\x05\0\x18\x04\0\0\xb3\x01\0\0\
\x89\x03\0\0\x01\x38\x05\0\x03\x10\0\0\x15\0\0\0\0\0\0\0\xb3\x01\0\0\x29\x10\0\
\0\0\x60\x05\0\x10\0\0\0\xb3\x01\0\0\x68\x10\0\0\x0b\x2c\x01\0\x20\0\0\0\xb3\
\x01\0\0\0\0\0\0\0\0\0\0\x28\0\0\0\xb3\x01\0\0\x7b\x10\0\0\x15\x30\x01\0\x48\0\
\0\0\xb3\x01\0\0\xbb\x10\0\0\x11\x34\x01\0\x50\0\0\0\xb3\x01\0\0\xbb\x10\0\0\
\x14\x34\x01\0\x58\0\0\0\xb3\x01\0\0\xbb\x10\0\0\x09\x34\x01\0\x68\0\0\0\xb3\
\x01\0\0\xdc\x10\0\0\x0c\x3c\x01\0\x70\0\0\0\xb3\x01\0\0\xdc\x10\0\0\x2b\x3c\
\x01\0\x78\0\0\0\xb3\x01\0\0\x0f\x11\0\0\x09\x68\x05\0\x80\0\0\0\xb3\x01\0\0\
\x33\x11\0\0\x18\x6c\x05\0\x88\0\0\0\xb3\x01\0\0\x33\x11\0\0\x11\x6c\x05\0\x98\
\0\0\0\xb3\x01\0\0\x33\x11\0\0\x0b\x6c\x05\0\xa0\0\0\0\xb3\x01\0\0\x6c\x11\0\0\
\x16\x74\x05\0\xa8\0\0\0\xb3\x01\0\0\x6c\x11\0\0\x11\x74\x05\0\xb8\0\0\0\xb3\
\x01\0\0\x8f\x11\0\0\x21\x70\x05\0\xc0\0\0\0\xb3\x01\0\0\xb7\x11\0\0\x24\x78\
\x05\0\xc8\0\0\0\xb3\x01\0\0\x8f\x11\0\0\x21\x70\x05\0\xd8\0\0\0\xb3\x01\0\0\
\x33\x11\0\0\x18\x6c\x05\0\xf0\0\0\0\xb3\x01\0\0\xe8\x11\0\0\x05\x80\x05\0\x10\
\x01\0\0\xb3\x01\0\0\x89\x03\0\0\x01\x88\x05\0\x59\x12\0\0\x33\0\0\0\0\0\0\0\
\xb3\x01\0\0\x7e\x12\0\0\0\x94\x05\0\x10\0\0\0\xb3\x01\0\0\x68\x10\0\0\x0b\x2c\
\x01\0\x20\0\0\0\xb3\x01\0\0\0\0\0\0\0\0\0\0\x28\0\0\0\xb3\x01\0\0\x7b\x10\0\0\
\x15\x30\x01\0\x48\0\0\0\xb3\x01\0\0\xbb\x10\0\0\x11\x34\x01\0\x50\0\0\0\xb3\
\x01\0\0\xbb\x10\0\0\x14\x34\x01\0\x58\0\0\0\xb3\x01\0\0\xbb\x10\0\0\x09\x34\
\x01\0\x60\0\0\0\xb3\x01\0\0\x89\x03\0\0\x01\xd8\x05\0\x70\0\0\0\xb3\x01\0\0\
\xdc\x10\0\0\x0c\x3c\x01\0\x78\0\0\0\xb3\x01\0\0\xdc\x10\0\0\x2b\x3c\x01\0\x80\
\0\0\0\xb3\x01\0\0\x0f\x11\0\0\x09\x9c\x05\0\x88\0\0\0\xb3\x01\0\0\x33\x11\0\0\
\x18\xa0\x05\0\x90\0\0\0\xb3\x01\0\0\x33\x11\0\0\x11\xa0\x05\0\xa0\0\0\0\xb3\
\x01\0\0\x33\x11\0\0\x0b\xa0\x05\0\xb0\0\0\0\xb3\x01\0\0\x33\x11\0\0\x18\xa0\
\x05\0\xb8\0\0\0\xb3\x01\0\0\xbb\x12\0\0\x1f\xa4\x05\0\xd8\0\0\0\xb3\x01\0\0\
\x06\x13\0\0\x09\xa8\x05\0\xe8\0\0\0\xb3\x01\0\0\x1c\x13\0\0\x05\xac\x05\0\x08\
\x01\0\0\xb3\x01\0\0\x51\x13\0\0\x0e\xb8\x05\0\x10\x01\0\0\xb3\x01\0\0\x51\x13\
\0\0\x17\xb8\x05\0\x18\x01\0\0\xb3\x01\0\0\x51\x13\0\0\x1f\xb8\x05\0\x20\x01\0\
\0\xb3\x01\0\0\x51\x13\0\0\x09\xb8\x05\0\x30\x01\0\0\xb3\x01\0\0\x12\x02\0\0\
\x17\xe8\0\0\x60\x01\0\0\xb3\x01\0\0\x55\x02\0\0\x09\xec\0\0\x68\x01\0\0\xb3\
\x01\0\0\x86\x13\0\0\x05\xf4\0\0\xf8\x03\0\0\xb3\x01\0\0\x61\x02\0\0\x0d\xf8\0\
\0\0\x04\0\0\xb3\x01\0\0\x75\x02\0\0\x0f\xfc\0\0\x08\x04\0\0\xb3\x01\0\0\x75\
\x02\0\0\x0d\xfc\0\0\x10\x04\0\0\xb3\x01\0\0\x97\x02\0\0\x10\0\x01\0\x18\x04\0\
\0\xb3\x01\0\0\xc2\x02\0\0\x0d\x08\x01\0\x40\x04\0\0\xb3\x01\0\0\xdb\x02\0\0\
\x0f\x0c\x01\0\x50\x04\0\0\xb3\x01\0\0\x44\x03\0\0\x05\x10\x01\0\x58\x04\0\0\
\xb3\x01\0\0\xdb\x02\0\0\x0d\x0c\x01\0\x60\x04\0\0\xb3\x01\0\0\xae\x13\0\0\x1c\
\xc8\x05\0\x68\x04\0\0\xb3\x01\0\0\xd0\x13\0\0\x0b\x58\x01\0\x90\x04\0\0\xb3\
\x01\0\0\x86\x13\0\0\x05\xf4\0\0\xa0\x04\0\0\xb3\x01\0\0\x42\x14\0\0\x05\x5c\
\x01\0\xb0\x04\0\0\xb3\x01\0\0\x84\x14\0\0\x09\x60\x01\0\xb8\x04\0\0\xb3\x01\0\
\0\x84\x14\0\0\x09\x60\x01\0\xc0\x04\0\0\xb3\x01\0\0\xa7\x14\0\0\x0b\x6c\x01\0\
\xd0\x04\0\0\xb3\x01\0\0\xb6\x14\0\0\x18\x70\x01\0\xe8\x04\0\0\xb3\x01\0\0\xa7\
\x14\0\0\x0b\x6c\x01\0\xf0\x04\0\0\xb3\x01\0\0\xd7\x14\0\0\x05\x74\x01\0\x10\
\x05\0\0\xb3\x01\0\0\x53\x15\0\0\x21\x78\x01\0\x18\x05\0\0\xb3\x01\0\0\x53\x15\
\0\0\x12\x78\x01\0\x20\x05\0\0\xb3\x01\0\0\x7f\x15\0\0\x2a\x7c\x01\0\x28\x05\0\
\0\xb3\x01\0\0\x7f\x15\0\0\x14\x7c\x01\0\x30\x05\0\0\xb3\x01\0\0\x7f\x15\0\0\
\x12\x7c\x01\0\x38\x05\0\0\xb3\x01\0\0\xb3\x15\0\0\x13\xcc\x05\0\x40\x05\0\0\
\xb3\x01\0\0\xb3\x15\0\0\x0c\xcc\x05\0\x48\x05\0\0\xb3\x01\0\0\x6b\x03\0\0\x05\
\xd0\x05\0\xdd\x15\0\0\x15\0\0\0\0\0\0\0\xb3\x01\0\0\x03\x16\0\0\0\xec\x05\0\
\x10\0\0\0\xb3\x01\0\0\x68\x10\0\0\x0b\x2c\x01\0\x20\0\0\0\xb3\x01\0\0\0\0\0\0\
\0\0\0\0\x28\0\0\0\xb3\x01\0\0\x7b\x10\0\0\x15\x30\x01\0\x48\0\0\0\xb3\x01\0\0\
\xbb\x10\0\0\x11\x34\x01\0\x50\0\0\0\xb3\x01\0\0\xbb\x10\0\0\x14\x34\x01\0\x58\
\0\0\0\xb3\x01\0\0\xbb\x10\0\0\x09\x34\x01\0\x68\0\0\0\xb3\x01\0\0\xdc\x10\0\0\
\x0c\x3c\x01\0\x70\0\0\0\xb3\x01\0\0\xdc\x10\0\0\x2b\x3c\x01\0\x78\0\0\0\xb3\
\x01\0\0\x0f\x11\0\0\x09\xf4\x05\0\x80\0\0\0\xb3\x01\0\0\x33\x11\0\0\x18\xf8\
\x05\0\x88\0\0\0\xb3\x01\0\0\x33\x11\0\0\x11\xf8\x05\0\x98\0\0\0\xb3\x01\0\0\
\x33\x11\0\0\x0b\xf8\x05\0\xa0\0\0\0\xb3\x01\0\0\x6c\x11\0\0\x16\0\x06\0\xa8\0\
\0\0\xb3\x01\0\0\x6c\x11\0\0\x11\0\x06\0\xb8\0\0\0\xb3\x01\0\0\x41\x16\0\0\x20\
\xfc\x05\0\xc0\0\0\0\xb3\x01\0\0\xb7\x11\0\0\x24\x04\x06\0\xc8\0\0\0\xb3\x01\0\
\0\x41\x16\0\0\x20\xfc\x05\0\xd8\0\0\0\xb3\x01\0\0\x33\x11\0\0\x18\xf8\x05\0\
\xf0\0\0\0\xb3\x01\0\0\x62\x16\0\0\x05\x0c\x06\0\x10\x01\0\0\xb3\x01\0\0\x89\
\x03\0\0\x01\x14\x06\0\xb4\x16\0\0\x32\0\0\0\0\0\0\0\xb3\x01\0\0\xd9\x16\0\0\0\
\x20\x06\0\x10\0\0\0\xb3\x01\0\0\x68\x10\0\0\x0b\x2c\x01\0\x20\0\0\0\xb3\x01\0\
\0\0\0\0\0\0\0\0\0\x28\0\0\0\xb3\x01\0\0\x7b\x10\0\0\x15\x30\x01\0\x48\0\0\0\
\xb3\x01\0\0\xbb\x10\0\0\x11\x34\x01\0\x50\0\0\0\xb3\x01\0\0\xbb\x10\0\0\x14\
\x34\x01\0\x58\0\0\0\xb3\x01\0\0\xbb\x10\0\0\x09\x34\x01\0\x60\0\0\0\xb3\x01\0\
\0\x89\x03\0\0\x01\x64\x06\0\x70\0\0\0\xb3\x01\0\0\xdc\x10\0\0\x0c\x3c\x01\0\
\x78\0\0\0\xb3\x01\0\0\xdc\x10\0\0\x2b\x3c\x01\0\x80\0\0\0\xb3\x01\0\0\x0f\x11\
\0\0\x09\x28\x06\0\x88\0\0\0\xb3\x01\0\0\x33\x11\0\0\x18\x2c\x06\0\x90\0\0\0\
\xb3\x01\0\0\x33\x11\0\0\x11\x2c\x06\0\xa0\0\0\0\xb3\x01\0\0\x33\x11\0\0\x0b\
\x2c\x06\0\xb0\0\0\0\xb3\x01\0\0\x33\x11\0\0\x18\x2c\x06\0\xb8\0\0\0\xb3\x01\0\
\0\x15\x17\0\0\x1e\x30\x06\0\xd8\0\0\0\xb3\x01\0\0\x06\x13\0\0\x09\x34\x06\0\
\xe8\0\0\0\xb3\x01\0\0\x5e\x17\0\0\x05\x38\x06\0\x08\x01\0\0\xb3\x01\0\0\x8e\
\x17\0\0\x0e\x40\x06\0\x18\x01\0\0\xb3\x01\0\0\x8e\x17\0\0\x09\x40\x06\0\x28\
\x01\0\0\xb3\x01\0\0\x12\x02\0\0\x17\xe8\0\0\x58\x01\0\0\xb3\x01\0\0\x55\x02\0\
\0\x09\xec\0\0\x60\x01\0\0\xb3\x01\0\0\x86\x13\0\0\x05\xf4\0\0\xf0\x03\0\0\xb3\
\x01\0\0\x61\x02\0\0\x0d\xf8\0\0\xf8\x03\0\0\xb3\x01\0\0\x75\x02\0\0\x0f\xfc\0\
\0\0\x04\0\0\xb3\x01\0\0\x75\x02\0\0\x0d\xfc\0\0\x08\x04\0\0\xb3\x01\0\0\x97\
\x02\0\0\x10\0\x01\0\x10\x04\0\0\xb3\x01\0\0\xc2\x02\0\0\x0d\x08\x01\0\x38\x04\
\0\0\xb3\x01\0\0\xdb\x02\0\0\x0f\x0c\x01\0\x48\x04\0\0\xb3\x01\0\0\x44\x03\0\0\
\x05\x10\x01\0\x50\x04\0\0\xb3\x01\0\0\xdb\x02\0\0\x0d\x0c\x01\0\x58\x04\0\0\
\xb3\x01\0\0\xc4\x17\0\0\x0c\x50\x06\0\x60\x04\0\0\xb3\x01\0\0\xc4\x17\0\0\x09\
\x50\x06\0\x68\x04\0\0\xb3\x01\0\0\xd0\x13\0\0\x0b\x58\x01\0\x90\x04\0\0\xb3\
\x01\0\0\0\0\0\0\0\0\0\0\x98\x04\0\0\xb3\x01\0\0\x42\x14\0\0\x05\x5c\x01\0\xa8\
\x04\0\0\xb3\x01\0\0\x84\x14\0\0\x09\x60\x01\0\xb0\x04\0\0\xb3\x01\0\0\x84\x14\
\0\0\x09\x60\x01\0\xb8\x04\0\0\xb3\x01\0\0\xa7\x14\0\0\x0b\x6c\x01\0\xc8\x04\0\
\0\xb3\x01\0\0\xb6\x14\0\0\x18\x70\x01\0\xe0\x04\0\0\xb3\x01\0\0\xa7\x14\0\0\
\x0b\x6c\x01\0\xe8\x04\0\0\xb3\x01\0\0\xd7\x14\0\0\x05\x74\x01\0\x08\x05\0\0\
\xb3\x01\0\0\x53\x15\0\0\x21\x78\x01\0\x10\x05\0\0\xb3\x01\0\0\x53\x15\0\0\x12\
\x78\x01\0\x18\x05\0\0\xb3\x01\0\0\x7f\x15\0\0\x2a\x7c\x01\0\x20\x05\0\0\xb3\
\x01\0\0\x7f\x15\0\0\x14\x7c\x01\0\x28\x05\0\0\xb3\x01\0\0\x7f\x15\0\0\x12\x7c\
\x01\0\x30\x05\0\0\xb3\x01\0\0\xd5\x17\0\0\x13\x58\x06\0\x38\x05\0\0\xb3\x01\0\
\0\xd5\x17\0\0\x0c\x58\x06\0\x40\x05\0\0\xb3\x01\0\0\x6b\x03\0\0\x05\x5c\x06\0\
\x22\x18\0\0\x1a\0\0\0\0\0\0\0\xb3\x01\0\0\x46\x18\0\0\0\x78\x06\0\x10\0\0\0\
\xb3\x01\0\0\x68\x10\0\0\x0b\x2c\x01\0\x20\0\0\0\xb3\x01\0\0\0\0\0\0\0\0\0\0\
\x28\0\0\0\xb3\x01\0\0\x7b\x10\0\0\x15\x30\x01\0\x48\0\0\0\xb3\x01\0\0\xbb\x10\
\0\0\x11\x34\x01\0\x50\0\0\0\xb3\x01\0\0\xbb\x10\0\0\x14\x34\x01\0\x58\0\0\0\
\xb3\x01\0\0\xbb\x10\0\0\x09\x34\x01\0\x60\0\0\0\xb3\x01\0\0\x89\x03\0\0\x01\
\xa4\x06\0\x70\0\0\0\xb3\x01\0\0\xdc\x10\0\0\x0c\x3c\x01\0\x78\0\0\0\xb3\x01\0\
\0\xdc\x10\0\0\x2b\x3c\x01\0\x80\0\0\0\xb3\x01\0\0\x0f\x11\0\0\x09\x80\x06\0\
\x88\0\0\0\xb3\x01\0\0\x89\x18\0\0\x1b\x84\x06\0\x90\0\0\0\xb3\x01\0\0\xb1\x18\
\0\0\x09\x88\x06\0\xa0\0\0\0\xb3\x01\0\0\x12\x02\0\0\x17\xe8\0\0\xc8\0\0\0\xb3\
\x01\0\0\x55\x02\0\0\x09\xec\0\0\xd0\0\0\0\xb3\x01\0\0\x86\x13\0\0\x05\xf4\0\0\
\x60\x03\0\0\xb3\x01\0\0\x61\x02\0\0\x0d\xf8\0\0\x70\x03\0\0\xb3\x01\0\0\x75\
\x02\0\0\x0f\xfc\0\0\x78\x03\0\0\xb3\x01\0\0\x75\x02\0\0\x0d\xfc\0\0\x80\x03\0\
\0\xb3\x01\0\0\x97\x02\0\0\x10\0\x01\0\x88\x03\0\0\xb3\x01\0\0\xc2\x02\0\0\x0d\
\x08\x01\0\xb0\x03\0\0\xb3\x01\0\0\xdb\x02\0\0\x0f\x0c\x01\0\xb8\x03\0\0\xb3\
\x01\0\0\xcf\x18\0\0\x0e\x98\x06\0\xc8\x03\0\0\xb3\x01\0\0\x44\x03\0\0\x05\x10\
\x01\0\xd0\x03\0\0\xb3\x01\0\0\xdb\x02\0\0\x0d\x0c\x01\0\xd8\x03\0\0\xb3\x01\0\
\0\x6b\x03\0\0\x05\x9c\x06\0\xf5\x18\0\0\x1d\0\0\0\0\0\0\0\xb3\x01\0\0\x17\x19\
\0\0\0\xb8\x06\0\x10\0\0\0\xb3\x01\0\0\x68\x10\0\0\x0b\x2c\x01\0\x20\0\0\0\xb3\
\x01\0\0\0\0\0\0\0\0\0\0\x28\0\0\0\xb3\x01\0\0\x7b\x10\0\0\x15\x30\x01\0\x48\0\
\0\0\xb3\x01\0\0\xbb\x10\0\0\x11\x34\x01\0\x50\0\0\0\xb3\x01\0\0\xbb\x10\0\0\
\x14\x34\x01\0\x58\0\0\0\xb3\x01\0\0\xbb\x10\0\0\x09\x34\x01\0\x60\0\0\0\xb3\
\x01\0\0\x89\x03\0\0\x01\xe4\x06\0\x70\0\0\0\xb3\x01\0\0\xdc\x10\0\0\x0c\x3c\
\x01\0\x78\0\0\0\xb3\x01\0\0\xdc\x10\0\0\x2b\x3c\x01\0\x80\0\0\0\xb3\x01\0\0\
\x0f\x11\0\0\x09\xc0\x06\0\x88\0\0\0\xb3\x01\0\0\x51\x19\0\0\x0e\xc4\x06\0\x98\
\0\0\0\xb3\x01\0\0\x51\x19\0\0\x09\xc4\x06\0\xa8\0\0\0\xb3\x01\0\0\x12\x02\0\0\
\x17\xe8\0\0\xd0\0\0\0\xb3\x01\0\0\x55\x02\0\0\x09\xec\0\0\xd8\0\0\0\xb3\x01\0\
\0\x86\x13\0\0\x05\xf4\0\0\x68\x03\0\0\xb3\x01\0\0\x61\x02\0\0\x0d\xf8\0\0\x78\
\x03\0\0\xb3\x01\0\0\x75\x02\0\0\x0f\xfc\0\0\x80\x03\0\0\xb3\x01\0\0\x75\x02\0\
\0\x0d\xfc\0\0\x88\x03\0\0\xb3\x01\0\0\x97\x02\0\0\x10\0\x01\0\x90\x03\0\0\xb3\
\x01\0\0\xc2\x02\0\0\x0d\x08\x01\0\xb8\x03\0\0\xb3\x01\0\0\xdb\x02\0\0\x0f\x0c\
\x01\0\xc8\x03\0\0\xb3\x01\0\0\x44\x03\0\0\x05\x10\x01\0\xd0\x03\0\0\xb3\x01\0\
\0\xdb\x02\0\0\x0d\x0c\x01\0\xd8\x03\0\0\xb3\x01\0\0\x72\x19\0\0\x1c\xd4\x06\0\
\xe0\x03\0\0\xb3\x01\0\0\x72\x19\0\0\x0e\xd4\x06\0\xe8\x03\0\0\xb3\x01\0\0\x92\
\x19\0\0\x15\xd8\x06\0\xf0\x03\0\0\xb3\x01\0\0\x92\x19\0\0\x0e\xd8\x06\0\xf8\
\x03\0\0\xb3\x01\0\0\x6b\x03\0\0\x05\xdc\x06\0\x10\0\0\0\x03\x10\0\0\x02\0\0\0\
\xa0\0\0\0\x58\0\0\0\x66\x11\0\0\0\0\0\0\xc0\0\0\0\x58\0\0\0\xb1\x11\0\0\0\0\0\
\0\x59\x12\0\0\x06\0\0\0\x08\x01\0\0\x62\0\0\0\x4d\x13\0\0\0\0\0\0\x18\x01\0\0\
\x62\0\0\0\x4d\x13\0\0\0\0\0\0\x70\x04\0\0\x65\0\0\0\x3e\x14\0\0\0\0\0\0\x10\
\x05\0\0\x6c\0\0\0\x66\x11\0\0\0\0\0\0\x20\x05\0\0\x6c\0\0\0\x7b\x15\0\0\0\0\0\
\0\x38\x05\0\0\x62\0\0\0\x4d\x13\0\0\0\0\0\0\xdd\x15\0\0\x02\0\0\0\xa0\0\0\0\
\x58\0\0\0\x66\x11\0\0\0\0\0\0\xc0\0\0\0\x58\0\0\0\xb1\x11\0\0\0\0\0\0\xb4\x16\
\0\0\x05\0\0\0\x08\x01\0\0\x62\0\0\0\x4d\x13\0\0\0\0\0\0\x70\x04\0\0\x65\0\0\0\
\x3e\x14\0\0\0\0\0\0\x08\x05\0\0\x6c\0\0\0\x66\x11\0\0\0\0\0\0\x18\x05\0\0\x6c\
\0\0\0\x7b\x15\0\0\0\0\0\0\x30\x05\0\0\x62\0\0\0\x4d\x13\0\0\0\0\0\0\x22\x18\0\
\0\x01\0\0\0\x88\0\0\0\x58\0\0\0\x83\x18\0\0\0\0\0\0\xf5\x18\0\0\x03\0\0\0\x88\
\0\0\0\x62\0\0\0\x4d\x13\0\0\0\0\0\0\xd8\x03\0\0\x62\0\0\0\x4d\x13\0\0\0\0\0\0\
\xe8\x03\0\0\x62\0\0\0\x4d\x13\0\0\0\0\0\0\0\0\0\0\x0c\0\0\0\xff\xff\xff\xff\
\x04\0\x08\0\x08\x7c\x0b\0\x14\0\0\0\0\0\0\0\0\0\0\0\0\0\0\0\x98\x04\0\0\0\0\0\
\0\x14\0\0\0\0\0\0\0\0\0\0\0\0\0\0\0\xb0\x04\0\0\0\0\0\0\x14\0\0\0\0\0\0\0\0\0\
\0\0\0\0\0\0\xe8\x04\0\0\0\0\0\0\x14\0\0\0\0\0\0\0\0\0\0\0\0\0\0\0\xf8\x03\0\0\
\0\0\0\0\x14\0\0\0\0\0\0\0\0\0\0\0\0\0\0\0\x18\x04\0\0\0\0\0\0\x14\0\0\0\0\0\0\
\0\0\0\0\0\0\0\0\0\0\x04\0\0\0\0\0\0\x14\0\0\0\0\0\0\0\0\0\0\0\0\0\0\0\x18\x04\
\0\0\0\0\0\0\x14\0\0\0\0\0\0\0\0\0\0\0\0\0\0\0\xd0\x04\0\0\0\0\0\0\x14\0\0\0\0\
\0\0\0\0\0\0\0\0\0\0\0\x50\x04\0\0\0\0\0\0\x14\0\0\0\0\0\0\0\0\0\0\0\0\0\0\0\
\x98\x04\0\0\0\0\0\0\x14\0\0\0\0\0\0\0\0\0\0\0\0\0\0\0\x48\x04\0\0\0\0\0\0\x14\
\0\0\0\0\0\0\0\0\0\0\0\0\0\0\0\x68\x04\0\0\0\0\0\0\x14\0\0\0\0\0\0\0\0\0\0\0\0\
\0\0\0\xb8\x04\0\0\0\0\0\0\x14\0\0\0\0\0\0\0\0\0\0\0\0\0\0\0\xc0\x04\0\0\0\0\0\
\0\x14\0\0\0\0\0\0\0\0\0\0\0\0\0\0\0\xb8\x04\0\0\0\0\0\0\x14\0\0\0\0\0\0\0\0\0\
\0\0\0\0\0\0\x70\x04\0\0\0\0\0\0\x14\0\0\0\0\0\0\0\0\0\0\0\0\0\0\0\x88\x04\0\0\
\0\0\0\0\x14\0\0\0\0\0\0\0\0\0\0\0\0\0\0\0\xa0\x04\0\0\0\0\0\0\x14\0\0\0\0\0\0\
\0\0\0\0\0\0\0\0\0\xb8\x04\0\0\0\0\0\0\x14\0\0\0\0\0\0\0\0\0\0\0\0\0\0\0\x28\
\x04\0\0\0\0\0\0\x14\0\0\0\0\0\0\0\0\0\0\0\0\0\0\0\x80\x04\0\0\0\0\0\0\x14\0\0\
\0\0\0\0\0\0\0\0\0\0\0\0\0\x28\x04\0\0\0\0\0\0\x14\0\0\0\0\0\0\0\0\0\0\0\0\0\0\
\0\x20\x01\0\0\0\0\0\0\x14\0\0\0\0\0\0\0\0\0\0\0\0\0\0\0\x68\x05\0\0\0\0\0\0\
\x14\0\0\0\0\0\0\0\0\0\0\0\0\0\0\0\x20\x01\0\0\0\0\0\0\x14\0\0\0\0\0\0\0\0\0\0\
\0\0\0\0\0\x60\x05\0\0\0\0\0\0\x14\0\0\0\0\0\0\0\0\0\0\0\0\0\0\0\xf8\x03\0\0\0\
\0\0\0\x14\0\0\0\0\0\0\0\0\0\0\0\0\0\0\0\x18\x04\0\0\0\0\0\0\xca\x0b\0\0\x05\0\
\x08\0\x7e\0\0\0\x08\x01\x01\xfb\x0e\x0d\0\x01\x01\x01\x01\0\0\0\x01\0\0\x01\
\x01\x01\x1f\x03\0\0\0\0\x25\0\0\0\x2a\0\0\0\x03\x01\x1f\x02\x0f\x05\x1e\x04\
\x3b\0\0\0\0\xac\x26\x96\x05\x82\xc9\x0e\x3d\x0c\x52\xef\xf3\xfc\xb0\x7d\x61\
\x4c\0\0\0\x01\xe0\x59\x95\xdc\x51\xba\x40\x4c\x92\x2d\x62\x03\xcf\x13\x1e\x5b\
\x56\0\0\0\x02\x09\xcf\xcd\x71\x69\xc2\x4b\xec\x44\x8f\x30\x58\x2e\x8c\x6d\xb9\
\x68\0\0\0\x01\xc1\xc5\x7d\xa1\x38\xfa\x78\x3a\x04\x1d\xf1\xb8\xc4\x37\xc4\x9b\
\x04\0\0\x09\x02\0\0\0\0\0\0\0\0\x03\xeb\0\x01\x05\x17\x0a\x03\x4e\x20\x05\x09\
\x59\x05\x0d\x23\x05\x0f\x02\x52\x13\x05\x0d\x06\x20\x05\x10\x06\x21\x05\x0d\
\x22\x05\x0f\x59\x06\x03\xbd\x7f\x20\x05\x05\x06\x03\xef\0\x20\x03\x55\x02\x29\
\x01\x05\x0d\x1f\x05\x05\x03\x2d\x20\x05\x01\x3e\x02\x02\0\x01\x01\x04\0\0\x09\
\x02\0\0\0\0\0\0\0\0\x03\xf5\0\x01\x05\x17\x0a\x03\x44\x20\x05\x09\x59\x05\x0d\
\x23\x05\x0f\x02\x52\x13\x05\x0d\x06\x20\x05\x10\x06\x21\x05\x0d\x22\x05\x0f\
\x59\x06\x03\xbd\x7f\x20\x05\x05\x06\x03\xf9\0\x20\x03\x4b\x02\x2c\x01\x05\x0d\
\x1f\x05\x05\x03\x37\x20\x05\x01\x3e\x02\x02\0\x01\x01\x04\0\0\x09\x02\0\0\0\0\
\0\0\0\0\x03\xff\0\x01\x05\x17\x0a\x03\xba\x7f\x20\x05\x09\x59\x05\x0d\x23\x05\
\x0f\x02\x52\x13\x05\x0d\x06\x20\x05\x10\x06\x21\x05\x0d\x22\x05\x0f\x59\x06\
\x03\xbd\x7f\x20\x05\x05\x06\x03\x83\x01\x20\x03\x41\x02\x33\x01\x05\x0d\x1f\
\x05\x05\x03\xc1\0\x20\x05\x01\x3e\x02\x02\0\x01\x01\x04\0\0\x09\x02\0\0\0\0\0\
\0\0\0\x03\x8b\x01\x01\x05\x17\x0a\x03\xae\x7f\x20\x05\x09\x59\x05\x0d\x23\x05\
\x0f\x02\x52\x13\x05\x0d\x06\x20\x05\x10\x06\x21\x05\x0d\x22\x05\x0f\x59\x06\
\x03\xbd\x7f\x20\x05\x05\x06\x03\x8f\x01\x20\x03\xb5\x7f\x08\x20\x05\x0d\x1f\
\x05\x05\x03\xcc\0\x2e\x2f\x05\x01\x3e\x02\x02\0\x01\x01\x04\0\0\x09\x02\0\0\0\
\0\0\0\0\0\x03\x95\x01\x01\x05\x17\x0a\x03\xa4\x7f\x20\x05\x09\x59\x05\x0d\x23\
\x05\x0f\x02\x52\x13\x05\x0d\x06\x20\x05\x10\x06\x21\x05\x0d\x22\x05\x0f\x59\
\x06\x03\xbd\x7f\x20\x05\x05\x06\x03\x99\x01\x20\x03\xab\x7f\x08\x82\x05\x0d\
\x1f\x05\x05\x03\xd7\0\x20\x05\x01\x3e\x02\x02\0\x01\x01\x04\0\0\x09\x02\0\0\0\
\0\0\0\0\0\x03\x9f\x01\x01\x05\x17\x0a\x03\x9a\x7f\x20\x05\x09\x59\x05\x0d\x23\
\x05\x0f\x02\x52\x13\x05\x0d\x06\x20\x05\x10\x06\x21\x05\x0d\x22\x05\x0f\x59\
\x06\x03\xbd\x7f\x20\x05\x05\x06\x03\xa3\x01\x20\x03\xa1\x7f\x08\x58\x05\x0d\
\x1f\x05\x05\x03\xe1\0\x20\x05\x01\x3e\x02\x02\0\x01\x01\x04\0\0\x09\x02\0\0\0\
\0\0\0\0\0\x03\xa9\x01\x01\x05\x17\x0a\x03\x90\x7f\x20\x05\x09\x59\x05\x0d\x23\
\x05\x0f\x02\x52\x13\x05\x0d\x06\x20\x05\x10\x06\x21\x05\x0d\x22\x05\x0f\x59\
\x06\x03\xbd\x7f\x20\x05\x05\x06\x03\xad\x01\x20\x03\x97\x7f\x08\x58\x05\x0d\
\x1f\x05\x05\x03\xea\0\x2e\x2f\x05\x01\x3e\x02\x02\0\x01\x01\x04\0\0\x09\x02\0\
\0\0\0\0\0\0\0\x03\xb3\x01\x01\x05\x17\x0a\x03\x86\x7f\x20\x05\x09\x59\x05\x0d\
\x23\x05\x0f\x02\x52\x13\x05\x0d\x06\x20\x05\x10\x06\x21\x05\x0d\x22\x05\x0f\
\x59\x06\x03\xbd\x7f\x20\x05\x05\x06\x03\xb7\x01\x20\x03\x8d\x7f\x02\x2d\x01\
\x05\x0d\x1f\x05\x05\x03\xf4\0\x2e\x2f\x05\x01\x3e\x02\x02\0\x01\x01\x04\0\0\
\x09\x02\0\0\0\0\0\0\0\0\x03\xbf\x01\x01\x05\x17\x0a\x03\xfa\x7e\x20\x05\x09\
\x59\x05\x0d\x23\x05\x0f\x02\x52\x13\x05\x0d\x06\x20\x05\x10\x06\x21\x05\x0d\
\x22\x05\x0f\x59\x06\x03\xbd\x7f\x20\x05\x05\x06\x03\xc3\x01\x20\x03\x81\x7f\
\x08\xe4\x05\x0d\x1f\x05\x05\x03\x81\x01\x20\x05\x01\x3e\x02\x02\0\x01\x01\x04\
\0\0\x09\x02\0\0\0\0\0\0\0\0\x03\xc9\x01\x01\x05\x17\x0a\x03\xf0\x7e\x20\x05\
\x09\x59\x05\x0d\x23\x05\x0f\x02\x52\x13\x05\x0d\x06\x20\x05\x10\x06\x21\x05\
\x0d\x22\x05\x0f\x59\x06\x03\xbd\x7f\x20\x05\x05\x06\x03\xcd\x01\x20\x03\xf7\
\x7e\x02\x29\x01\x05\x0d\x1f\x05\x05\x03\x8b\x01\x20\x05\x01\x3e\x02\x02\0\x01\
\x01\x04\0\0\x09\x02\0\0\0\0\0\0\0\0\x03\xd3\x01\x01\x05\x17\x0a\x03\xe6\x7e\
\x20\x05\x09\x59\x05\x0d\x23\x05\x0f\x02\x52\x13\x05\x0d\x06\x20\x05\x10\x06\
\x21\x05\x0d\x22\x05\x0f\x59\x06\x03\xbd\x7f\x20\x05\x05\x06\x03\xd7\x01\x20\
\x03\xed\x7e\x08\xba\x05\x0d\x1f\x05\x05\x03\x94\x01\x2e\x21\x05\x01\x3e\x02\
\x02\0\x01\x01\x04\0\0\x09\x02\0\0\0\0\0\0\0\0\x03\xdd\x01\x01\x05\x17\x0a\x03\
\xdc\x7e\x20\x05\x09\x59\x05\x0d\x23\x05\x0f\x02\x52\x13\x05\x0d\x06\x20\x05\
\x10\x06\x21\x05\x0d\x22\x05\x0f\x59\x06\x03\xbd\x7f\x20\x05\x05\x06\x03\xe1\
\x01\x20\x03\xe3\x7e\x02\x23\x01\x05\x0d\x1f\x05\x05\x03\x9f\x01\x20\x05\x01\
\x3e\x02\x02\0\x01\x01\x04\0\0\x09\x02\0\0\0\0\0\0\0\0\x03\xe9\x01\x01\x05\x17\
\x0a\x03\xd0\x7e\x20\x05\x09\x59\x05\x0d\x23\x05\x0f\x02\x52\x13\x05\x0d\x06\
\x20\x05\x10\x06\x21\x05\x0d\x22\x05\x0f\x59\x06\x03\xbd\x7f\x20\x05\x05\x06\
\x03\xed\x01\x20\x03\xd7\x7e\x02\x2d\x01\x05\x0d\x1f\x05\x05\x03\xab\x01\x20\
\x05\x01\x3e\x02\x02\0\x01\x01\x04\0\0\x09\x02\0\0\0\0\0\0\0\0\x03\xf3\x01\x01\
\x05\x17\x0a\x03\xc6\x7e\x20\x05\x09\x59\x05\x0d\x23\x05\x0f\x02\x52\x13\x05\
\x0d\x06\x20\x05\x10\x06\x21\x05\x0d\x22\x05\x0f\x59\x06\x03\xbd\x7f\x20\x05\
\x05\x06\x03\xf7\x01\x20\x03\xcd\x7e\x02\x2e\x01\x05\x0d\x1f\x05\x05\x03\xb5\
\x01\x20\x05\x01\x3e\x02\x02\0\x01\x01\x04\0\0\x09\x02\0\0\0\0\0\0\0\0\x03\xfd\
\x01\x01\x05\x17\x0a\x03\xbc\x7e\x20\x05\x09\x59\x05\x0d\x23\x05\x0f\x02\x52\
\x13\x05\x0d\x06\x20\x05\x10\x06\x21\x05\x0d\x22\x05\x0f\x59\x06\x03\xbd\x7f\
\x20\x05\x05\x06\x03\x81\x02\x20\x03\xc3\x7e\x02\x2d\x01\x05\x0d\x1f\x05\x05\
\x03\xbf\x01\x20\x05\x01\x3e\x02\x02\0\x01\x01\x04\0\0\x09\x02\0\0\0\0\0\0\0\0\
\x03\x89\x02\x01\x05\x17\x0a\x03\xb0\x7e\x20\x05\x09\x59\x05\x0d\x23\x05\x0f\
\x02\x52\x13\x05\x0d\x06\x20\x05\x10\x06\x21\x05\x0d\x22\x05\x0f\x59\x06\x03\
\xbd\x7f\x20\x05\x05\x06\x03\x8d\x02\x20\x03\xb7\x7e\x02\x24\x01\x05\x0d\x1f\
\x05\x05\x03\xcb\x01\x20\x05\x01\x3e\x02\x02\0\x01\x01\x04\0\0\x09\x02\0\0\0\0\
\0\0\0\0\x03\x93\x02\x01\x05\x17\x0a\x03\xa6\x7e\x20\x05\x09\x59\x05\x0d\x23\
\x05\x0f\x02\x52\x13\x05\x0d\x06\x20\x05\x10\x06\x21\x05\x0d\x22\x05\x0f\x59\
\x06\x03\xbd\x7f\x20\x05\x05\x06\x03\x97\x02\x20\x03\xad\x7e\x02\x23\x01\x05\
\x0d\x1f\x05\x05\x03\xd4\x01\x2e\x3d\x05\x01\x3e\x02\x02\0\x01\x01\x04\0\0\x09\
\x02\0\0\0\0\0\0\0\0\x03\x9d\x02\x01\x05\x17\x0a\x03\x9c\x7e\x20\x05\x09\x59\
\x05\x0d\x23\x05\x0f\x02\x52\x13\x05\x0d\x06\x20\x05\x10\x06\x21\x05\x0d\x22\
\x05\x0f\x59\x06\x03\xbd\x7f\x20\x05\x05\x06\x03\xa1\x02\x20\x03\xa3\x7e\x02\
\x26\x01\x05\x0d\x1f\x05\x05\x03\xde\x01\x2e\x3d\x05\x01\x3e\x02\x02\0\x01\x01\
\x04\0\0\x09\x02\0\0\0\0\0\0\0\0\x03\xa7\x02\x01\x05\x17\x0a\x03\x92\x7e\x20\
\x05\x09\x59\x05\x0d\x23\x05\x0f\x02\x52\x13\x05\x0d\x06\x20\x05\x10\x06\x21\
\x05\x0d\x22\x05\x0f\x59\x06\x03\xbd\x7f\x20\x05\x05\x06\x03\xab\x02\x20\x03\
\x99\x7e\x02\x2d\x01\x05\x0d\x1f\x05\x05\x03\xe9\x01\x20\x05\x01\x3e\x02\x02\0\
\x01\x01\x04\0\0\x09\x02\0\0\0\0\0\0\0\0\x03\xb3\x02\x01\x05\x17\x0a\x03\x86\
\x7e\x20\x05\x09\x59\x05\x0d\x23\x05\x0f\x02\x52\x13\x05\x0d\x06\x20\x05\x10\
\x06\x21\x05\x0d\x22\x05\x0f\x59\x06\x03\xbd\x7f\x20\x05\x05\x06\x03\xb7\x02\
\x20\x03\x8d\x7e\x08\x66\x05\x0d\x1f\x05\x05\x03\xf4\x01\x2e\x3d\x05\x01\x3e\
\x02\x02\0\x01\x01\x04\0\0\x09\x02\0\0\0\0\0\0\0\0\x03\xbd\x02\x01\x05\x17\x0a\
\x03\xfc\x7d\x20\x05\x09\x59\x05\x0d\x23\x05\x0f\x02\x52\x13\x05\x0d\x06\x20\
\x05\x10\x06\x21\x05\x0d\x22\x05\x0f\x59\x06\x03\xbd\x7f\x20\x05\x05\x06\x03\
\xc1\x02\x20\x03\x83\x7e\x02\x26\x01\x05\x0d\x1f\x05\x05\x03\xff\x01\x20\x05\
\x01\x3e\x02\x02\0\x01\x01\x04\0\0\x09\x02\0\0\0\0\0\0\0\0\x03\xc7\x02\x01\x05\
\x17\x0a\x03\xf2\x7d\x20\x05\x09\x59\x05\x0d\x23\x05\x0f\x02\x52\x13\x05\x0d\
\x06\x20\x05\x10\x06\x21\x05\x0d\x22\x05\x0f\x59\x06\x03\xbd\x7f\x20\x05\x05\
\x06\x03\xcb\x02\x20\x03\xf9\x7d\x08\x74\x05\x0d\x1f\x05\x05\x03\x88\x02\x2e\
\x2f\x05\x01\x3e\x02\x02\0\x01\x01\x04\0\0\x09\x02\0\0\0\0\0\0\0\0\x03\xd8\x02\
\x01\x05\x0b\x0a\x03\xf2\x7d\x2e\x05\0\x06\x03\xb5\x7f\x2e\x05\x15\x06\x03\xcc\
\0\x20\x05\x11\x4b\x05\x14\x06\x20\x05\x09\x20\x03\xb3\x7f\x20\x05\x0c\x06\x03\
\xcf\0\x20\x05\x2b\x06\x20\x05\x09\x06\x03\x8b\x02\x20\x05\x18\x21\x05\x11\x06\
\x20\x05\x0b\x2e\x05\x16\x06\x22\x05\x11\x06\x20\x05\x21\x06\x2d\x05\x24\x22\
\x05\x21\x1e\x05\x18\x2d\x05\x05\x41\x05\x01\x4c\x02\x02\0\x01\x01\x04\0\0\x09\
\x02\0\0\0\0\0\0\0\0\x03\xe5\x02\x01\x05\x0b\x0a\x03\xe5\x7d\x2e\x05\0\x06\x03\
\xb5\x7f\x2e\x05\x15\x06\x03\xcc\0\x20\x05\x11\x4b\x05\x14\x06\x20\x05\x09\x20\
\x05\x01\x06\x03\xa9\x02\x20\x05\x0c\x03\xd9\x7d\x2e\x05\x2b\x06\x20\x05\x09\
\x06\x03\x98\x02\x20\x05\x18\x21\x05\x11\x06\x20\x05\x0b\x2e\x05\x18\x2e\x05\
\x1f\x06\x21\x05\x09\x4b\x06\x03\x96\x7d\x20\x05\x05\x06\x03\xeb\x02\x20\x05\
\x0e\x4d\x05\x17\x06\x20\x05\x1f\x20\x05\x09\x20\x03\x92\x7d\x20\x05\x17\x06\
\x03\x3a\x20\x05\x09\x67\x05\x05\x22\x05\x0d\x02\x52\x13\x05\x0f\x21\x05\x0d\
\x06\x20\x05\x10\x06\x21\x05\x0d\x22\x05\x0f\x59\x06\x03\xbd\x7f\x20\x05\x05\
\x06\x03\xc4\0\x20\x05\x0d\x1f\x05\x1c\x03\xaf\x02\x20\x05\x0b\x03\xe4\x7d\x20\
\x05\x05\x03\x67\x58\x03\x1a\x2e\x05\x09\x2f\x06\x20\x05\x0b\x06\x23\x05\x18\
\x2f\x05\x0b\x3b\x05\x05\x22\x05\x21\x4b\x05\x12\x06\x20\x05\x2a\x06\x21\x05\
\x14\x06\x20\x05\x12\x20\x05\x13\x06\x03\x94\x02\x20\x05\x0c\x06\x20\x05\x05\
\x06\x21\x06\x03\x8c\x7d\x3c\x02\x01\0\x01\x01\x04\0\0\x09\x02\0\0\0\0\0\0\0\0\
\x03\xfb\x02\x01\x05\x0b\x0a\x03\xcf\x7d\x2e\x05\0\x06\x03\xb5\x7f\x2e\x05\x15\
\x06\x03\xcc\0\x20\x05\x11\x4b\x05\x14\x06\x20\x05\x09\x20\x03\xb3\x7f\x20\x05\
\x0c\x06\x03\xcf\0\x20\x05\x2b\x06\x20\x05\x09\x06\x03\xae\x02\x20\x05\x18\x21\
\x05\x11\x06\x20\x05\x0b\x2e\x05\x16\x06\x22\x05\x11\x06\x20\x05\x20\x06\x2d\
\x05\x24\x22\x05\x20\x1e\x05\x18\x2d\x05\x05\x41\x05\x01\x4c\x02\x02\0\x01\x01\
\x04\0\0\x09\x02\0\0\0\0\0\0\0\0\x03\x88\x03\x01\x05\x0b\x0a\x03\xc2\x7d\x2e\
\x05\0\x06\x03\xb5\x7f\x2e\x05\x15\x06\x03\xcc\0\x20\x05\x11\x4b\x05\x14\x06\
\x20\x05\x09\x20\x05\x01\x06\x03\xcc\x02\x20\x05\x0c\x03\xb6\x7d\x2e\x05\x2b\
\x06\x20\x05\x09\x06\x03\xbb\x02\x20\x05\x18\x21\x05\x11\x06\x20\x05\x0b\x2e\
\x05\x18\x2e\x05\x1e\x06\x21\x05\x09\x4b\x06\x03\xf3\x7c\x20\x05\x05\x06\x03\
\x8e\x03\x20\x05\x0e\x4c\x05\x09\x06\x2e\x03\xf0\x7c\x20\x05\x17\x06\x03\x3a\
\x20\x05\x09\x67\x05\x05\x22\x05\x0d\x02\x52\x13\x05\x0f\x21\x05\x0d\x06\x20\
\x05\x10\x06\x21\x05\x0d\x22\x05\x0f\x59\x06\x03\xbd\x7f\x20\x05\x05\x06\x03\
\xc4\0\x20\x05\x0d\x1f\x05\x0c\x03\xd1\x02\x20\x05\x09\x06\x20\x05\x0b\x06\x03\
\xc2\x7d\x20\x05\0\x06\x03\xaa\x7f\x58\x05\x05\x06\x03\xd7\0\x20\x05\x09\x2f\
\x06\x20\x05\x0b\x06\x23\x05\x18\x2f\x05\x0b\x3b\x05\x05\x22\x05\x21\x4b\x05\
\x12\x06\x20\x05\x2a\x06\x21\x05\x14\x06\x20\x05\x12\x20\x05\x13\x06\x03\xb7\
\x02\x20\x05\x0c\x06\x20\x05\x05\x06\x21\x06\x03\xe9\x7c\x3c\x02\x01\0\x01\x01\
\x04\0\0\x09\x02\0\0\0\0\0\0\0\0\x03\x9e\x03\x01\x05\x0b\x0a\x03\xac\x7d\x2e\
\x05\0\x06\x03\xb5\x7f\x2e\x05\x15\x06\x03\xcc\0\x20\x05\x11\x4b\x05\x14\x06\
\x20\x05\x09\x20\x05\x01\x06\x03\xdc\x02\x20\x05\x0c\x03\xa6\x7d\x2e\x05\x2b\
\x06\x20\x05\x09\x06\x03\xd1\x02\x20\x05\x1b\x21\x05\x09\x21\x06\x03\xde\x7c\
\x20\x05\x17\x06\x03\x3a\x20\x05\x09\x59\x05\x05\x22\x05\x0d\x02\x52\x13\x05\
\x0f\x2f\x05\x0d\x06\x20\x05\x10\x06\x21\x05\x0d\x22\x05\x0f\x59\x05\x0e\x03\
\xe3\x02\x20\x05\x05\x03\x9e\x7d\x2e\x05\x0d\x1f\x05\x05\x03\xe4\x02\x20\x06\
\x03\xd9\x7c\x3c\x02\x01\0\x01\x01\x04\0\0\x09\x02\0\0\0\0\0\0\0\0\x03\xae\x03\
\x01\x05\x0b\x0a\x03\x9c\x7d\x2e\x05\0\x06\x03\xb5\x7f\x2e\x05\x15\x06\x03\xcc\
\0\x20\x05\x11\x4b\x05\x14\x06\x20\x05\x09\x20\x05\x01\x06\x03\xec\x02\x20\x05\
\x0c\x03\x96\x7d\x2e\x05\x2b\x06\x20\x05\x09\x06\x03\xe1\x02\x20\x05\x0e\x21\
\x05\x09\x06\x2e\x03\xcf\x7c\x20\x05\x17\x06\x03\x3a\x20\x05\x09\x59\x05\x05\
\x22\x05\x0d\x02\x52\x13\x05\x0f\x2f\x05\x0d\x06\x20\x05\x10\x06\x21\x05\x0d\
\x22\x05\x0f\x59\x06\x03\xbd\x7f\x20\x05\x05\x06\x03\xc4\0\x20\x05\x0d\x1f\x05\
\x1c\x03\xf2\x02\x20\x05\x0e\x06\x20\x05\x15\x06\x21\x05\x0e\x06\x20\x05\x05\
\x06\x21\x06\x03\xc9\x7c\x3c\x02\x01\0\x01\x01\x2f\x68\x6f\x6d\x65\x2f\x74\x34\
\x37\x30\x2f\x44\x65\x73\x6b\x74\x6f\x70\x2f\x65\x62\x70\x66\x2d\x6e\x66\x74\
\x72\x61\x63\x65\x72\x2f\x61\x6d\x66\0\x2e\x2f\x2e\x2e\0\x2f\x75\x73\x72\x2f\
\x69\x6e\x63\x6c\x75\x64\x65\x2f\x62\x70\x66\0\x61\x6d\x66\x5f\x74\x72\x61\x63\
\x65\x72\x2e\x62\x70\x66\x2e\x63\0\x76\x6d\x6c\x69\x6e\x75\x78\x2e\x68\0\x62\
\x70\x66\x5f\x68\x65\x6c\x70\x65\x72\x5f\x64\x65\x66\x73\x2e\x68\0\x65\x76\x65\
\x6e\x74\x73\x2e\x68\0\0\0\0\0\0\0\0\0\0\0\0\0\0\0\0\0\0\0\0\0\0\0\0\0\0\xab\
\x03\0\0\x04\0\xf1\xff\0\0\0\0\0\0\0\0\0\0\0\0\0\0\0\0\0\0\0\0\x03\0\x03\0\0\0\
\0\0\0\0\0\0\0\0\0\0\0\0\0\0\x36\x06\0\0\0\0\x03\0\x88\x04\0\0\0\0\0\0\0\0\0\0\
\0\0\0\0\0\0\0\0\x03\0\x05\0\0\0\0\0\0\0\0\0\0\0\0\0\0\0\0\0\x1f\x06\0\0\0\0\
\x05\0\xa0\x04\0\0\0\0\0\0\0\0\0\0\0\0\0\0\0\0\0\0\x03\0\x07\0\0\0\0\0\0\0\0\0\
\0\0\0\0\0\0\0\0\x08\x06\0\0\0\0\x07\0\xd8\x04\0\0\0\0\0\0\0\0\0\0\0\0\0\0\0\0\
\0\0\x03\0\x09\0\0\0\0\0\0\0\0\0\0\0\0\0\0\0\0\0\xf1\x05\0\0\0\0\x09\0\xe8\x03\
\0\0\0\0\0\0\0\0\0\0\0\0\0\0\0\0\0\0\x03\0\x0b\0\0\0\0\0\0\0\0\0\0\0\0\0\0\0\0\
\0\xda\x05\0\0\0\0\x0b\0\x08\x04\0\0\0\0\0\0\0\0\0\0\0\0\0\0\0\0\0\0\x03\0\x0d\
\0\0\0\0\0\0\0\0\0\0\0\0\0\0\0\0\0\xc3\x05\0\0\0\0\x0d\0\xf0\x03\0\0\0\0\0\0\0\
\0\0\0\0\0\0\0\0\0\0\0\x03\0\x0f\0\0\0\0\0\0\0\0\0\0\0\0\0\0\0\0\0\xac\x05\0\0\
\0\0\x0f\0\x08\x04\0\0\0\0\0\0\0\0\0\0\0\0\0\0\0\0\0\0\x03\0\x11\0\0\0\0\0\0\0\
\0\0\0\0\0\0\0\0\0\0\x95\x05\0\0\0\0\x11\0\xc0\x04\0\0\0\0\0\0\0\0\0\0\0\0\0\0\
\0\0\0\0\x03\0\x13\0\0\0\0\0\0\0\0\0\0\0\0\0\0\0\0\0\x86\x05\0\0\0\0\x13\0\x40\
\x04\0\0\0\0\0\0\0\0\0\0\0\0\0\0\0\0\0\0\x03\0\x15\0\0\0\0\0\0\0\0\0\0\0\0\0\0\
\0\0\0\x77\x05\0\0\0\0\x15\0\x88\x04\0\0\0\0\0\0\0\0\0\0\0\0\0\0\0\0\0\0\x03\0\
\x17\0\0\0\0\0\0\0\0\0\0\0\0\0\0\0\0\0\x45\x06\0\0\0\0\x17\0\x38\x04\0\0\0\0\0\
\0\0\0\0\0\0\0\0\0\0\0\0\0\x03\0\x19\0\0\0\0\0\0\0\0\0\0\0\0\0\0\0\0\0\x2e\x06\
\0\0\0\0\x19\0\x58\x04\0\0\0\0\0\0\0\0\0\0\0\0\0\0\0\0\0\0\x03\0\x1b\0\0\0\0\0\
\0\0\0\0\0\0\0\0\0\0\0\0\x17\x06\0\0\0\0\x1b\0\xa8\x04\0\0\0\0\0\0\0\0\0\0\0\0\
\0\0\0\0\0\0\x03\0\x1d\0\0\0\0\0\0\0\0\0\0\0\0\0\0\0\0\0\0\x06\0\0\0\0\x1d\0\
\xb0\x04\0\0\0\0\0\0\0\0\0\0\0\0\0\0\0\0\0\0\x03\0\x1f\0\0\0\0\0\0\0\0\0\0\0\0\
\0\0\0\0\0\xe9\x05\0\0\0\0\x1f\0\xa8\x04\0\0\0\0\0\0\0\0\0\0\0\0\0\0\0\0\0\0\
\x03\0\x21\0\0\0\0\0\0\0\0\0\0\0\0\0\0\0\0\0\xd2\x05\0\0\0\0\x21\0\x60\x04\0\0\
\0\0\0\0\0\0\0\0\0\0\0\0\0\0\0\0\x03\0\x23\0\0\0\0\0\0\0\0\0\0\0\0\0\0\0\0\0\
\xbb\x05\0\0\0\0\x23\0\x78\x04\0\0\0\0\0\0\0\0\0\0\0\0\0\0\0\0\0\0\x03\0\x25\0\
\0\0\0\0\0\0\0\0\0\0\0\0\0\0\0\0\xa4\x05\0\0\0\0\x25\0\x90\x04\0\0\0\0\0\0\0\0\
\0\0\0\0\0\0\0\0\0\0\x03\0\x27\0\0\0\0\0\0\0\0\0\0\0\0\0\0\0\0\0\x8d\x05\0\0\0\
\0\x27\0\xa8\x04\0\0\0\0\0\0\0\0\0\0\0\0\0\0\0\0\0\0\x03\0\x29\0\0\0\0\0\0\0\0\
\0\0\0\0\0\0\0\0\0\x7e\x05\0\0\0\0\x29\0\x18\x04\0\0\0\0\0\0\0\0\0\0\0\0\0\0\0\
\0\0\0\x03\0\x2b\0\0\0\0\0\0\0\0\0\0\0\0\0\0\0\0\0\x3d\x06\0\0\0\0\x2b\0\x70\
\x04\0\0\0\0\0\0\0\0\0\0\0\0\0\0\0\0\0\0\x03\0\x2d\0\0\0\0\0\0\0\0\0\0\0\0\0\0\
\0\0\0\x26\x06\0\0\0\0\x2d\0\x18\x04\0\0\0\0\0\0\0\0\0\0\0\0\0\0\0\0\0\0\x03\0\
\x2f\0\0\0\0\0\0\0\0\0\0\0\0\0\0\0\0\0\x0f\x06\0\0\0\0\x2f\0\x60\0\0\0\0\0\0\0\
\0\0\0\0\0\0\0\0\x6f\x05\0\0\0\0\x2f\0\x68\0\0\0\0\0\0\0\0\0\0\0\0\0\0\0\xec\
\x04\0\0\0\0\x2f\0\x10\x01\0\0\0\0\0\0\0\0\0\0\0\0\0\0\0\0\0\0\x03\0\x31\0\0\0\
\0\0\0\0\0\0\0\0\0\0\0\0\0\0\xf8\x05\0\0\0\0\x31\0\x60\0\0\0\0\0\0\0\0\0\0\0\0\
\0\0\0\x67\x05\0\0\0\0\x31\0\x70\0\0\0\0\0\0\0\0\0\0\0\0\0\0\0\x56\x06\0\0\0\0\
\x31\0\x60\0\0\0\0\0\0\0\0\0\0\0\0\0\0\0\xdc\x04\0\0\0\0\x31\0\x28\x01\0\0\0\0\
\0\0\0\0\0\0\0\0\0\0\x77\x06\0\0\0\0\x31\0\x38\x05\0\0\0\0\0\0\0\0\0\0\0\0\0\0\
\0\0\0\0\x03\0\x33\0\0\0\0\0\0\0\0\0\0\0\0\0\0\0\0\0\xe1\x05\0\0\0\0\x33\0\x60\
\0\0\0\0\0\0\0\0\0\0\0\0\0\0\0\x5f\x05\0\0\0\0\x33\0\x68\0\0\0\0\0\0\0\0\0\0\0\
\0\0\0\0\xe4\x04\0\0\0\0\x33\0\x10\x01\0\0\0\0\0\0\0\0\0\0\0\0\0\0\0\0\0\0\x03\
\0\x35\0\0\0\0\0\0\0\0\0\0\0\0\0\0\0\0\0\xca\x05\0\0\0\0\x35\0\x60\0\0\0\0\0\0\
\0\0\0\0\0\0\0\0\0\x57\x05\0\0\0\0\x35\0\x70\0\0\0\0\0\0\0\0\0\0\0\0\0\0\0\x4d\
\x06\0\0\0\0\x35\0\x60\0\0\0\0\0\0\0\0\0\0\0\0\0\0\0\x6e\x06\0\0\0\0\x35\0\x30\
\x05\0\0\0\0\0\0\0\0\0\0\0\0\0\0\0\0\0\0\x03\0\x37\0\0\0\0\0\0\0\0\0\0\0\0\0\0\
\0\0\0\xb3\x05\0\0\0\0\x37\0\x60\0\0\0\0\0\0\0\0\0\0\0\0\0\0\0\x4f\x05\0\0\0\0\
\x37\0\x70\0\0\0\0\0\0\0\0\0\0\0\0\0\0\0\xd4\x04\0\0\0\0\x37\0\x60\0\0\0\0\0\0\
\0\0\0\0\0\0\0\0\0\0\0\0\0\x03\0\x39\0\0\0\0\0\0\0\0\0\0\0\0\0\0\0\0\0\x9c\x05\
\0\0\0\0\x39\0\x60\0\0\0\0\0\0\0\0\0\0\0\0\0\0\0\x47\x05\0\0\0\0\x39\0\x70\0\0\
\0\0\0\0\0\0\0\0\0\0\0\0\0\xcc\x04\0\0\0\0\x39\0\x60\0\0\0\0\0\0\0\0\0\0\0\0\0\
\0\0\0\0\0\0\x03\0\x3c\0\0\0\0\0\0\0\0\0\0\0\0\0\0\0\0\0\0\0\0\0\x03\0\x3e\0\0\
\0\0\0\0\0\0\0\0\0\0\0\0\0\0\0\0\0\0\0\x03\0\x3f\0\0\0\0\0\0\0\0\0\0\0\0\0\0\0\
\0\0\0\0\0\0\x03\0\x42\0\0\0\0\0\0\0\0\0\0\0\0\0\0\0\0\0\0\0\0\0\x03\0\x43\0\0\
\0\0\0\0\0\0\0\0\0\0\0\0\0\0\0\0\0\0\0\x03\0\x45\0\0\0\0\0\0\0\0\0\0\0\0\0\0\0\
\0\0\0\0\0\0\x03\0\x46\0\0\0\0\0\0\0\0\0\0\0\0\0\0\0\0\0\0\0\0\0\x03\0\x4c\0\0\
\0\0\0\0\0\0\0\0\0\0\0\0\0\0\0\0\0\0\0\x03\0\x4e\0\0\0\0\0\0\0\0\0\0\0\0\0\0\0\
\0\0\0\0\0\0\x03\0\x50\0\0\0\0\0\0\0\0\0\0\0\0\0\0\0\0\0\x61\x04\0\0\x12\0\x03\
\0\0\0\0\0\0\0\0\0\x98\x04\0\0\0\0\0\0\x7c\x01\0\0\x11\0\x3d\0\x40\0\0\0\0\0\0\
\0\x10\0\0\0\0\0\0\0\xc7\x03\0\0\x12\0\x05\0\0\0\0\0\0\0\0\0\xb0\x04\0\0\0\0\0\
\0\x97\x04\0\0\x12\0\x07\0\0\0\0\0\0\0\0\0\xe8\x04\0\0\0\0\0\0\x12\x03\0\0\x12\
\0\x09\0\0\0\0\0\0\0\0\0\xf8\x03\0\0\0\0\0\0\xa0\x02\0\0\x12\0\x0b\0\0\0\0\0\0\
\0\0\0\x18\x04\0\0\0\0\0\0\x55\x03\0\0\x12\0\x0d\0\0\0\0\0\0\0\0\0\0\x04\0\0\0\
\0\0\0\x1f\x02\0\0\x12\0\x0f\0\0\0\0\0\0\0\0\0\x18\x04\0\0\0\0\0\0\x2b\x03\0\0\
\x12\0\x11\0\0\0\0\0\0\0\0\0\xd0\x04\0\0\0\0\0\0\x25\0\0\0\x12\0\x13\0\0\0\0\0\
\0\0\0\0\x50\x04\0\0\0\0\0\0\x0c\0\0\0\x12\0\x15\0\0\0\0\0\0\0\0\0\x98\x04\0\0\
\0\0\0\0\x64\0\0\0\x12\0\x17\0\0\0\0\0\0\0\0\0\x48\x04\0\0\0\0\0\0\x41\0\0\0\
\x12\0\x19\0\0\0\0\0\0\0\0\0\x68\x04\0\0\0\0\0\0\x41\x04\0\0\x12\0\x1b\0\0\0\0\
\0\0\0\0\0\xb8\x04\0\0\0\0\0\0\x01\x04\0\0\x12\0\x1d\0\0\0\0\0\0\0\0\0\xc0\x04\
\0\0\0\0\0\0\x21\x04\0\0\x12\0\x1f\0\0\0\0\0\0\0\0\0\xb8\x04\0\0\0\0\0\0\xff\
\x01\0\0\x12\0\x21\0\0\0\0\0\0\0\0\0\x70\x04\0\0\0\0\0\0\x7c\x04\0\0\x12\0\x23\
\0\0\0\0\0\0\0\0\0\x88\x04\0\0\0\0\0\0\xe4\x03\0\0\x12\0\x25\0\0\0\0\0\0\0\0\0\
\xa0\x04\0\0\0\0\0\0\x4b\x01\0\0\x12\0\x27\0\0\0\0\0\0\0\0\0\xb8\x04\0\0\0\0\0\
\0\x88\x02\0\0\x12\0\x29\0\0\0\0\0\0\0\0\0\x28\x04\0\0\0\0\0\0\x59\x02\0\0\x12\
\0\x2b\0\0\0\0\0\0\0\0\0\x80\x04\0\0\0\0\0\0\x92\0\0\0\x12\0\x2d\0\0\0\0\0\0\0\
\0\0\x28\x04\0\0\0\0\0\0\xce\x01\0\0\x12\0\x2f\0\0\0\0\0\0\0\0\0\x20\x01\0\0\0\
\0\0\0\x3f\x02\0\0\x11\0\x3d\0\x50\0\0\0\0\0\0\0\x20\0\0\0\0\0\0\0\xc1\x02\0\0\
\x11\0\x3d\0\0\0\0\0\0\0\0\0\x20\0\0\0\0\0\0\0\xca\0\0\0\x12\0\x31\0\0\0\0\0\0\
\0\0\0\x68\x05\0\0\0\0\0\0\xbb\x01\0\0\x12\0\x33\0\0\0\0\0\0\0\0\0\x20\x01\0\0\
\0\0\0\0\xb2\x02\0\0\x11\0\x3d\0\x20\0\0\0\0\0\0\0\x20\0\0\0\0\0\0\0\xb8\0\0\0\
\x12\0\x35\0\0\0\0\0\0\0\0\0\x60\x05\0\0\0\0\0\0\xe2\x01\0\0\x12\0\x37\0\0\0\0\
\0\0\0\0\0\xf8\x03\0\0\0\0\0\0\xdd\0\0\0\x12\0\x39\0\0\0\0\0\0\0\0\0\x18\x04\0\
\0\0\0\0\0\xc4\x04\0\0\x11\0\x3b\0\0\0\0\0\0\0\0\0\x04\0\0\0\0\0\0\0\x08\0\0\0\
\0\0\0\0\x01\0\0\0\x54\0\0\0\x08\0\0\0\0\0\0\0\x01\0\0\0\x54\0\0\0\x08\0\0\0\0\
\0\0\0\x01\0\0\0\x54\0\0\0\x08\0\0\0\0\0\0\0\x01\0\0\0\x54\0\0\0\x08\0\0\0\0\0\
\0\0\x01\0\0\0\x54\0\0\0\x08\0\0\0\0\0\0\0\x01\0\0\0\x54\0\0\0\x08\0\0\0\0\0\0\
\0\x01\0\0\0\x54\0\0\0\x08\0\0\0\0\0\0\0\x01\0\0\0\x54\0\0\0\x08\0\0\0\0\0\0\0\
\x01\0\0\0\x54\0\0\0\x08\0\0\0\0\0\0\0\x01\0\0\0\x54\0\0\0\x08\0\0\0\0\0\0\0\
\x01\0\0\0\x54\0\0\0\x08\0\0\0\0\0\0\0\x01\0\0\0\x54\0\0\0\x08\0\0\0\0\0\0\0\
\x01\0\0\0\x54\0\0\0\x08\0\0\0\0\0\0\0\x01\0\0\0\x54\0\0\0\x08\0\0\0\0\0\0\0\
\x01\0\0\0\x54\0\0\0\x08\0\0\0\0\0\0\0\x01\0\0\0\x54\0\0\0\x08\0\0\0\0\0\0\0\
\x01\0\0\0\x54\0\0\0\x08\0\0\0\0\0\0\0\x01\0\0\0\x54\0\0\0\x08\0\0\0\0\0\0\0\
\x01\0\0\0\x54\0\0\0\x08\0\0\0\0\0\0\0\x01\0\0\0\x54\0\0\0\x08\0\0\0\0\0\0\0\
\x01\0\0\0\x54\0\0\0\x08\0\0\0\0\0\0\0\x01\0\0\0\x54\0\0\0\x28\0\0\0\0\0\0\0\
\x01\0\0\0\x6b\0\0\0\xf0\0\0\0\0\0\0\0\x01\0\0\0\x6c\0\0\0\x28\0\0\0\0\0\0\0\
\x01\0\0\0\x6b\0\0\0\xb8\0\0\0\0\0\0\0\x01\0\0\0\x6c\0\0\0\xf0\0\0\0\0\0\0\0\
\x01\0\0\0\x6c\0\0\0\x30\x01\0\0\0\0\0\0\x01\0\0\0\x54\0\0\0\x28\0\0\0\0\0\0\0\
\x01\0\0\0\x6b\0\0\0\xf0\0\0\0\0\0\0\0\x01\0\0\0\x6f\0\0\0\x28\0\0\0\0\0\0\0\
\x01\0\0\0\x6b\0\0\0\xb8\0\0\0\0\0\0\0\x01\0\0\0\x6f\0\0\0\xf0\0\0\0\0\0\0\0\
\x01\0\0\0\x6f\0\0\0\x28\x01\0\0\0\0\0\0\x01\0\0\0\x54\0\0\0\x28\0\0\0\0\0\0\0\
\x01\0\0\0\x6b\0\0\0\xa0\0\0\0\0\0\0\0\x01\0\0\0\x54\0\0\0\x28\0\0\0\0\0\0\0\
\x01\0\0\0\x6b\0\0\0\xa8\0\0\0\0\0\0\0\x01\0\0\0\x54\0\0\0\x08\0\0\0\0\0\0\0\
\x03\0\0\0\x4b\0\0\0\x11\0\0\0\0\0\0\0\x03\0\0\0\x4d\0\0\0\x15\0\0\0\0\0\0\0\
\x03\0\0\0\x51\0\0\0\x23\0\0\0\0\0\0\0\x03\0\0\0\x4f\0\0\0\x27\0\0\0\0\0\0\0\
\x03\0\0\0\x4c\0\0\0\x2b\0\0\0\0\0\0\0\x03\0\0\0\x4a\0\0\0\x08\0\0\0\0\0\0\0\
\x03\0\0\0\x4e\0\0\0\x0c\0\0\0\0\0\0\0\x03\0\0\0\x4e\0\0\0\x10\0\0\0\0\0\0\0\
\x03\0\0\0\x4e\0\0\0\x14\0\0\0\0\0\0\0\x03\0\0\0\x4e\0\0\0\x18\0\0\0\0\0\0\0\
\x03\0\0\0\x4e\0\0\0\x1c\0\0\0\0\0\0\0\x03\0\0\0\x4e\0\0\0\x20\0\0\0\0\0\0\0\
\x03\0\0\0\x4e\0\0\0\x24\0\0\0\0\0\0\0\x03\0\0\0\x4e\0\0\0\x28\0\0\0\0\0\0\0\
\x03\0\0\0\x4e\0\0\0\x2c\0\0\0\0\0\0\0\x03\0\0\0\x4e\0\0\0\x30\0\0\0\0\0\0\0\
\x03\0\0\0\x4e\0\0\0\x34\0\0\0\0\0\0\0\x03\0\0\0\x4e\0\0\0\x38\0\0\0\0\0\0\0\
\x03\0\0\0\x4e\0\0\0\x3c\0\0\0\0\0\0\0\x03\0\0\0\x4e\0\0\0\x40\0\0\0\0\0\0\0\
\x03\0\0\0\x4e\0\0\0\x44\0\0\0\0\0\0\0\x03\0\0\0\x4e\0\0\0\x48\0\0\0\0\0\0\0\
\x03\0\0\0\x4e\0\0\0\x4c\0\0\0\0\0\0\0\x03\0\0\0\x4e\0\0\0\x50\0\0\0\0\0\0\0\
\x03\0\0\0\x4e\0\0\0\x54\0\0\0\0\0\0\0\x03\0\0\0\x4e\0\0\0\x58\0\0\0\0\0\0\0\
\x03\0\0\0\x4e\0\0\0\x5c\0\0\0\0\0\0\0\x03\0\0\0\x4e\0\0\0\x60\0\0\0\0\0\0\0\
\x03\0\0\0\x4e\0\0\0\x64\0\0\0\0\0\0\0\x03\0\0\0\x4e\0\0\0\x68\0\0\0\0\0\0\0\
\x03\0\0\0\x4e\0\0\0\x6c\0\0\0\0\0\0\0\x03\0\0\0\x4e\0\0\0\x70\0\0\0\0\0\0\0\
\x03\0\0\0\x4e\0\0\0\x74\0\0\0\0\0\0\0\x03\0\0\0\x4e\0\0\0\x78\0\0\0\0\0\0\0\
\x03\0\0\0\x4e\0\0\0\x7c\0\0\0\0\0\0\0\x03\0\0\0\x4e\0\0\0\x80\0\0\0\0\0\0\0\
\x03\0\0\0\x4e\0\0\0\x84\0\0\0\0\0\0\0\x03\0\0\0\x4e\0\0\0\x88\0\0\0\0\0\0\0\
\x03\0\0\0\x4e\0\0\0\x8c\0\0\0\0\0\0\0\x03\0\0\0\x4e\0\0\0\x90\0\0\0\0\0\0\0\
\x03\0\0\0\x4e\0\0\0\x94\0\0\0\0\0\0\0\x03\0\0\0\x4e\0\0\0\x98\0\0\0\0\0\0\0\
\x03\0\0\0\x4e\0\0\0\x9c\0\0\0\0\0\0\0\x03\0\0\0\x4e\0\0\0\xa0\0\0\0\0\0\0\0\
\x03\0\0\0\x4e\0\0\0\xa4\0\0\0\0\0\0\0\x03\0\0\0\x4e\0\0\0\xa8\0\0\0\0\0\0\0\
\x03\0\0\0\x4e\0\0\0\xac\0\0\0\0\0\0\0\x03\0\0\0\x4e\0\0\0\xb0\0\0\0\0\0\0\0\
\x03\0\0\0\x4e\0\0\0\xb4\0\0\0\0\0\0\0\x03\0\0\0\x4e\0\0\0\xb8\0\0\0\0\0\0\0\
\x03\0\0\0\x4e\0\0\0\xbc\0\0\0\0\0\0\0\x03\0\0\0\x4e\0\0\0\xc0\0\0\0\0\0\0\0\
\x03\0\0\0\x4e\0\0\0\xc4\0\0\0\0\0\0\0\x03\0\0\0\x4e\0\0\0\xc8\0\0\0\0\0\0\0\
\x03\0\0\0\x4e\0\0\0\xcc\0\0\0\0\0\0\0\x03\0\0\0\x4e\0\0\0\xd0\0\0\0\0\0\0\0\
\x03\0\0\0\x4e\0\0\0\xd4\0\0\0\0\0\0\0\x03\0\0\0\x4e\0\0\0\xd8\0\0\0\0\0\0\0\
\x03\0\0\0\x4e\0\0\0\xdc\0\0\0\0\0\0\0\x03\0\0\0\x4e\0\0\0\xe0\0\0\0\0\0\0\0\
\x03\0\0\0\x4e\0\0\0\xe4\0\0\0\0\0\0\0\x03\0\0\0\x4e\0\0\0\xe8\0\0\0\0\0\0\0\
\x03\0\0\0\x4e\0\0\0\xec\0\0\0\0\0\0\0\x03\0\0\0\x4e\0\0\0\xf0\0\0\0\0\0\0\0\
\x03\0\0\0\x4e\0\0\0\xf4\0\0\0\0\0\0\0\x03\0\0\0\x4e\0\0\0\xf8\0\0\0\0\0\0\0\
\x03\0\0\0\x4e\0\0\0\xfc\0\0\0\0\0\0\0\x03\0\0\0\x4e\0\0\0\0\x01\0\0\0\0\0\0\
\x03\0\0\0\x4e\0\0\0\x04\x01\0\0\0\0\0\0\x03\0\0\0\x4e\0\0\0\x08\x01\0\0\0\0\0\
\0\x03\0\0\0\x4e\0\0\0\x0c\x01\0\0\0\0\0\0\x03\0\0\0\x4e\0\0\0\x10\x01\0\0\0\0\
\0\0\x03\0\0\0\x4e\0\0\0\x14\x01\0\0\0\0\0\0\x03\0\0\0\x4e\0\0\0\x18\x01\0\0\0\
\0\0\0\x03\0\0\0\x4e\0\0\0\x1c\x01\0\0\0\0\0\0\x03\0\0\0\x4e\0\0\0\x20\x01\0\0\
\0\0\0\0\x03\0\0\0\x4e\0\0\0\x24\x01\0\0\0\0\0\0\x03\0\0\0\x4e\0\0\0\x28\x01\0\
\0\0\0\0\0\x03\0\0\0\x4e\0\0\0\x2c\x01\0\0\0\0\0\0\x03\0\0\0\x4e\0\0\0\x30\x01\
\0\0\0\0\0\0\x03\0\0\0\x4e\0\0\0\x34\x01\0\0\0\0\0\0\x03\0\0\0\x4e\0\0\0\x38\
\x01\0\0\0\0\0\0\x03\0\0\0\x4e\0\0\0\x3c\x01\0\0\0\0\0\0\x03\0\0\0\x4e\0\0\0\
\x40\x01\0\0\0\0\0\0\x03\0\0\0\x4e\0\0\0\x44\x01\0\0\0\0\0\0\x03\0\0\0\x4e\0\0\
\0\x48\x01\0\0\0\0\0\0\x03\0\0\0\x4e\0\0\0\x4c\x01\0\0\0\0\0\0\x03\0\0\0\x4e\0\
\0\0\x50\x01\0\0\0\0\0\0\x03\0\0\0\x4e\0\0\0\x54\x01\0\0\0\0\0\0\x03\0\0\0\x4e\
\0\0\0\x58\x01\0\0\0\0\0\0\x03\0\0\0\x4e\0\0\0\x5c\x01\0\0\0\0\0\0\x03\0\0\0\
\x4e\0\0\0\x60\x01\0\0\0\0\0\0\x03\0\0\0\x4e\0\0\0\x64\x01\0\0\0\0\0\0\x03\0\0\
\0\x4e\0\0\0\x68\x01\0\0\0\0\0\0\x03\0\0\0\x4e\0\0\0\x6c\x01\0\0\0\0\0\0\x03\0\
\0\0\x4e\0\0\0\x70\x01\0\0\0\0\0\0\x03\0\0\0\x4e\0\0\0\x74\x01\0\0\0\0\0\0\x03\
\0\0\0\x4e\0\0\0\x78\x01\0\0\0\0\0\0\x03\0\0\0\x4e\0\0\0\x7c\x01\0\0\0\0\0\0\
\x03\0\0\0\x4e\0\0\0\x80\x01\0\0\0\0\0\0\x03\0\0\0\x4e\0\0\0\x84\x01\0\0\0\0\0\
\0\x03\0\0\0\x4e\0\0\0\x88\x01\0\0\0\0\0\0\x03\0\0\0\x4e\0\0\0\x8c\x01\0\0\0\0\
\0\0\x03\0\0\0\x4e\0\0\0\x90\x01\0\0\0\0\0\0\x03\0\0\0\x4e\0\0\0\x94\x01\0\0\0\
\0\0\0\x03\0\0\0\x4e\0\0\0\x98\x01\0\0\0\0\0\0\x03\0\0\0\x4e\0\0\0\x9c\x01\0\0\
\0\0\0\0\x03\0\0\0\x4e\0\0\0\xa0\x01\0\0\0\0\0\0\x03\0\0\0\x4e\0\0\0\xa4\x01\0\
\0\0\0\0\0\x03\0\0\0\x4e\0\0\0\xa8\x01\0\0\0\0\0\0\x03\0\0\0\x4e\0\0\0\xac\x01\
\0\0\0\0\0\0\x03\0\0\0\x4e\0\0\0\xb0\x01\0\0\0\0\0\0\x03\0\0\0\x4e\0\0\0\xb4\
\x01\0\0\0\0\0\0\x03\0\0\0\x4e\0\0\0\xb8\x01\0\0\0\0\0\0\x03\0\0\0\x4e\0\0\0\
\xbc\x01\0\0\0\0\0\0\x03\0\0\0\x4e\0\0\0\xc0\x01\0\0\0\0\0\0\x03\0\0\0\x4e\0\0\
\0\xc4\x01\0\0\0\0\0\0\x03\0\0\0\x4e\0\0\0\xc8\x01\0\0\0\0\0\0\x03\0\0\0\x4e\0\
\0\0\xcc\x01\0\0\0\0\0\0\x03\0\0\0\x4e\0\0\0\xd0\x01\0\0\0\0\0\0\x03\0\0\0\x4e\
\0\0\0\xd4\x01\0\0\0\0\0\0\x03\0\0\0\x4e\0\0\0\xd8\x01\0\0\0\0\0\0\x03\0\0\0\
\x4e\0\0\0\xdc\x01\0\0\0\0\0\0\x03\0\0\0\x4e\0\0\0\xe0\x01\0\0\0\0\0\0\x03\0\0\
\0\x4e\0\0\0\xe4\x01\0\0\0\0\0\0\x03\0\0\0\x4e\0\0\0\xe8\x01\0\0\0\0\0\0\x03\0\
\0\0\x4e\0\0\0\xec\x01\0\0\0\0\0\0\x03\0\0\0\x4e\0\0\0\xf0\x01\0\0\0\0\0\0\x03\
\0\0\0\x4e\0\0\0\xf4\x01\0\0\0\0\0\0\x03\0\0\0\x4e\0\0\0\xf8\x01\0\0\0\0\0\0\
\x03\0\0\0\x4e\0\0\0\xfc\x01\0\0\0\0\0\0\x03\0\0\0\x4e\0\0\0\0\x02\0\0\0\0\0\0\
\x03\0\0\0\x4e\0\0\0\x04\x02\0\0\0\0\0\0\x03\0\0\0\x4e\0\0\0\x08\x02\0\0\0\0\0\
\0\x03\0\0\0\x4e\0\0\0\x0c\x02\0\0\0\0\0\0\x03\0\0\0\x4e\0\0\0\x10\x02\0\0\0\0\
\0\0\x03\0\0\0\x4e\0\0\0\x14\x02\0\0\0\0\0\0\x03\0\0\0\x4e\0\0\0\x18\x02\0\0\0\
\0\0\0\x03\0\0\0\x4e\0\0\0\x1c\x02\0\0\0\0\0\0\x03\0\0\0\x4e\0\0\0\x20\x02\0\0\
\0\0\0\0\x03\0\0\0\x4e\0\0\0\x24\x02\0\0\0\0\0\0\x03\0\0\0\x4e\0\0\0\x28\x02\0\
\0\0\0\0\0\x03\0\0\0\x4e\0\0\0\x2c\x02\0\0\0\0\0\0\x03\0\0\0\x4e\0\0\0\x30\x02\
\0\0\0\0\0\0\x03\0\0\0\x4e\0\0\0\x34\x02\0\0\0\0\0\0\x03\0\0\0\x4e\0\0\0\x38\
\x02\0\0\0\0\0\0\x03\0\0\0\x4e\0\0\0\x3c\x02\0\0\0\0\0\0\x03\0\0\0\x4e\0\0\0\
\x40\x02\0\0\0\0\0\0\x03\0\0\0\x4e\0\0\0\x44\x02\0\0\0\0\0\0\x03\0\0\0\x4e\0\0\
\0\x48\x02\0\0\0\0\0\0\x03\0\0\0\x4e\0\0\0\x4c\x02\0\0\0\0\0\0\x03\0\0\0\x4e\0\
\0\0\x50\x02\0\0\0\0\0\0\x03\0\0\0\x4e\0\0\0\x54\x02\0\0\0\0\0\0\x03\0\0\0\x4e\
\0\0\0\x58\x02\0\0\0\0\0\0\x03\0\0\0\x4e\0\0\0\x5c\x02\0\0\0\0\0\0\x03\0\0\0\
\x4e\0\0\0\x60\x02\0\0\0\0\0\0\x03\0\0\0\x4e\0\0\0\x64\x02\0\0\0\0\0\0\x03\0\0\
\0\x4e\0\0\0\x68\x02\0\0\0\0\0\0\x03\0\0\0\x4e\0\0\0\x6c\x02\0\0\0\0\0\0\x03\0\
\0\0\x4e\0\0\0\x70\x02\0\0\0\0\0\0\x03\0\0\0\x4e\0\0\0\x74\x02\0\0\0\0\0\0\x03\
\0\0\0\x4e\0\0\0\x78\x02\0\0\0\0\0\0\x03\0\0\0\x4e\0\0\0\x7c\x02\0\0\0\0\0\0\
\x03\0\0\0\x4e\0\0\0\x80\x02\0\0\0\0\0\0\x03\0\0\0\x4e\0\0\0\x84\x02\0\0\0\0\0\
\0\x03\0\0\0\x4e\0\0\0\x88\x02\0\0\0\0\0\0\x03\0\0\0\x4e\0\0\0\x8c\x02\0\0\0\0\
\0\0\x03\0\0\0\x4e\0\0\0\x90\x02\0\0\0\0\0\0\x03\0\0\0\x4e\0\0\0\x94\x02\0\0\0\
\0\0\0\x03\0\0\0\x4e\0\0\0\x98\x02\0\0\0\0\0\0\x03\0\0\0\x4e\0\0\0\x9c\x02\0\0\
\0\0\0\0\x03\0\0\0\x4e\0\0\0\xa0\x02\0\0\0\0\0\0\x03\0\0\0\x4e\0\0\0\xa4\x02\0\
\0\0\0\0\0\x03\0\0\0\x4e\0\0\0\xa8\x02\0\0\0\0\0\0\x03\0\0\0\x4e\0\0\0\xac\x02\
\0\0\0\0\0\0\x03\0\0\0\x4e\0\0\0\xb0\x02\0\0\0\0\0\0\x03\0\0\0\x4e\0\0\0\xb4\
\x02\0\0\0\0\0\0\x03\0\0\0\x4e\0\0\0\xb8\x02\0\0\0\0\0\0\x03\0\0\0\x4e\0\0\0\
\xbc\x02\0\0\0\0\0\0\x03\0\0\0\x4e\0\0\0\xc0\x02\0\0\0\0\0\0\x03\0\0\0\x4e\0\0\
\0\xc4\x02\0\0\0\0\0\0\x03\0\0\0\x4e\0\0\0\xc8\x02\0\0\0\0\0\0\x03\0\0\0\x4e\0\
\0\0\xcc\x02\0\0\0\0\0\0\x03\0\0\0\x4e\0\0\0\x08\0\0\0\0\0\0\0\x02\0\0\0\x73\0\
\0\0\x10\0\0\0\0\0\0\0\x02\0\0\0\x49\0\0\0\x18\0\0\0\0\0\0\0\x02\0\0\0\x49\0\0\
\0\x20\0\0\0\0\0\0\0\x02\0\0\0\x49\0\0\0\x28\0\0\0\0\0\0\0\x02\0\0\0\x49\0\0\0\
\x30\0\0\0\0\0\0\0\x02\0\0\0\x49\0\0\0\x38\0\0\0\0\0\0\0\x02\0\0\0\x49\0\0\0\
\x40\0\0\0\0\0\0\0\x02\0\0\0\x49\0\0\0\x48\0\0\0\0\0\0\0\x02\0\0\0\x49\0\0\0\
\x50\0\0\0\0\0\0\0\x02\0\0\0\x49\0\0\0\x58\0\0\0\0\0\0\0\x02\0\0\0\x49\0\0\0\
\x60\0\0\0\0\0\0\0\x02\0\0\0\x49\0\0\0\x68\0\0\0\0\0\0\0\x02\0\0\0\x49\0\0\0\
\x70\0\0\0\0\0\0\0\x02\0\0\0\x49\0\0\0\x78\0\0\0\0\0\0\0\x02\0\0\0\x49\0\0\0\
\x80\0\0\0\0\0\0\0\x02\0\0\0\x49\0\0\0\x88\0\0\0\0\0\0\0\x02\0\0\0\x49\0\0\0\
\x90\0\0\0\0\0\0\0\x02\0\0\0\x49\0\0\0\x98\0\0\0\0\0\0\0\x02\0\0\0\x49\0\0\0\
\xa0\0\0\0\0\0\0\0\x02\0\0\0\x49\0\0\0\xa8\0\0\0\0\0\0\0\x02\0\0\0\x49\0\0\0\
\xb0\0\0\0\0\0\0\0\x02\0\0\0\x49\0\0\0\xb8\0\0\0\0\0\0\0\x02\0\0\0\x49\0\0\0\
\xc0\0\0\0\0\0\0\0\x02\0\0\0\x54\0\0\0\xc8\0\0\0\0\0\0\0\x02\0\0\0\x6b\0\0\0\
\xd0\0\0\0\0\0\0\0\x02\0\0\0\x6c\0\0\0\xd8\0\0\0\0\0\0\0\x02\0\0\0\x6f\0\0\0\
\xe0\0\0\0\0\0\0\0\x02\0\0\0\x02\0\0\0\xe8\0\0\0\0\0\0\0\x02\0\0\0\x04\0\0\0\
\xf0\0\0\0\0\0\0\0\x02\0\0\0\x06\0\0\0\xf8\0\0\0\0\0\0\0\x02\0\0\0\x08\0\0\0\0\
\x01\0\0\0\0\0\0\x02\0\0\0\x0a\0\0\0\x08\x01\0\0\0\0\0\0\x02\0\0\0\x0c\0\0\0\
\x10\x01\0\0\0\0\0\0\x02\0\0\0\x0e\0\0\0\x18\x01\0\0\0\0\0\0\x02\0\0\0\x10\0\0\
\0\x20\x01\0\0\0\0\0\0\x02\0\0\0\x12\0\0\0\x28\x01\0\0\0\0\0\0\x02\0\0\0\x14\0\
\0\0\x30\x01\0\0\0\0\0\0\x02\0\0\0\x16\0\0\0\x38\x01\0\0\0\0\0\0\x02\0\0\0\x18\
\0\0\0\x40\x01\0\0\0\0\0\0\x02\0\0\0\x1a\0\0\0\x48\x01\0\0\0\0\0\0\x02\0\0\0\
\x1c\0\0\0\x50\x01\0\0\0\0\0\0\x02\0\0\0\x1e\0\0\0\x58\x01\0\0\0\0\0\0\x02\0\0\
\0\x20\0\0\0\x60\x01\0\0\0\0\0\0\x02\0\0\0\x22\0\0\0\x68\x01\0\0\0\0\0\0\x02\0\
\0\0\x24\0\0\0\x70\x01\0\0\0\0\0\0\x02\0\0\0\x26\0\0\0\x78\x01\0\0\0\0\0\0\x02\
\0\0\0\x28\0\0\0\x80\x01\0\0\0\0\0\0\x02\0\0\0\x2a\0\0\0\x88\x01\0\0\0\0\0\0\
\x02\0\0\0\x2c\0\0\0\x90\x01\0\0\0\0\0\0\x02\0\0\0\x2e\0\0\0\x98\x01\0\0\0\0\0\
\0\x02\0\0\0\x32\0\0\0\xa0\x01\0\0\0\0\0\0\x02\0\0\0\x38\0\0\0\xa8\x01\0\0\0\0\
\0\0\x02\0\0\0\x3c\0\0\0\xb0\x01\0\0\0\0\0\0\x02\0\0\0\x3c\0\0\0\xb8\x01\0\0\0\
\0\0\0\x02\0\0\0\x3c\0\0\0\xc0\x01\0\0\0\0\0\0\x02\0\0\0\x41\0\0\0\xc8\x01\0\0\
\0\0\0\0\x02\0\0\0\x45\0\0\0\xd0\x01\0\0\0\0\0\0\x02\0\0\0\x45\0\0\0\xa4\x0c\0\
\0\0\0\0\0\x04\0\0\0\x6c\0\0\0\xb0\x0c\0\0\0\0\0\0\x04\0\0\0\x6f\0\0\0\xbc\x0c\
\0\0\0\0\0\0\x04\0\0\0\x54\0\0\0\xc8\x0c\0\0\0\0\0\0\x04\0\0\0\x6b\0\0\0\xe0\
\x0c\0\0\0\0\0\0\x04\0\0\0\x73\0\0\0\x2c\0\0\0\0\0\0\0\x04\0\0\0\x02\0\0\0\x3c\
\0\0\0\0\0\0\0\x04\0\0\0\x04\0\0\0\x4c\0\0\0\0\0\0\0\x04\0\0\0\x06\0\0\0\x5c\0\
\0\0\0\0\0\0\x04\0\0\0\x08\0\0\0\x6c\0\0\0\0\0\0\0\x04\0\0\0\x0a\0\0\0\x7c\0\0\
\0\0\0\0\0\x04\0\0\0\x0c\0\0\0\x8c\0\0\0\0\0\0\0\x04\0\0\0\x0e\0\0\0\x9c\0\0\0\
\0\0\0\0\x04\0\0\0\x10\0\0\0\xac\0\0\0\0\0\0\0\x04\0\0\0\x12\0\0\0\xbc\0\0\0\0\
\0\0\0\x04\0\0\0\x14\0\0\0\xcc\0\0\0\0\0\0\0\x04\0\0\0\x16\0\0\0\xdc\0\0\0\0\0\
\0\0\x04\0\0\0\x18\0\0\0\xec\0\0\0\0\0\0\0\x04\0\0\0\x1a\0\0\0\xfc\0\0\0\0\0\0\
\0\x04\0\0\0\x1c\0\0\0\x0c\x01\0\0\0\0\0\0\x04\0\0\0\x1e\0\0\0\x1c\x01\0\0\0\0\
\0\0\x04\0\0\0\x20\0\0\0\x2c\x01\0\0\0\0\0\0\x04\0\0\0\x22\0\0\0\x3c\x01\0\0\0\
\0\0\0\x04\0\0\0\x24\0\0\0\x4c\x01\0\0\0\0\0\0\x04\0\0\0\x26\0\0\0\x5c\x01\0\0\
\0\0\0\0\x04\0\0\0\x28\0\0\0\x6c\x01\0\0\0\0\0\0\x04\0\0\0\x2a\0\0\0\x7c\x01\0\
\0\0\0\0\0\x04\0\0\0\x2c\0\0\0\x8c\x01\0\0\0\0\0\0\x04\0\0\0\x2e\0\0\0\x9c\x01\
\0\0\0\0\0\0\x04\0\0\0\x32\0\0\0\xac\x01\0\0\0\0\0\0\x04\0\0\0\x38\0\0\0\xbc\
\x01\0\0\0\0\0\0\x04\0\0\0\x3c\0\0\0\xcc\x01\0\0\0\0\0\0\x04\0\0\0\x41\0\0\0\
\xdc\x01\0\0\0\0\0\0\x04\0\0\0\x45\0\0\0\xf0\x01\0\0\0\0\0\0\x04\0\0\0\x02\0\0\
\0\0\x02\0\0\0\0\0\0\x04\0\0\0\x02\0\0\0\x10\x02\0\0\0\0\0\0\x04\0\0\0\x02\0\0\
\0\x20\x02\0\0\0\0\0\0\x04\0\0\0\x02\0\0\0\x30\x02\0\0\0\0\0\0\x04\0\0\0\x02\0\
\0\0\x40\x02\0\0\0\0\0\0\x04\0\0\0\x02\0\0\0\x50\x02\0\0\0\0\0\0\x04\0\0\0\x02\
\0\0\0\x60\x02\0\0\0\0\0\0\x04\0\0\0\x02\0\0\0\x70\x02\0\0\0\0\0\0\x04\0\0\0\
\x02\0\0\0\x80\x02\0\0\0\0\0\0\x04\0\0\0\x02\0\0\0\x90\x02\0\0\0\0\0\0\x04\0\0\
\0\x02\0\0\0\xa0\x02\0\0\0\0\0\0\x04\0\0\0\x02\0\0\0\xb0\x02\0\0\0\0\0\0\x04\0\
\0\0\x02\0\0\0\xc0\x02\0\0\0\0\0\0\x04\0\0\0\x02\0\0\0\xd8\x02\0\0\0\0\0\0\x04\
\0\0\0\x04\0\0\0\xe8\x02\0\0\0\0\0\0\x04\0\0\0\x04\0\0\0\xf8\x02\0\0\0\0\0\0\
\x04\0\0\0\x04\0\0\0\x08\x03\0\0\0\0\0\0\x04\0\0\0\x04\0\0\0\x18\x03\0\0\0\0\0\
\0\x04\0\0\0\x04\0\0\0\x28\x03\0\0\0\0\0\0\x04\0\0\0\x04\0\0\0\x38\x03\0\0\0\0\
\0\0\x04\0\0\0\x04\0\0\0\x48\x03\0\0\0\0\0\0\x04\0\0\0\x04\0\0\0\x58\x03\0\0\0\
\0\0\0\x04\0\0\0\x04\0\0\0\x68\x03\0\0\0\0\0\0\x04\0\0\0\x04\0\0\0\x78\x03\0\0\
\0\0\0\0\x04\0\0\0\x04\0\0\0\x88\x03\0\0\0\0\0\0\x04\0\0\0\x04\0\0\0\x98\x03\0\
\0\0\0\0\0\x04\0\0\0\x04\0\0\0\xa8\x03\0\0\0\0\0\0\x04\0\0\0\x04\0\0\0\xc0\x03\
\0\0\0\0\0\0\x04\0\0\0\x06\0\0\0\xd0\x03\0\0\0\0\0\0\x04\0\0\0\x06\0\0\0\xe0\
\x03\0\0\0\0\0\0\x04\0\0\0\x06\0\0\0\xf0\x03\0\0\0\0\0\0\x04\0\0\0\x06\0\0\0\0\
\x04\0\0\0\0\0\0\x04\0\0\0\x06\0\0\0\x10\x04\0\0\0\0\0\0\x04\0\0\0\x06\0\0\0\
\x20\x04\0\0\0\0\0\0\x04\0\0\0\x06\0\0\0\x30\x04\0\0\0\0\0\0\x04\0\0\0\x06\0\0\
\0\x40\x04\0\0\0\0\0\0\x04\0\0\0\x06\0\0\0\x50\x04\0\0\0\0\0\0\x04\0\0\0\x06\0\
\0\0\x60\x04\0\0\0\0\0\0\x04\0\0\0\x06\0\0\0\x70\x04\0\0\0\0\0\0\x04\0\0\0\x06\
\0\0\0\x80\x04\0\0\0\0\0\0\x04\0\0\0\x06\0\0\0\x90\x04\0\0\0\0\0\0\x04\0\0\0\
\x06\0\0\0\xa8\x04\0\0\0\0\0\0\x04\0\0\0\x08\0\0\0\xb8\x04\0\0\0\0\0\0\x04\0\0\
\0\x08\0\0\0\xc8\x04\0\0\0\0\0\0\x04\0\0\0\x08\0\0\0\xd8\x04\0\0\0\0\0\0\x04\0\
\0\0\x08\0\0\0\xe8\x04\0\0\0\0\0\0\x04\0\0\0\x08\0\0\0\xf8\x04\0\0\0\0\0\0\x04\
\0\0\0\x08\0\0\0\x08\x05\0\0\0\0\0\0\x04\0\0\0\x08\0\0\0\x18\x05\0\0\0\0\0\0\
\x04\0\0\0\x08\0\0\0\x28\x05\0\0\0\0\0\0\x04\0\0\0\x08\0\0\0\x38\x05\0\0\0\0\0\
\0\x04\0\0\0\x08\0\0\0\x48\x05\0\0\0\0\0\0\x04\0\0\0\x08\0\0\0\x58\x05\0\0\0\0\
\0\0\x04\0\0\0\x08\0\0\0\x68\x05\0\0\0\0\0\0\x04\0\0\0\x08\0\0\0\x78\x05\0\0\0\
\0\0\0\x04\0\0\0\x08\0\0\0\x88\x05\0\0\0\0\0\0\x04\0\0\0\x08\0\0\0\xa0\x05\0\0\
\0\0\0\0\x04\0\0\0\x0a\0\0\0\xb0\x05\0\0\0\0\0\0\x04\0\0\0\x0a\0\0\0\xc0\x05\0\
\0\0\0\0\0\x04\0\0\0\x0a\0\0\0\xd0\x05\0\0\0\0\0\0\x04\0\0\0\x0a\0\0\0\xe0\x05\
\0\0\0\0\0\0\x04\0\0\0\x0a\0\0\0\xf0\x05\0\0\0\0\0\0\x04\0\0\0\x0a\0\0\0\0\x06\
\0\0\0\0\0\0\x04\0\0\0\x0a\0\0\0\x10\x06\0\0\0\0\0\0\x04\0\0\0\x0a\0\0\0\x20\
\x06\0\0\0\0\0\0\x04\0\0\0\x0a\0\0\0\x30\x06\0\0\0\0\0\0\x04\0\0\0\x0a\0\0\0\
\x40\x06\0\0\0\0\0\0\x04\0\0\0\x0a\0\0\0\x50\x06\0\0\0\0\0\0\x04\0\0\0\x0a\0\0\
\0\x60\x06\0\0\0\0\0\0\x04\0\0\0\x0a\0\0\0\x70\x06\0\0\0\0\0\0\x04\0\0\0\x0a\0\
\0\0\x88\x06\0\0\0\0\0\0\x04\0\0\0\x0c\0\0\0\x98\x06\0\0\0\0\0\0\x04\0\0\0\x0c\
\0\0\0\xa8\x06\0\0\0\0\0\0\x04\0\0\0\x0c\0\0\0\xb8\x06\0\0\0\0\0\0\x04\0\0\0\
\x0c\0\0\0\xc8\x06\0\0\0\0\0\0\x04\0\0\0\x0c\0\0\0\xd8\x06\0\0\0\0\0\0\x04\0\0\
\0\x0c\0\0\0\xe8\x06\0\0\0\0\0\0\x04\0\0\0\x0c\0\0\0\xf8\x06\0\0\0\0\0\0\x04\0\
\0\0\x0c\0\0\0\x08\x07\0\0\0\0\0\0\x04\0\0\0\x0c\0\0\0\x18\x07\0\0\0\0\0\0\x04\
\0\0\0\x0c\0\0\0\x28\x07\0\0\0\0\0\0\x04\0\0\0\x0c\0\0\0\x38\x07\0\0\0\0\0\0\
\x04\0\0\0\x0c\0\0\0\x48\x07\0\0\0\0\0\0\x04\0\0\0\x0c\0\0\0\x58\x07\0\0\0\0\0\
\0\x04\0\0\0\x0c\0\0\0\x70\x07\0\0\0\0\0\0\x04\0\0\0\x0e\0\0\0\x80\x07\0\0\0\0\
\0\0\x04\0\0\0\x0e\0\0\0\x90\x07\0\0\0\0\0\0\x04\0\0\0\x0e\0\0\0\xa0\x07\0\0\0\
\0\0\0\x04\0\0\0\x0e\0\0\0\xb0\x07\0\0\0\0\0\0\x04\0\0\0\x0e\0\0\0\xc0\x07\0\0\
\0\0\0\0\x04\0\0\0\x0e\0\0\0\xd0\x07\0\0\0\0\0\0\x04\0\0\0\x0e\0\0\0\xe0\x07\0\
\0\0\0\0\0\x04\0\0\0\x0e\0\0\0\xf0\x07\0\0\0\0\0\0\x04\0\0\0\x0e\0\0\0\0\x08\0\
\0\0\0\0\0\x04\0\0\0\x0e\0\0\0\x10\x08\0\0\0\0\0\0\x04\0\0\0\x0e\0\0\0\x20\x08\
\0\0\0\0\0\0\x04\0\0\0\x0e\0\0\0\x30\x08\0\0\0\0\0\0\x04\0\0\0\x0e\0\0\0\x40\
\x08\0\0\0\0\0\0\x04\0\0\0\x0e\0\0\0\x50\x08\0\0\0\0\0\0\x04\0\0\0\x0e\0\0\0\
\x68\x08\0\0\0\0\0\0\x04\0\0\0\x10\0\0\0\x78\x08\0\0\0\0\0\0\x04\0\0\0\x10\0\0\
\0\x88\x08\0\0\0\0\0\0\x04\0\0\0\x10\0\0\0\x98\x08\0\0\0\0\0\0\x04\0\0\0\x10\0\
\0\0\xa8\x08\0\0\0\0\0\0\x04\0\0\0\x10\0\0\0\xb8\x08\0\0\0\0\0\0\x04\0\0\0\x10\
\0\0\0\xc8\x08\0\0\0\0\0\0\x04\0\0\0\x10\0\0\0\xd8\x08\0\0\0\0\0\0\x04\0\0\0\
\x10\0\0\0\xe8\x08\0\0\0\0\0\0\x04\0\0\0\x10\0\0\0\xf8\x08\0\0\0\0\0\0\x04\0\0\
\0\x10\0\0\0\x08\x09\0\0\0\0\0\0\x04\0\0\0\x10\0\0\0\x18\x09\0\0\0\0\0\0\x04\0\
\0\0\x10\0\0\0\x28\x09\0\0\0\0\0\0\x04\0\0\0\x10\0\0\0\x38\x09\0\0\0\0\0\0\x04\
\0\0\0\x10\0\0\0\x48\x09\0\0\0\0\0\0\x04\0\0\0\x10\0\0\0\x60\x09\0\0\0\0\0\0\
\x04\0\0\0\x12\0\0\0\x70\x09\0\0\0\0\0\0\x04\0\0\0\x12\0\0\0\x80\x09\0\0\0\0\0\
\0\x04\0\0\0\x12\0\0\0\x90\x09\0\0\0\0\0\0\x04\0\0\0\x12\0\0\0\xa0\x09\0\0\0\0\
\0\0\x04\0\0\0\x12\0\0\0\xb0\x09\0\0\0\0\0\0\x04\0\0\0\x12\0\0\0\xc0\x09\0\0\0\
\0\0\0\x04\0\0\0\x12\0\0\0\xd0\x09\0\0\0\0\0\0\x04\0\0\0\x12\0\0\0\xe0\x09\0\0\
\0\0\0\0\x04\0\0\0\x12\0\0\0\xf0\x09\0\0\0\0\0\0\x04\0\0\0\x12\0\0\0\0\x0a\0\0\
\0\0\0\0\x04\0\0\0\x12\0\0\0\x10\x0a\0\0\0\0\0\0\x04\0\0\0\x12\0\0\0\x20\x0a\0\
\0\0\0\0\0\x04\0\0\0\x12\0\0\0\x30\x0a\0\0\0\0\0\0\x04\0\0\0\x12\0\0\0\x48\x0a\
\0\0\0\0\0\0\x04\0\0\0\x14\0\0\0\x58\x0a\0\0\0\0\0\0\x04\0\0\0\x14\0\0\0\x68\
\x0a\0\0\0\0\0\0\x04\0\0\0\x14\0\0\0\x78\x0a\0\0\0\0\0\0\x04\0\0\0\x14\0\0\0\
\x88\x0a\0\0\0\0\0\0\x04\0\0\0\x14\0\0\0\x98\x0a\0\0\0\0\0\0\x04\0\0\0\x14\0\0\
\0\xa8\x0a\0\0\0\0\0\0\x04\0\0\0\x14\0\0\0\xb8\x0a\0\0\0\0\0\0\x04\0\0\0\x14\0\
\0\0\xc8\x0a\0\0\0\0\0\0\x04\0\0\0\x14\0\0\0\xd8\x0a\0\0\0\0\0\0\x04\0\0\0\x14\
\0\0\0\xe8\x0a\0\0\0\0\0\0\x04\0\0\0\x14\0\0\0\xf8\x0a\0\0\0\0\0\0\x04\0\0\0\
\x14\0\0\0\x08\x0b\0\0\0\0\0\0\x04\0\0\0\x14\0\0\0\x18\x0b\0\0\0\0\0\0\x04\0\0\
\0\x14\0\0\0\x30\x0b\0\0\0\0\0\0\x04\0\0\0\x16\0\0\0\x40\x0b\0\0\0\0\0\0\x04\0\
\0\0\x16\0\0\0\x50\x0b\0\0\0\0\0\0\x04\0\0\0\x16\0\0\0\x60\x0b\0\0\0\0\0\0\x04\
\0\0\0\x16\0\0\0\x70\x0b\0\0\0\0\0\0\x04\0\0\0\x16\0\0\0\x80\x0b\0\0\0\0\0\0\
\x04\0\0\0\x16\0\0\0\x90\x0b\0\0\0\0\0\0\x04\0\0\0\x16\0\0\0\xa0\x0b\0\0\0\0\0\
\0\x04\0\0\0\x16\0\0\0\xb0\x0b\0\0\0\0\0\0\x04\0\0\0\x16\0\0\0\xc0\x0b\0\0\0\0\
\0\0\x04\0\0\0\x16\0\0\0\xd0\x0b\0\0\0\0\0\0\x04\0\0\0\x16\0\0\0\xe0\x0b\0\0\0\
\0\0\0\x04\0\0\0\x16\0\0\0\xf0\x0b\0\0\0\0\0\0\x04\0\0\0\x16\0\0\0\0\x0c\0\0\0\
\0\0\0\x04\0\0\0\x16\0\0\0\x10\x0c\0\0\0\0\0\0\x04\0\0\0\x16\0\0\0\x28\x0c\0\0\
\0\0\0\0\x04\0\0\0\x18\0\0\0\x38\x0c\0\0\0\0\0\0\x04\0\0\0\x18\0\0\0\x48\x0c\0\
\0\0\0\0\0\x04\0\0\0\x18\0\0\0\x58\x0c\0\0\0\0\0\0\x04\0\0\0\x18\0\0\0\x68\x0c\
\0\0\0\0\0\0\x04\0\0\0\x18\0\0\0\x78\x0c\0\0\0\0\0\0\x04\0\0\0\x18\0\0\0\x88\
\x0c\0\0\0\0\0\0\x04\0\0\0\x18\0\0\0\x98\x0c\0\0\0\0\0\0\x04\0\0\0\x18\0\0\0\
\xa8\x0c\0\0\0\0\0\0\x04\0\0\0\x18\0\0\0\xb8\x0c\0\0\0\0\0\0\x04\0\0\0\x18\0\0\
\0\xc8\x0c\0\0\0\0\0\0\x04\0\0\0\x18\0\0\0\xd8\x0c\0\0\0\0\0\0\x04\0\0\0\x18\0\
\0\0\xe8\x0c\0\0\0\0\0\0\x04\0\0\0\x18\0\0\0\xf8\x0c\0\0\0\0\0\0\x04\0\0\0\x18\
\0\0\0\x10\x0d\0\0\0\0\0\0\x04\0\0\0\x1a\0\0\0\x20\x0d\0\0\0\0\0\0\x04\0\0\0\
\x1a\0\0\0\x30\x0d\0\0\0\0\0\0\x04\0\0\0\x1a\0\0\0\x40\x0d\0\0\0\0\0\0\x04\0\0\
\0\x1a\0\0\0\x50\x0d\0\0\0\0\0\0\x04\0\0\0\x1a\0\0\0\x60\x0d\0\0\0\0\0\0\x04\0\
\0\0\x1a\0\0\0\x70\x0d\0\0\0\0\0\0\x04\0\0\0\x1a\0\0\0\x80\x0d\0\0\0\0\0\0\x04\
\0\0\0\x1a\0\0\0\x90\x0d\0\0\0\0\0\0\x04\0\0\0\x1a\0\0\0\xa0\x0d\0\0\0\0\0\0\
\x04\0\0\0\x1a\0\0\0\xb0\x0d\0\0\0\0\0\0\x04\0\0\0\x1a\0\0\0\xc0\x0d\0\0\0\0\0\
\0\x04\0\0\0\x1a\0\0\0\xd0\x0d\0\0\0\0\0\0\x04\0\0\0\x1a\0\0\0\xe0\x0d\0\0\0\0\
\0\0\x04\0\0\0\x1a\0\0\0\xf8\x0d\0\0\0\0\0\0\x04\0\0\0\x1c\0\0\0\x08\x0e\0\0\0\
\0\0\0\x04\0\0\0\x1c\0\0\0\x18\x0e\0\0\0\0\0\0\x04\0\0\0\x1c\0\0\0\x28\x0e\0\0\
\0\0\0\0\x04\0\0\0\x1c\0\0\0\x38\x0e\0\0\0\0\0\0\x04\0\0\0\x1c\0\0\0\x48\x0e\0\
\0\0\0\0\0\x04\0\0\0\x1c\0\0\0\x58\x0e\0\0\0\0\0\0\x04\0\0\0\x1c\0\0\0\x68\x0e\
\0\0\0\0\0\0\x04\0\0\0\x1c\0\0\0\x78\x0e\0\0\0\0\0\0\x04\0\0\0\x1c\0\0\0\x88\
\x0e\0\0\0\0\0\0\x04\0\0\0\x1c\0\0\0\x98\x0e\0\0\0\0\0\0\x04\0\0\0\x1c\0\0\0\
\xa8\x0e\0\0\0\0\0\0\x04\0\0\0\x1c\0\0\0\xb8\x0e\0\0\0\0\0\0\x04\0\0\0\x1c\0\0\
\0\xc8\x0e\0\0\0\0\0\0\x04\0\0\0\x1c\0\0\0\xe0\x0e\0\0\0\0\0\0\x04\0\0\0\x1e\0\
\0\0\xf0\x0e\0\0\0\0\0\0\x04\0\0\0\x1e\0\0\0\0\x0f\0\0\0\0\0\0\x04\0\0\0\x1e\0\
\0\0\x10\x0f\0\0\0\0\0\0\x04\0\0\0\x1e\0\0\0\x20\x0f\0\0\0\0\0\0\x04\0\0\0\x1e\
\0\0\0\x30\x0f\0\0\0\0\0\0\x04\0\0\0\x1e\0\0\0\x40\x0f\0\0\0\0\0\0\x04\0\0\0\
\x1e\0\0\0\x50\x0f\0\0\0\0\0\0\x04\0\0\0\x1e\0\0\0\x60\x0f\0\0\0\0\0\0\x04\0\0\
\0\x1e\0\0\0\x70\x0f\0\0\0\0\0\0\x04\0\0\0\x1e\0\0\0\x80\x0f\0\0\0\0\0\0\x04\0\
\0\0\x1e\0\0\0\x90\x0f\0\0\0\0\0\0\x04\0\0\0\x1e\0\0\0\xa0\x0f\0\0\0\0\0\0\x04\
\0\0\0\x1e\0\0\0\xb0\x0f\0\0\0\0\0\0\x04\0\0\0\x1e\0\0\0\xc8\x0f\0\0\0\0\0\0\
\x04\0\0\0\x20\0\0\0\xd8\x0f\0\0\0\0\0\0\x04\0\0\0\x20\0\0\0\xe8\x0f\0\0\0\0\0\
\0\x04\0\0\0\x20\0\0\0\xf8\x0f\0\0\0\0\0\0\x04\0\0\0\x20\0\0\0\x08\x10\0\0\0\0\
\0\0\x04\0\0\0\x20\0\0\0\x18\x10\0\0\0\0\0\0\x04\0\0\0\x20\0\0\0\x28\x10\0\0\0\
\0\0\0\x04\0\0\0\x20\0\0\0\x38\x10\0\0\0\0\0\0\x04\0\0\0\x20\0\0\0\x48\x10\0\0\
\0\0\0\0\x04\0\0\0\x20\0\0\0\x58\x10\0\0\0\0\0\0\x04\0\0\0\x20\0\0\0\x68\x10\0\
\0\0\0\0\0\x04\0\0\0\x20\0\0\0\x78\x10\0\0\0\0\0\0\x04\0\0\0\x20\0\0\0\x88\x10\
\0\0\0\0\0\0\x04\0\0\0\x20\0\0\0\x98\x10\0\0\0\0\0\0\x04\0\0\0\x20\0\0\0\xb0\
\x10\0\0\0\0\0\0\x04\0\0\0\x22\0\0\0\xc0\x10\0\0\0\0\0\0\x04\0\0\0\x22\0\0\0\
\xd0\x10\0\0\0\0\0\0\x04\0\0\0\x22\0\0\0\xe0\x10\0\0\0\0\0\0\x04\0\0\0\x22\0\0\
\0\xf0\x10\0\0\0\0\0\0\x04\0\0\0\x22\0\0\0\0\x11\0\0\0\0\0\0\x04\0\0\0\x22\0\0\
\0\x10\x11\0\0\0\0\0\0\x04\0\0\0\x22\0\0\0\x20\x11\0\0\0\0\0\0\x04\0\0\0\x22\0\
\0\0\x30\x11\0\0\0\0\0\0\x04\0\0\0\x22\0\0\0\x40\x11\0\0\0\0\0\0\x04\0\0\0\x22\
\0\0\0\x50\x11\0\0\0\0\0\0\x04\0\0\0\x22\0\0\0\x60\x11\0\0\0\0\0\0\x04\0\0\0\
\x22\0\0\0\x70\x11\0\0\0\0\0\0\x04\0\0\0\x22\0\0\0\x80\x11\0\0\0\0\0\0\x04\0\0\
\0\x22\0\0\0\x90\x11\0\0\0\0\0\0\x04\0\0\0\x22\0\0\0\xa8\x11\0\0\0\0\0\0\x04\0\
\0\0\x24\0\0\0\xb8\x11\0\0\0\0\0\0\x04\0\0\0\x24\0\0\0\xc8\x11\0\0\0\0\0\0\x04\
\0\0\0\x24\0\0\0\xd8\x11\0\0\0\0\0\0\x04\0\0\0\x24\0\0\0\xe8\x11\0\0\0\0\0\0\
\x04\0\0\0\x24\0\0\0\xf8\x11\0\0\0\0\0\0\x04\0\0\0\x24\0\0\0\x08\x12\0\0\0\0\0\
\0\x04\0\0\0\x24\0\0\0\x18\x12\0\0\0\0\0\0\x04\0\0\0\x24\0\0\0\x28\x12\0\0\0\0\
\0\0\x04\0\0\0\x24\0\0\0\x38\x12\0\0\0\0\0\0\x04\0\0\0\x24\0\0\0\x48\x12\0\0\0\
\0\0\0\x04\0\0\0\x24\0\0\0\x58\x12\0\0\0\0\0\0\x04\0\0\0\x24\0\0\0\x68\x12\0\0\
\0\0\0\0\x04\0\0\0\x24\0\0\0\x78\x12\0\0\0\0\0\0\x04\0\0\0\x24\0\0\0\x88\x12\0\
\0\0\0\0\0\x04\0\0\0\x24\0\0\0\xa0\x12\0\0\0\0\0\0\x04\0\0\0\x26\0\0\0\xb0\x12\
\0\0\0\0\0\0\x04\0\0\0\x26\0\0\0\xc0\x12\0\0\0\0\0\0\x04\0\0\0\x26\0\0\0\xd0\
\x12\0\0\0\0\0\0\x04\0\0\0\x26\0\0\0\xe0\x12\0\0\0\0\0\0\x04\0\0\0\x26\0\0\0\
\xf0\x12\0\0\0\0\0\0\x04\0\0\0\x26\0\0\0\0\x13\0\0\0\0\0\0\x04\0\0\0\x26\0\0\0\
\x10\x13\0\0\0\0\0\0\x04\0\0\0\x26\0\0\0\x20\x13\0\0\0\0\0\0\x04\0\0\0\x26\0\0\
\0\x30\x13\0\0\0\0\0\0\x04\0\0\0\x26\0\0\0\x40\x13\0\0\0\0\0\0\x04\0\0\0\x26\0\
\0\0\x50\x13\0\0\0\0\0\0\x04\0\0\0\x26\0\0\0\x60\x13\0\0\0\0\0\0\x04\0\0\0\x26\
\0\0\0\x70\x13\0\0\0\0\0\0\x04\0\0\0\x26\0\0\0\x88\x13\0\0\0\0\0\0\x04\0\0\0\
\x28\0\0\0\x98\x13\0\0\0\0\0\0\x04\0\0\0\x28\0\0\0\xa8\x13\0\0\0\0\0\0\x04\0\0\
\0\x28\0\0\0\xb8\x13\0\0\0\0\0\0\x04\0\0\0\x28\0\0\0\xc8\x13\0\0\0\0\0\0\x04\0\
\0\0\x28\0\0\0\xd8\x13\0\0\0\0\0\0\x04\0\0\0\x28\0\0\0\xe8\x13\0\0\0\0\0\0\x04\
\0\0\0\x28\0\0\0\xf8\x13\0\0\0\0\0\0\x04\0\0\0\x28\0\0\0\x08\x14\0\0\0\0\0\0\
\x04\0\0\0\x28\0\0\0\x18\x14\0\0\0\0\0\0\x04\0\0\0\x28\0\0\0\x28\x14\0\0\0\0\0\
\0\x04\0\0\0\x28\0\0\0\x38\x14\0\0\0\0\0\0\x04\0\0\0\x28\0\0\0\x48\x14\0\0\0\0\
\0\0\x04\0\0\0\x28\0\0\0\x58\x14\0\0\0\0\0\0\x04\0\0\0\x28\0\0\0\x68\x14\0\0\0\
\0\0\0\x04\0\0\0\x28\0\0\0\x80\x14\0\0\0\0\0\0\x04\0\0\0\x2a\0\0\0\x90\x14\0\0\
\0\0\0\0\x04\0\0\0\x2a\0\0\0\xa0\x14\0\0\0\0\0\0\x04\0\0\0\x2a\0\0\0\xb0\x14\0\
\0\0\0\0\0\x04\0\0\0\x2a\0\0\0\xc0\x14\0\0\0\0\0\0\x04\0\0\0\x2a\0\0\0\xd0\x14\
\0\0\0\0\0\0\x04\0\0\0\x2a\0\0\0\xe0\x14\0\0\0\0\0\0\x04\0\0\0\x2a\0\0\0\xf0\
\x14\0\0\0\0\0\0\x04\0\0\0\x2a\0\0\0\0\x15\0\0\0\0\0\0\x04\0\0\0\x2a\0\0\0\x10\
\x15\0\0\0\0\0\0\x04\0\0\0\x2a\0\0\0\x20\x15\0\0\0\0\0\0\x04\0\0\0\x2a\0\0\0\
\x30\x15\0\0\0\0\0\0\x04\0\0\0\x2a\0\0\0\x40\x15\0\0\0\0\0\0\x04\0\0\0\x2a\0\0\
\0\x50\x15\0\0\0\0\0\0\x04\0\0\0\x2a\0\0\0\x68\x15\0\0\0\0\0\0\x04\0\0\0\x2c\0\
\0\0\x78\x15\0\0\0\0\0\0\x04\0\0\0\x2c\0\0\0\x88\x15\0\0\0\0\0\0\x04\0\0\0\x2c\
\0\0\0\x98\x15\0\0\0\0\0\0\x04\0\0\0\x2c\0\0\0\xa8\x15\0\0\0\0\0\0\x04\0\0\0\
\x2c\0\0\0\xb8\x15\0\0\0\0\0\0\x04\0\0\0\x2c\0\0\0\xc8\x15\0\0\0\0\0\0\x04\0\0\
\0\x2c\0\0\0\xd8\x15\0\0\0\0\0\0\x04\0\0\0\x2c\0\0\0\xe8\x15\0\0\0\0\0\0\x04\0\
\0\0\x2c\0\0\0\xf8\x15\0\0\0\0\0\0\x04\0\0\0\x2c\0\0\0\x08\x16\0\0\0\0\0\0\x04\
\0\0\0\x2c\0\0\0\x18\x16\0\0\0\0\0\0\x04\0\0\0\x2c\0\0\0\x28\x16\0\0\0\0\0\0\
\x04\0\0\0\x2c\0\0\0\x38\x16\0\0\0\0\0\0\x04\0\0\0\x2c\0\0\0\x48\x16\0\0\0\0\0\
\0\x04\0\0\0\x2c\0\0\0\x60\x16\0\0\0\0\0\0\x04\0\0\0\x2e\0\0\0\x70\x16\0\0\0\0\
\0\0\x04\0\0\0\x2e\0\0\0\x80\x16\0\0\0\0\0\0\x04\0\0\0\x2e\0\0\0\x90\x16\0\0\0\
\0\0\0\x04\0\0\0\x2e\0\0\0\xa0\x16\0\0\0\0\0\0\x04\0\0\0\x2e\0\0\0\xb0\x16\0\0\
\0\0\0\0\x04\0\0\0\x2e\0\0\0\xc0\x16\0\0\0\0\0\0\x04\0\0\0\x2e\0\0\0\xd0\x16\0\
\0\0\0\0\0\x04\0\0\0\x2e\0\0\0\xe0\x16\0\0\0\0\0\0\x04\0\0\0\x2e\0\0\0\xf0\x16\
\0\0\0\0\0\0\x04\0\0\0\x2e\0\0\0\0\x17\0\0\0\0\0\0\x04\0\0\0\x2e\0\0\0\x10\x17\
\0\0\0\0\0\0\x04\0\0\0\x2e\0\0\0\x20\x17\0\0\0\0\0\0\x04\0\0\0\x2e\0\0\0\x30\
\x17\0\0\0\0\0\0\x04\0\0\0\x2e\0\0\0\x40\x17\0\0\0\0\0\0\x04\0\0\0\x2e\0\0\0\
\x50\x17\0\0\0\0\0\0\x04\0\0\0\x2e\0\0\0\x60\x17\0\0\0\0\0\0\x04\0\0\0\x2e\0\0\
\0\x70\x17\0\0\0\0\0\0\x04\0\0\0\x2e\0\0\0\x80\x17\0\0\0\0\0\0\x04\0\0\0\x2e\0\
\0\0\x90\x17\0\0\0\0\0\0\x04\0\0\0\x2e\0\0\0\xa0\x17\0\0\0\0\0\0\x04\0\0\0\x2e\
\0\0\0\xb8\x17\0\0\0\0\0\0\x04\0\0\0\x32\0\0\0\xc8\x17\0\0\0\0\0\0\x04\0\0\0\
\x32\0\0\0\xd8\x17\0\0\0\0\0\0\x04\0\0\0\x32\0\0\0\xe8\x17\0\0\0\0\0\0\x04\0\0\
\0\x32\0\0\0\xf8\x17\0\0\0\0\0\0\x04\0\0\0\x32\0\0\0\x08\x18\0\0\0\0\0\0\x04\0\
\0\0\x32\0\0\0\x18\x18\0\0\0\0\0\0\x04\0\0\0\x32\0\0\0\x28\x18\0\0\0\0\0\0\x04\
\0\0\0\x32\0\0\0\x38\x18\0\0\0\0\0\0\x04\0\0\0\x32\0\0\0\x48\x18\0\0\0\0\0\0\
\x04\0\0\0\x32\0\0\0\x58\x18\0\0\0\0\0\0\x04\0\0\0\x32\0\0\0\x68\x18\0\0\0\0\0\
\0\x04\0\0\0\x32\0\0\0\x78\x18\0\0\0\0\0\0\x04\0\0\0\x32\0\0\0\x88\x18\0\0\0\0\
\0\0\x04\0\0\0\x32\0\0\0\x98\x18\0\0\0\0\0\0\x04\0\0\0\x32\0\0\0\xa8\x18\0\0\0\
\0\0\0\x04\0\0\0\x32\0\0\0\xb8\x18\0\0\0\0\0\0\x04\0\0\0\x32\0\0\0\xc8\x18\0\0\
\0\0\0\0\x04\0\0\0\x32\0\0\0\xd8\x18\0\0\0\0\0\0\x04\0\0\0\x32\0\0\0\xe8\x18\0\
\0\0\0\0\0\x04\0\0\0\x32\0\0\0\xf8\x18\0\0\0\0\0\0\x04\0\0\0\x32\0\0\0\x08\x19\
\0\0\0\0\0\0\x04\0\0\0\x32\0\0\0\x18\x19\0\0\0\0\0\0\x04\0\0\0\x32\0\0\0\x28\
\x19\0\0\0\0\0\0\x04\0\0\0\x32\0\0\0\x38\x19\0\0\0\0\0\0\x04\0\0\0\x32\0\0\0\
\x48\x19\0\0\0\0\0\0\x04\0\0\0\x32\0\0\0\x58\x19\0\0\0\0\0\0\x04\0\0\0\x32\0\0\
\0\x68\x19\0\0\0\0\0\0\x04\0\0\0\x32\0\0\0\x78\x19\0\0\0\0\0\0\x04\0\0\0\x32\0\
\0\0\x88\x19\0\0\0\0\0\0\x04\0\0\0\x32\0\0\0\x98\x19\0\0\0\0\0\0\x04\0\0\0\x32\
\0\0\0\xa8\x19\0\0\0\0\0\0\x04\0\0\0\x32\0\0\0\xb8\x19\0\0\0\0\0\0\x04\0\0\0\
\x32\0\0\0\xc8\x19\0\0\0\0\0\0\x04\0\0\0\x32\0\0\0\xd8\x19\0\0\0\0\0\0\x04\0\0\
\0\x32\0\0\0\xe8\x19\0\0\0\0\0\0\x04\0\0\0\x32\0\0\0\xf8\x19\0\0\0\0\0\0\x04\0\
\0\0\x32\0\0\0\x08\x1a\0\0\0\0\0\0\x04\0\0\0\x32\0\0\0\x18\x1a\0\0\0\0\0\0\x04\
\0\0\0\x32\0\0\0\x28\x1a\0\0\0\0\0\0\x04\0\0\0\x32\0\0\0\x38\x1a\0\0\0\0\0\0\
\x04\0\0\0\x32\0\0\0\x48\x1a\0\0\0\0\0\0\x04\0\0\0\x32\0\0\0\x58\x1a\0\0\0\0\0\
\0\x04\0\0\0\x32\0\0\0\x68\x1a\0\0\0\0\0\0\x04\0\0\0\x32\0\0\0\x78\x1a\0\0\0\0\
\0\0\x04\0\0\0\x32\0\0\0\x88\x1a\0\0\0\0\0\0\x04\0\0\0\x32\0\0\0\x98\x1a\0\0\0\
\0\0\0\x04\0\0\0\x32\0\0\0\xa8\x1a\0\0\0\0\0\0\x04\0\0\0\x32\0\0\0\xb8\x1a\0\0\
\0\0\0\0\x04\0\0\0\x32\0\0\0\xc8\x1a\0\0\0\0\0\0\x04\0\0\0\x32\0\0\0\xd8\x1a\0\
\0\0\0\0\0\x04\0\0\0\x32\0\0\0\xf0\x1a\0\0\0\0\0\0\x04\0\0\0\x38\0\0\0\0\x1b\0\
\0\0\0\0\0\x04\0\0\0\x38\0\0\0\x10\x1b\0\0\0\0\0\0\x04\0\0\0\x38\0\0\0\x20\x1b\
\0\0\0\0\0\0\x04\0\0\0\x38\0\0\0\x30\x1b\0\0\0\0\0\0\x04\0\0\0\x38\0\0\0\x40\
\x1b\0\0\0\0\0\0\x04\0\0\0\x38\0\0\0\x50\x1b\0\0\0\0\0\0\x04\0\0\0\x38\0\0\0\
\x60\x1b\0\0\0\0\0\0\x04\0\0\0\x38\0\0\0\x70\x1b\0\0\0\0\0\0\x04\0\0\0\x38\0\0\
\0\x80\x1b\0\0\0\0\0\0\x04\0\0\0\x38\0\0\0\x90\x1b\0\0\0\0\0\0\x04\0\0\0\x38\0\
\0\0\xa0\x1b\0\0\0\0\0\0\x04\0\0\0\x38\0\0\0\xb0\x1b\0\0\0\0\0\0\x04\0\0\0\x38\
\0\0\0\xc0\x1b\0\0\0\0\0\0\x04\0\0\0\x38\0\0\0\xd0\x1b\0\0\0\0\0\0\x04\0\0\0\
\x38\0\0\0\xe0\x1b\0\0\0\0\0\0\x04\0\0\0\x38\0\0\0\xf0\x1b\0\0\0\0\0\0\x04\0\0\
\0\x38\0\0\0\0\x1c\0\0\0\0\0\0\x04\0\0\0\x38\0\0\0\x10\x1c\0\0\0\0\0\0\x04\0\0\
\0\x38\0\0\0\x20\x1c\0\0\0\0\0\0\x04\0\0\0\x38\0\0\0\x30\x1c\0\0\0\0\0\0\x04\0\
\0\0\x38\0\0\0\x48\x1c\0\0\0\0\0\0\x04\0\0\0\x3c\0\0\0\x58\x1c\0\0\0\0\0\0\x04\
\0\0\0\x3c\0\0\0\x68\x1c\0\0\0\0\0\0\x04\0\0\0\x3c\0\0\0\x78\x1c\0\0\0\0\0\0\
\x04\0\0\0\x3c\0\0\0\x88\x1c\0\0\0\0\0\0\x04\0\0\0\x3c\0\0\0\x98\x1c\0\0\0\0\0\
\0\x04\0\0\0\x3c\0\0\0\xa8\x1c\0\0\0\0\0\0\x04\0\0\0\x3c\0\0\0\xb8\x1c\0\0\0\0\
\0\0\x04\0\0\0\x3c\0\0\0\xc8\x1c\0\0\0\0\0\0\x04\0\0\0\x3c\0\0\0\xd8\x1c\0\0\0\
\0\0\0\x04\0\0\0\x3c\0\0\0\xe8\x1c\0\0\0\0\0\0\x04\0\0\0\x3c\0\0\0\xf8\x1c\0\0\
\0\0\0\0\x04\0\0\0\x3c\0\0\0\x08\x1d\0\0\0\0\0\0\x04\0\0\0\x3c\0\0\0\x18\x1d\0\
\0\0\0\0\0\x04\0\0\0\x3c\0\0\0\x28\x1d\0\0\0\0\0\0\x04\0\0\0\x3c\0\0\0\x38\x1d\
\0\0\0\0\0\0\x04\0\0\0\x3c\0\0\0\x48\x1d\0\0\0\0\0\0\x04\0\0\0\x3c\0\0\0\x58\
\x1d\0\0\0\0\0\0\x04\0\0\0\x3c\0\0\0\x68\x1d\0\0\0\0\0\0\x04\0\0\0\x3c\0\0\0\
\x78\x1d\0\0\0\0\0\0\x04\0\0\0\x3c\0\0\0\x88\x1d\0\0\0\0\0\0\x04\0\0\0\x3c\0\0\
\0\x98\x1d\0\0\0\0\0\0\x04\0\0\0\x3c\0\0\0\xa8\x1d\0\0\0\0\0\0\x04\0\0\0\x3c\0\
\0\0\xb8\x1d\0\0\0\0\0\0\x04\0\0\0\x3c\0\0\0\xc8\x1d\0\0\0\0\0\0\x04\0\0\0\x3c\
\0\0\0\xd8\x1d\0\0\0\0\0\0\x04\0\0\0\x3c\0\0\0\xe8\x1d\0\0\0\0\0\0\x04\0\0\0\
\x3c\0\0\0\xf8\x1d\0\0\0\0\0\0\x04\0\0\0\x3c\0\0\0\x08\x1e\0\0\0\0\0\0\x04\0\0\
\0\x3c\0\0\0\x18\x1e\0\0\0\0\0\0\x04\0\0\0\x3c\0\0\0\x28\x1e\0\0\0\0\0\0\x04\0\
\0\0\x3c\0\0\0\x38\x1e\0\0\0\0\0\0\x04\0\0\0\x3c\0\0\0\x48\x1e\0\0\0\0\0\0\x04\
\0\0\0\x3c\0\0\0\x58\x1e\0\0\0\0\0\0\x04\0\0\0\x3c\0\0\0\x68\x1e\0\0\0\0\0\0\
\x04\0\0\0\x3c\0\0\0\x78\x1e\0\0\0\0\0\0\x04\0\0\0\x3c\0\0\0\x88\x1e\0\0\0\0\0\
\0\x04\0\0\0\x3c\0\0\0\x98\x1e\0\0\0\0\0\0\x04\0\0\0\x3c\0\0\0\xa8\x1e\0\0\0\0\
\0\0\x04\0\0\0\x3c\0\0\0\xb8\x1e\0\0\0\0\0\0\x04\0\0\0\x3c\0\0\0\xc8\x1e\0\0\0\
\0\0\0\x04\0\0\0\x3c\0\0\0\xd8\x1e\0\0\0\0\0\0\x04\0\0\0\x3c\0\0\0\xe8\x1e\0\0\
\0\0\0\0\x04\0\0\0\x3c\0\0\0\xf8\x1e\0\0\0\0\0\0\x04\0\0\0\x3c\0\0\0\x08\x1f\0\
\0\0\0\0\0\x04\0\0\0\x3c\0\0\0\x18\x1f\0\0\0\0\0\0\x04\0\0\0\x3c\0\0\0\x28\x1f\
\0\0\0\0\0\0\x04\0\0\0\x3c\0\0\0\x38\x1f\0\0\0\0\0\0\x04\0\0\0\x3c\0\0\0\x48\
\x1f\0\0\0\0\0\0\x04\0\0\0\x3c\0\0\0\x58\x1f\0\0\0\0\0\0\x04\0\0\0\x3c\0\0\0\
\x70\x1f\0\0\0\0\0\0\x04\0\0\0\x41\0\0\0\x80\x1f\0\0\0\0\0\0\x04\0\0\0\x41\0\0\
\0\x90\x1f\0\0\0\0\0\0\x04\0\0\0\x41\0\0\0\xa0\x1f\0\0\0\0\0\0\x04\0\0\0\x41\0\
\0\0\xb0\x1f\0\0\0\0\0\0\x04\0\0\0\x41\0\0\0\xc0\x1f\0\0\0\0\0\0\x04\0\0\0\x41\
\0\0\0\xd0\x1f\0\0\0\0\0\0\x04\0\0\0\x41\0\0\0\xe0\x1f\0\0\0\0\0\0\x04\0\0\0\
\x41\0\0\0\xf0\x1f\0\0\0\0\0\0\x04\0\0\0\x41\0\0\0\0\x20\0\0\0\0\0\0\x04\0\0\0\
\x41\0\0\0\x10\x20\0\0\0\0\0\0\x04\0\0\0\x41\0\0\0\x20\x20\0\0\0\0\0\0\x04\0\0\
\0\x41\0\0\0\x30\x20\0\0\0\0\0\0\x04\0\0\0\x41\0\0\0\x40\x20\0\0\0\0\0\0\x04\0\
\0\0\x41\0\0\0\x50\x20\0\0\0\0\0\0\x04\0\0\0\x41\0\0\0\x60\x20\0\0\0\0\0\0\x04\
\0\0\0\x41\0\0\0\x70\x20\0\0\0\0\0\0\x04\0\0\0\x41\0\0\0\x80\x20\0\0\0\0\0\0\
\x04\0\0\0\x41\0\0\0\x90\x20\0\0\0\0\0\0\x04\0\0\0\x41\0\0\0\xa0\x20\0\0\0\0\0\
\0\x04\0\0\0\x41\0\0\0\xb0\x20\0\0\0\0\0\0\x04\0\0\0\x41\0\0\0\xc0\x20\0\0\0\0\
\0\0\x04\0\0\0\x41\0\0\0\xd0\x20\0\0\0\0\0\0\x04\0\0\0\x41\0\0\0\xe0\x20\0\0\0\
\0\0\0\x04\0\0\0\x41\0\0\0\xf0\x20\0\0\0\0\0\0\x04\0\0\0\x41\0\0\0\0\x21\0\0\0\
\0\0\0\x04\0\0\0\x41\0\0\0\x18\x21\0\0\0\0\0\0\x04\0\0\0\x45\0\0\0\x28\x21\0\0\
\0\0\0\0\x04\0\0\0\x45\0\0\0\x38\x21\0\0\0\0\0\0\x04\0\0\0\x45\0\0\0\x48\x21\0\
\0\0\0\0\0\x04\0\0\0\x45\0\0\0\x58\x21\0\0\0\0\0\0\x04\0\0\0\x45\0\0\0\x68\x21\
\0\0\0\0\0\0\x04\0\0\0\x45\0\0\0\x78\x21\0\0\0\0\0\0\x04\0\0\0\x45\0\0\0\x88\
\x21\0\0\0\0\0\0\x04\0\0\0\x45\0\0\0\x98\x21\0\0\0\0\0\0\x04\0\0\0\x45\0\0\0\
\xa8\x21\0\0\0\0\0\0\x04\0\0\0\x45\0\0\0\xb8\x21\0\0\0\0\0\0\x04\0\0\0\x45\0\0\
\0\xc8\x21\0\0\0\0\0\0\x04\0\0\0\x45\0\0\0\xd8\x21\0\0\0\0\0\0\x04\0\0\0\x45\0\
\0\0\xe8\x21\0\0\0\0\0\0\x04\0\0\0\x45\0\0\0\xf8\x21\0\0\0\0\0\0\x04\0\0\0\x45\
\0\0\0\x08\x22\0\0\0\0\0\0\x04\0\0\0\x45\0\0\0\x18\x22\0\0\0\0\0\0\x04\0\0\0\
\x45\0\0\0\x28\x22\0\0\0\0\0\0\x04\0\0\0\x45\0\0\0\x38\x22\0\0\0\0\0\0\x04\0\0\
\0\x45\0\0\0\x48\x22\0\0\0\0\0\0\x04\0\0\0\x45\0\0\0\x58\x22\0\0\0\0\0\0\x04\0\
\0\0\x45\0\0\0\x68\x22\0\0\0\0\0\0\x04\0\0\0\x45\0\0\0\x78\x22\0\0\0\0\0\0\x04\
\0\0\0\x45\0\0\0\x88\x22\0\0\0\0\0\0\x04\0\0\0\x45\0\0\0\x98\x22\0\0\0\0\0\0\
\x04\0\0\0\x45\0\0\0\xa8\x22\0\0\0\0\0\0\x04\0\0\0\x45\0\0\0\xb8\x22\0\0\0\0\0\
\0\x04\0\0\0\x45\0\0\0\xc8\x22\0\0\0\0\0\0\x04\0\0\0\x45\0\0\0\xd8\x22\0\0\0\0\
\0\0\x04\0\0\0\x45\0\0\0\xf4\x22\0\0\0\0\0\0\x04\0\0\0\x2e\0\0\0\x04\x23\0\0\0\
\0\0\0\x04\0\0\0\x2e\0\0\0\x1c\x23\0\0\0\0\0\0\x04\0\0\0\x32\0\0\0\x2c\x23\0\0\
\0\0\0\0\x04\0\0\0\x32\0\0\0\x3c\x23\0\0\0\0\0\0\x04\0\0\0\x32\0\0\0\x4c\x23\0\
\0\0\0\0\0\x04\0\0\0\x32\0\0\0\x5c\x23\0\0\0\0\0\0\x04\0\0\0\x32\0\0\0\x6c\x23\
\0\0\0\0\0\0\x04\0\0\0\x32\0\0\0\x84\x23\0\0\0\0\0\0\x04\0\0\0\x38\0\0\0\x94\
\x23\0\0\0\0\0\0\x04\0\0\0\x38\0\0\0\xac\x23\0\0\0\0\0\0\x04\0\0\0\x3c\0\0\0\
\xbc\x23\0\0\0\0\0\0\x04\0\0\0\x3c\0\0\0\xcc\x23\0\0\0\0\0\0\x04\0\0\0\x3c\0\0\
\0\xdc\x23\0\0\0\0\0\0\x04\0\0\0\x3c\0\0\0\xec\x23\0\0\0\0\0\0\x04\0\0\0\x3c\0\
\0\0\x04\x24\0\0\0\0\0\0\x04\0\0\0\x41\0\0\0\x1c\x24\0\0\0\0\0\0\x04\0\0\0\x45\
\0\0\0\x2c\x24\0\0\0\0\0\0\x04\0\0\0\x45\0\0\0\x3c\x24\0\0\0\0\0\0\x04\0\0\0\
\x45\0\0\0\x14\0\0\0\0\0\0\0\x03\0\0\0\x50\0\0\0\x18\0\0\0\0\0\0\0\x02\0\0\0\
\x02\0\0\0\x2c\0\0\0\0\0\0\0\x03\0\0\0\x50\0\0\0\x30\0\0\0\0\0\0\0\x02\0\0\0\
\x04\0\0\0\x44\0\0\0\0\0\0\0\x03\0\0\0\x50\0\0\0\x48\0\0\0\0\0\0\0\x02\0\0\0\
\x06\0\0\0\x5c\0\0\0\0\0\0\0\x03\0\0\0\x50\0\0\0\x60\0\0\0\0\0\0\0\x02\0\0\0\
\x08\0\0\0\x74\0\0\0\0\0\0\0\x03\0\0\0\x50\0\0\0\x78\0\0\0\0\0\0\0\x02\0\0\0\
\x0a\0\0\0\x8c\0\0\0\0\0\0\0\x03\0\0\0\x50\0\0\0\x90\0\0\0\0\0\0\0\x02\0\0\0\
\x0c\0\0\0\xa4\0\0\0\0\0\0\0\x03\0\0\0\x50\0\0\0\xa8\0\0\0\0\0\0\0\x02\0\0\0\
\x0e\0\0\0\xbc\0\0\0\0\0\0\0\x03\0\0\0\x50\0\0\0\xc0\0\0\0\0\0\0\0\x02\0\0\0\
\x10\0\0\0\xd4\0\0\0\0\0\0\0\x03\0\0\0\x50\0\0\0\xd8\0\0\0\0\0\0\0\x02\0\0\0\
\x12\0\0\0\xec\0\0\0\0\0\0\0\x03\0\0\0\x50\0\0\0\xf0\0\0\0\0\0\0\0\x02\0\0\0\
\x14\0\0\0\x04\x01\0\0\0\0\0\0\x03\0\0\0\x50\0\0\0\x08\x01\0\0\0\0\0\0\x02\0\0\
\0\x16\0\0\0\x1c\x01\0\0\0\0\0\0\x03\0\0\0\x50\0\0\0\x20\x01\0\0\0\0\0\0\x02\0\
\0\0\x18\0\0\0\x34\x01\0\0\0\0\0\0\x03\0\0\0\x50\0\0\0\x38\x01\0\0\0\0\0\0\x02\
\0\0\0\x1a\0\0\0\x4c\x01\0\0\0\0\0\0\x03\0\0\0\x50\0\0\0\x50\x01\0\0\0\0\0\0\
\x02\0\0\0\x1c\0\0\0\x64\x01\0\0\0\0\0\0\x03\0\0\0\x50\0\0\0\x68\x01\0\0\0\0\0\
\0\x02\0\0\0\x1e\0\0\0\x7c\x01\0\0\0\0\0\0\x03\0\0\0\x50\0\0\0\x80\x01\0\0\0\0\
\0\0\x02\0\0\0\x20\0\0\0\x94\x01\0\0\0\0\0\0\x03\0\0\0\x50\0\0\0\x98\x01\0\0\0\
\0\0\0\x02\0\0\0\x22\0\0\0\xac\x01\0\0\0\0\0\0\x03\0\0\0\x50\0\0\0\xb0\x01\0\0\
\0\0\0\0\x02\0\0\0\x24\0\0\0\xc4\x01\0\0\0\0\0\0\x03\0\0\0\x50\0\0\0\xc8\x01\0\
\0\0\0\0\0\x02\0\0\0\x26\0\0\0\xdc\x01\0\0\0\0\0\0\x03\0\0\0\x50\0\0\0\xe0\x01\
\0\0\0\0\0\0\x02\0\0\0\x28\0\0\0\xf4\x01\0\0\0\0\0\0\x03\0\0\0\x50\0\0\0\xf8\
\x01\0\0\0\0\0\0\x02\0\0\0\x2a\0\0\0\x0c\x02\0\0\0\0\0\0\x03\0\0\0\x50\0\0\0\
\x10\x02\0\0\0\0\0\0\x02\0\0\0\x2c\0\0\0\x24\x02\0\0\0\0\0\0\x03\0\0\0\x50\0\0\
\0\x28\x02\0\0\0\0\0\0\x02\0\0\0\x2e\0\0\0\x3c\x02\0\0\0\0\0\0\x03\0\0\0\x50\0\
\0\0\x40\x02\0\0\0\0\0\0\x02\0\0\0\x32\0\0\0\x54\x02\0\0\0\0\0\0\x03\0\0\0\x50\
\0\0\0\x58\x02\0\0\0\0\0\0\x02\0\0\0\x38\0\0\0\x6c\x02\0\0\0\0\0\0\x03\0\0\0\
\x50\0\0\0\x70\x02\0\0\0\0\0\0\x02\0\0\0\x3c\0\0\0\x84\x02\0\0\0\0\0\0\x03\0\0\
\0\x50\0\0\0\x88\x02\0\0\0\0\0\0\x02\0\0\0\x41\0\0\0\x9c\x02\0\0\0\0\0\0\x03\0\
\0\0\x50\0\0\0\xa0\x02\0\0\0\0\0\0\x02\0\0\0\x45\0\0\0\x22\0\0\0\0\0\0\0\x03\0\
\0\0\x52\0\0\0\x26\0\0\0\0\0\0\0\x03\0\0\0\x52\0\0\0\x2a\0\0\0\0\0\0\0\x03\0\0\
\0\x52\0\0\0\x36\0\0\0\0\0\0\0\x03\0\0\0\x52\0\0\0\x4b\0\0\0\0\0\0\0\x03\0\0\0\
\x52\0\0\0\x60\0\0\0\0\0\0\0\x03\0\0\0\x52\0\0\0\x75\0\0\0\0\0\0\0\x03\0\0\0\
\x52\0\0\0\x8f\0\0\0\0\0\0\0\x02\0\0\0\x02\0\0\0\xe0\0\0\0\0\0\0\0\x02\0\0\0\
\x04\0\0\0\x31\x01\0\0\0\0\0\0\x02\0\0\0\x06\0\0\0\x84\x01\0\0\0\0\0\0\x02\0\0\
\0\x08\0\0\0\xd8\x01\0\0\0\0\0\0\x02\0\0\0\x0a\0\0\0\x2b\x02\0\0\0\0\0\0\x02\0\
\0\0\x0c\0\0\0\x7e\x02\0\0\0\0\0\0\x02\0\0\0\x0e\0\0\0\xd2\x02\0\0\0\0\0\0\x02\
\0\0\0\x10\0\0\0\x27\x03\0\0\0\0\0\0\x02\0\0\0\x12\0\0\0\x7a\x03\0\0\0\0\0\0\
\x02\0\0\0\x14\0\0\0\xce\x03\0\0\0\0\0\0\x02\0\0\0\x16\0\0\0\x22\x04\0\0\0\0\0\
\0\x02\0\0\0\x18\0\0\0\x76\x04\0\0\0\0\0\0\x02\0\0\0\x1a\0\0\0\xca\x04\0\0\0\0\
\0\0\x02\0\0\0\x1c\0\0\0\x1e\x05\0\0\0\0\0\0\x02\0\0\0\x1e\0\0\0\x72\x05\0\0\0\
\0\0\0\x02\0\0\0\x20\0\0\0\xc6\x05\0\0\0\0\0\0\x02\0\0\0\x22\0\0\0\x1b\x06\0\0\
\0\0\0\0\x02\0\0\0\x24\0\0\0\x70\x06\0\0\0\0\0\0\x02\0\0\0\x26\0\0\0\xc4\x06\0\
\0\0\0\0\0\x02\0\0\0\x28\0\0\0\x18\x07\0\0\0\0\0\0\x02\0\0\0\x2a\0\0\0\x6c\x07\
\0\0\0\0\0\0\x02\0\0\0\x2c\0\0\0\xc0\x07\0\0\0\0\0\0\x02\0\0\0\x2e\0\0\0\x30\
\x08\0\0\0\0\0\0\x02\0\0\0\x32\0\0\0\x2b\x09\0\0\0\0\0\0\x02\0\0\0\x38\0\0\0\
\x9b\x09\0\0\0\0\0\0\x02\0\0\0\x3c\0\0\0\x9b\x0a\0\0\0\0\0\0\x02\0\0\0\x41\0\0\
\0\x2f\x0b\0\0\0\0\0\0\x02\0\0\0\x45\0\0\0\x53\x55\x56\x57\x58\x59\x5a\x5b\x5c\
\x5d\x5e\x5f\x60\x61\x62\x63\x64\x65\x66\x67\x68\x69\x6a\x6d\x6e\x70\x71\x72\
\x73\x6c\x6f\x54\x6b\0\x2e\x72\x65\x6c\x75\x70\x72\x6f\x62\x65\x2f\x61\x6d\x66\
\x5f\x73\x6d\x5f\x6e\x6f\x74\x69\x66\x79\0\x2e\x72\x65\x6c\x75\x70\x72\x6f\x62\
\x65\x2f\x61\x6d\x66\x5f\x6e\x31\x6d\x73\x67\x5f\x6e\x6f\x74\x69\x66\x79\0\x2e\
\x72\x65\x6c\x75\x70\x72\x6f\x62\x65\x2f\x61\x6d\x66\x5f\x61\x6d\x5f\x74\x65\
\x72\x6d\x69\x6e\x61\x74\x65\x5f\x6e\x6f\x74\x69\x66\x79\0\x2e\x72\x65\x6c\x75\
\x70\x72\x6f\x62\x65\x2f\x61\x6d\x66\x5f\x61\x6d\x5f\x75\x70\x64\x61\x74\x65\
\x5f\x6e\x6f\x74\x69\x66\x79\0\x2e\x64\x65\x62\x75\x67\x5f\x61\x62\x62\x72\x65\
\x76\0\x2e\x72\x65\x6c\x75\x70\x72\x6f\x62\x65\x2f\x61\x6d\x66\x5f\x6f\x61\x6d\
\x5f\x75\x65\x5f\x63\x6f\x6e\x74\x65\x78\x74\0\x2e\x74\x65\x78\x74\0\x2e\x72\
\x65\x6c\x2e\x42\x54\x46\x2e\x65\x78\x74\0\x74\x72\x61\x63\x65\x5f\x61\x63\x63\
\x65\x70\x74\x5f\x65\x78\x69\x74\0\x74\x72\x61\x63\x65\x5f\x63\x6f\x6e\x6e\x65\
\x63\x74\x5f\x65\x78\x69\x74\0\x74\x72\x61\x63\x65\x5f\x72\x65\x61\x64\x5f\x65\
\x78\x69\x74\0\x2e\x72\x65\x6c\x74\x72\x61\x63\x65\x70\x6f\x69\x6e\x74\x2f\x73\
\x79\x73\x63\x61\x6c\x6c\x73\x2f\x73\x79\x73\x5f\x65\x78\x69\x74\x5f\x63\x6f\
\x6e\x6e\x65\x63\x74\0\x2e\x72\x65\x6c\x74\x72\x61\x63\x65\x70\x6f\x69\x6e\x74\
\x2f\x73\x79\x73\x63\x61\x6c\x6c\x73\x2f\x73\x79\x73\x5f\x65\x6e\x74\x65\x72\
\x5f\x63\x6f\x6e\x6e\x65\x63\x74\0\x2e\x72\x65\x6c\x75\x70\x72\x6f\x62\x65\x2f\
\x61\x6d\x66\x5f\x6e\x31\x6e\x32\x6d\x73\x67\x5f\x73\x74\x61\x74\0\x2e\x64\x65\
\x62\x75\x67\x5f\x72\x6e\x67\x6c\x69\x73\x74\x73\0\x2e\x64\x65\x62\x75\x67\x5f\
\x6c\x6f\x63\x6c\x69\x73\x74\x73\0\x65\x76\x65\x6e\x74\x73\0\x2e\x72\x65\x6c\
\x2e\x64\x65\x62\x75\x67\x5f\x73\x74\x72\x5f\x6f\x66\x66\x73\x65\x74\x73\0\x2e\
\x6d\x61\x70\x73\0\x2e\x64\x65\x62\x75\x67\x5f\x73\x74\x72\0\x2e\x64\x65\x62\
\x75\x67\x5f\x6c\x69\x6e\x65\x5f\x73\x74\x72\0\x74\x72\x61\x63\x65\x5f\x61\x63\
\x63\x65\x70\x74\x5f\x65\x6e\x74\x65\x72\0\x74\x72\x61\x63\x65\x5f\x63\x6f\x6e\
\x6e\x65\x63\x74\x5f\x65\x6e\x74\x65\x72\0\x74\x72\x61\x63\x65\x5f\x77\x72\x69\
\x74\x65\x5f\x65\x6e\x74\x65\x72\0\x2e\x72\x65\x6c\x75\x70\x72\x6f\x62\x65\x2f\
\x61\x6d\x66\x5f\x6e\x31\x6e\x32\x6d\x73\x67\x5f\x74\x72\x61\x6e\x73\x66\x65\
\x72\0\x2e\x72\x65\x6c\x75\x70\x72\x6f\x62\x65\x2f\x61\x6d\x66\x5f\x75\x65\x5f\
\x74\x72\x61\x6e\x73\x66\x65\x72\0\x2e\x72\x65\x6c\x2e\x64\x65\x62\x75\x67\x5f\
\x61\x64\x64\x72\0\x61\x6d\x66\x5f\x63\x67\x72\x6f\x75\x70\x5f\x6d\x61\x70\0\
\x2e\x72\x65\x6c\x75\x70\x72\x6f\x62\x65\x2f\x61\x6d\x66\x5f\x64\x6f\x6d\x61\
\x69\x6e\x5f\x73\x65\x6c\x5f\x69\x6e\x66\x6f\0\x2e\x72\x65\x6c\x2e\x64\x65\x62\
\x75\x67\x5f\x69\x6e\x66\x6f\0\x2e\x72\x65\x6c\x75\x70\x72\x6f\x62\x65\x2f\x61\
\x6d\x66\x5f\x6c\x6f\x63\x5f\x69\x6e\x66\x6f\0\x2e\x72\x65\x6c\x75\x70\x72\x6f\
\x62\x65\x2f\x61\x6d\x66\x5f\x75\x65\x5f\x61\x73\x73\x69\x67\x6e\x5f\x65\x62\
\x69\0\x61\x63\x63\x65\x70\x74\x5f\x73\x63\x72\x61\x74\x63\x68\0\x63\x6f\x6e\
\x6e\x65\x63\x74\x5f\x73\x63\x72\x61\x74\x63\x68\0\x2e\x6c\x6c\x76\x6d\x5f\x61\
\x64\x64\x72\x73\x69\x67\0\x2e\x72\x65\x6c\x74\x72\x61\x63\x65\x70\x6f\x69\x6e\
\x74\x2f\x73\x79\x73\x63\x61\x6c\x6c\x73\x2f\x73\x79\x73\x5f\x65\x6e\x74\x65\
\x72\x5f\x77\x72\x69\x74\x65\0\x2e\x72\x65\x6c\x75\x70\x72\x6f\x62\x65\x2f\x61\
\x6d\x66\x5f\x75\x65\x5f\x63\x72\x65\x61\x74\x65\0\x2e\x72\x65\x6c\x75\x70\x72\
\x6f\x62\x65\x2f\x61\x6d\x66\x5f\x75\x65\x5f\x72\x65\x67\x5f\x73\x74\x61\x74\
\x5f\x75\x70\x64\x61\x74\x65\0\x6c\x69\x63\x65\x6e\x73\x65\0\x2e\x72\x65\x6c\
\x75\x70\x72\x6f\x62\x65\x2f\x61\x6d\x66\x5f\x75\x65\x5f\x72\x65\x6c\x65\x61\
\x73\x65\0\x2e\x72\x65\x6c\x2e\x64\x65\x62\x75\x67\x5f\x6c\x69\x6e\x65\0\x2e\
\x72\x65\x6c\x2e\x64\x65\x62\x75\x67\x5f\x66\x72\x61\x6d\x65\0\x2e\x72\x65\x6c\
\x74\x72\x61\x63\x65\x70\x6f\x69\x6e\x74\x2f\x73\x79\x73\x63\x61\x6c\x6c\x73\
\x2f\x73\x79\x73\x5f\x65\x78\x69\x74\x5f\x72\x65\x61\x64\0\x61\x6d\x66\x5f\x74\
\x72\x61\x63\x65\x72\x2e\x62\x70\x66\x2e\x63\0\x2e\x72\x65\x6c\x75\x70\x72\x6f\
\x62\x65\x2f\x61\x6d\x66\x5f\x73\x74\x61\x74\x5f\x63\x68\x5f\x75\x6e\x73\x75\
\x62\0\x2e\x72\x65\x6c\x75\x70\x72\x6f\x62\x65\x2f\x61\x6d\x66\x5f\x6e\x31\x6e\
\x32\x6d\x73\x67\x5f\x75\x6e\x73\x75\x62\0\x2e\x72\x65\x6c\x75\x70\x72\x6f\x62\
\x65\x2f\x61\x6d\x66\x5f\x6d\x6f\x64\x69\x66\x79\x5f\x65\x76\x65\x6e\x74\x5f\
\x73\x75\x62\0\x2e\x72\x65\x6c\x75\x70\x72\x6f\x62\x65\x2f\x61\x6d\x66\x5f\x64\
\x65\x6c\x65\x74\x65\x5f\x65\x76\x65\x6e\x74\x5f\x73\x75\x62\0\x2e\x72\x65\x6c\
\x75\x70\x72\x6f\x62\x65\x2f\x61\x6d\x66\x5f\x63\x72\x65\x61\x74\x65\x5f\x65\
\x76\x65\x6e\x74\x5f\x73\x75\x62\0\x2e\x72\x65\x6c\x75\x70\x72\x6f\x62\x65\x2f\
\x61\x6d\x66\x5f\x73\x74\x61\x74\x5f\x63\x68\x5f\x73\x75\x62\0\x2e\x72\x65\x6c\
\x75\x70\x72\x6f\x62\x65\x2f\x61\x6d\x66\x5f\x6e\x31\x6e\x32\x6d\x73\x67\x5f\
\x73\x75\x62\0\x2e\x72\x65\x6c\x75\x70\x72\x6f\x62\x65\x2f\x61\x6d\x66\x5f\x73\
\x74\x61\x74\x5f\x63\x68\x5f\x6d\x6f\x64\x5f\x73\x75\x62\0\x2e\x73\x74\x72\x74\
\x61\x62\0\x2e\x73\x79\x6d\x74\x61\x62\0\x2e\x72\x65\x6c\x2e\x42\x54\x46\0\x4c\
\x49\x43\x45\x4e\x53\x45\0\x4c\x42\x42\x32\x37\x5f\x37\0\x4c\x42\x42\x32\x36\
\x5f\x37\0\x4c\x42\x42\x32\x33\x5f\x37\0\x4c\x42\x42\x32\x34\x5f\x35\0\x4c\x42\
\x42\x32\x32\x5f\x35\0\x2e\x72\x65\x6c\x74\x72\x61\x63\x65\x70\x6f\x69\x6e\x74\
\x2f\x73\x79\x73\x63\x61\x6c\x6c\x73\x2f\x73\x79\x73\x5f\x65\x78\x69\x74\x5f\
\x61\x63\x63\x65\x70\x74\x34\0\x2e\x72\x65\x6c\x74\x72\x61\x63\x65\x70\x6f\x69\
\x6e\x74\x2f\x73\x79\x73\x63\x61\x6c\x6c\x73\x2f\x73\x79\x73\x5f\x65\x6e\x74\
\x65\x72\x5f\x61\x63\x63\x65\x70\x74\x34\0\x4c\x42\x42\x32\x37\x5f\x33\0\x4c\
\x42\x42\x32\x36\x5f\x33\0\x4c\x42\x42\x32\x35\x5f\x33\0\x4c\x42\x42\x32\x34\
\x5f\x33\0\x4c\x42\x42\x32\x33\x5f\x33\0\x4c\x42\x42\x32\x32\x5f\x33\0\x4c\x42\
\x42\x39\x5f\x32\0\x4c\x42\x42\x31\x39\x5f\x32\0\x4c\x42\x42\x38\x5f\x32\0\x4c\
\x42\x42\x31\x38\x5f\x32\0\x4c\x42\x42\x37\x5f\x32\0\x4c\x42\x42\x32\x37\x5f\
\x32\0\x4c\x42\x42\x31\x37\x5f\x32\0\x4c\x42\x42\x36\x5f\x32\0\x4c\x42\x42\x32\
\x36\x5f\x32\0\x4c\x42\x42\x31\x36\x5f\x32\0\x4c\x42\x42\x35\x5f\x32\0\x4c\x42\
\x42\x32\x35\x5f\x32\0\x4c\x42\x42\x31\x35\x5f\x32\0\x4c\x42\x42\x34\x5f\x32\0\
\x4c\x42\x42\x32\x34\x5f\x32\0\x4c\x42\x42\x31\x34\x5f\x32\0\x4c\x42\x42\x33\
\x5f\x32\0\x4c\x42\x42\x32\x33\x5f\x32\0\x4c\x42\x42\x31\x33\x5f\x32\0\x4c\x42\
\x42\x32\x5f\x32\0\x4c\x42\x42\x32\x32\x5f\x32\0\x4c\x42\x42\x31\x32\x5f\x32\0\
\x4c\x42\x42\x31\x5f\x32\0\x4c\x42\x42\x32\x31\x5f\x32\0\x4c\x42\x42\x31\x31\
\x5f\x32\0\x4c\x42\x42\x30\x5f\x32\0\x4c\x42\x42\x32\x30\x5f\x32\0\x4c\x42\x42\
\x31\x30\x5f\x32\0\x4c\x42\x42\x32\x35\x5f\x31\x31\0\x4c\x42\x42\x32\x33\x5f\
\x31\x31\0\x2e\x72\x6f\x64\x61\x74\x61\x2e\x73\x74\x72\x31\x2e\x31\0\x4c\x42\
\x42\x32\x35\x5f\x31\x30\0\x4c\x42\x42\x32\x33\x5f\x31\x30\0\0\0\0\0\0\0\0\0\0\
\0\0\0\0\0\0\0\0\0\0\0\0\0\0\0\0\0\0\0\0\0\0\0\0\0\0\0\0\0\0\0\0\0\0\0\0\0\0\0\
\0\0\0\0\0\0\0\0\0\0\0\0\0\0\0\0\0\0\0\0\0\0\0\xab\x04\0\0\x03\0\0\0\0\0\0\0\0\
\0\0\0\0\0\0\0\0\0\0\0\x61\x41\x01\0\0\0\0\0\x80\x06\0\0\0\0\0\0\0\0\0\0\0\0\0\
\0\x01\0\0\0\0\0\0\0\0\0\0\0\0\0\0\0\xa5\0\0\0\x01\0\0\0\x06\0\0\0\0\0\0\0\0\0\
\0\0\0\0\0\0\x40\0\0\0\0\0\0\0\0\0\0\0\0\0\0\0\0\0\0\0\0\0\0\0\x04\0\0\0\0\0\0\
\0\0\0\0\0\0\0\0\0\x5a\x04\0\0\x01\0\0\0\x06\0\0\0\0\0\0\0\0\0\0\0\0\0\0\0\x40\
\0\0\0\0\0\0\0\x98\x04\0\0\0\0\0\0\0\0\0\0\0\0\0\0\x08\0\0\0\0\0\0\0\0\0\0\0\0\
\0\0\0\x56\x04\0\0\x09\0\0\0\x40\0\0\0\0\0\0\0\0\0\0\0\0\0\0\0\xb0\x06\x01\0\0\
\0\0\0\x10\0\0\0\0\0\0\0\x52\0\0\0\x03\0\0\0\x08\0\0\0\0\0\0\0\x10\0\0\0\0\0\0\
\0\xc0\x03\0\0\x01\0\0\0\x06\0\0\0\0\0\0\0\0\0\0\0\0\0\0\0\xd8\x04\0\0\0\0\0\0\
\xb0\x04\0\0\0\0\0\0\0\0\0\0\0\0\0\0\x08\0\0\0\0\0\0\0\0\0\0\0\0\0\0\0\xbc\x03\
\0\0\x09\0\0\0\x40\0\0\0\0\0\0\0\0\0\0\0\0\0\0\0\xc0\x06\x01\0\0\0\0\0\x10\0\0\
\0\0\0\0\0\x52\0\0\0\x05\0\0\0\x08\0\0\0\0\0\0\0\x10\0\0\0\0\0\0\0\x90\x04\0\0\
\x01\0\0\0\x06\0\0\0\0\0\0\0\0\0\0\0\0\0\0\0\x88\x09\0\0\0\0\0\0\xe8\x04\0\0\0\
\0\0\0\0\0\0\0\0\0\0\0\x08\0\0\0\0\0\0\0\0\0\0\0\0\0\0\0\x8c\x04\0\0\x09\0\0\0\
\x40\0\0\0\0\0\0\0\0\0\0\0\0\0\0\0\xd0\x06\x01\0\0\0\0\0\x10\0\0\0\0\0\0\0\x52\
\0\0\0\x07\0\0\0\x08\0\0\0\0\0\0\0\x10\0\0\0\0\0\0\0\x0b\x03\0\0\x01\0\0\0\x06\
\0\0\0\0\0\0\0\0\0\0\0\0\0\0\0\x70\x0e\0\0\0\0\0\0\xf8\x03\0\0\0\0\0\0\0\0\0\0\
\0\0\0\0\x08\0\0\0\0\0\0\0\0\0\0\0\0\0\0\0\x07\x03\0\0\x09\0\0\0\x40\0\0\0\0\0\
\0\0\0\0\0\0\0\0\0\0\xe0\x06\x01\0\0\0\0\0\x10\0\0\0\0\0\0\0\x52\0\0\0\x09\0\0\
\0\x08\0\0\0\0\0\0\0\x10\0\0\0\0\0\0\0\x99\x02\0\0\x01\0\0\0\x06\0\0\0\0\0\0\0\
\0\0\0\0\0\0\0\0\x68\x12\0\0\0\0\0\0\x18\x04\0\0\0\0\0\0\0\0\0\0\0\0\0\0\x08\0\
\0\0\0\0\0\0\0\0\0\0\0\0\0\0\x95\x02\0\0\x09\0\0\0\x40\0\0\0\0\0\0\0\0\0\0\0\0\
\0\0\0\xf0\x06\x01\0\0\0\0\0\x10\0\0\0\0\0\0\0\x52\0\0\0\x0b\0\0\0\x08\0\0\0\0\
\0\0\0\x10\0\0\0\0\0\0\0\x4e\x03\0\0\x01\0\0\0\x06\0\0\0\0\0\0\0\0\0\0\0\0\0\0\
\0\x80\x16\0\0\0\0\0\0\0\x04\0\0\0\0\0\0\0\0\0\0\0\0\0\0\x08\0\0\0\0\0\0\0\0\0\
\0\0\0\0\0\0\x4a\x03\0\0\x09\0\0\0\x40\0\0\0\0\0\0\0\0\0\0\0\0\0\0\0\0\x07\x01\
\0\0\0\0\0\x10\0\0\0\0\0\0\0\x52\0\0\0\x0d\0\0\0\x08\0\0\0\0\0\0\0\x10\0\0\0\0\
\0\0\0\x18\x02\0\0\x01\0\0\0\x06\0\0\0\0\0\0\0\0\0\0\0\0\0\0\0\x80\x1a\0\0\0\0\
\0\0\x18\x04\0\0\0\0\0\0\0\0\0\0\0\0\0\0\x08\0\0\0\0\0\0\0\0\0\0\0\0\0\0\0\x14\
\x02\0\0\x09\0\0\0\x40\0\0\0\0\0\0\0\0\0\0\0\0\0\0\0\x10\x07\x01\0\0\0\0\0\x10\
\0\0\0\0\0\0\0\x52\0\0\0\x0f\0\0\0\x08\0\0\0\0\0\0\0\x10\0\0\0\0\0\0\0\x24\x03\
\0\0\x01\0\0\0\x06\0\0\0\0\0\0\0\0\0\0\0\0\0\0\0\x98\x1e\0\0\0\0\0\0\xd0\x04\0\
\0\0\0\0\0\0\0\0\0\0\0\0\0\x08\0\0\0\0\0\0\0\0\0\0\0\0\0\0\0\x20\x03\0\0\x09\0\
\0\0\x40\0\0\0\0\0\0\0\0\0\0\0\0\0\0\0\x20\x07\x01\0\0\0\0\0\x10\0\0\0\0\0\0\0\
\x52\0\0\0\x11\0\0\0\x08\0\0\0\0\0\0\0\x10\0\0\0\0\0\0\0\x1e\0\0\0\x01\0\0\0\
\x06\0\0\0\0\0\0\0\0\0\0\0\0\0\0\0\x68\x23\0\0\0\0\0\0\x50\x04\0\0\0\0\0\0\0\0\
\0\0\0\0\0\0\x08\0\0\0\0\0\0\0\0\0\0\0\0\0\0\0\x1a\0\0\0\x09\0\0\0\x40\0\0\0\0\
\0\0\0\0\0\0\0\0\0\0\0\x30\x07\x01\0\0\0\0\0\x10\0\0\0\0\0\0\0\x52\0\0\0\x13\0\
\0\0\x08\0\0\0\0\0\0\0\x10\0\0\0\0\0\0\0\x05\0\0\0\x01\0\0\0\x06\0\0\0\0\0\0\0\
\0\0\0\0\0\0\0\0\xb8\x27\0\0\0\0\0\0\x98\x04\0\0\0\0\0\0\0\0\0\0\0\0\0\0\x08\0\
\0\0\0\0\0\0\0\0\0\0\0\0\0\0\x01\0\0\0\x09\0\0\0\x40\0\0\0\0\0\0\0\0\0\0\0\0\0\
\0\0\x40\x07\x01\0\0\0\0\0\x10\0\0\0\0\0\0\0\x52\0\0\0\x15\0\0\0\x08\0\0\0\0\0\
\0\0\x10\0\0\0\0\0\0\0\x5d\0\0\0\x01\0\0\0\x06\0\0\0\0\0\0\0\0\0\0\0\0\0\0\0\
\x50\x2c\0\0\0\0\0\0\x48\x04\0\0\0\0\0\0\0\0\0\0\0\0\0\0\x08\0\0\0\0\0\0\0\0\0\
\0\0\0\0\0\0\x59\0\0\0\x09\0\0\0\x40\0\0\0\0\0\0\0\0\0\0\0\0\0\0\0\x50\x07\x01\
\0\0\0\0\0\x10\0\0\0\0\0\0\0\x52\0\0\0\x17\0\0\0\x08\0\0\0\0\0\0\0\x10\0\0\0\0\
\0\0\0\x3a\0\0\0\x01\0\0\0\x06\0\0\0\0\0\0\0\0\0\0\0\0\0\0\0\x98\x30\0\0\0\0\0\
\0\x68\x04\0\0\0\0\0\0\0\0\0\0\0\0\0\0\x08\0\0\0\0\0\0\0\0\0\0\0\0\0\0\0\x36\0\
\0\0\x09\0\0\0\x40\0\0\0\0\0\0\0\0\0\0\0\0\0\0\0\x60\x07\x01\0\0\0\0\0\x10\0\0\
\0\0\0\0\0\x52\0\0\0\x19\0\0\0\x08\0\0\0\0\0\0\0\x10\0\0\0\0\0\0\0\x3a\x04\0\0\
\x01\0\0\0\x06\0\0\0\0\0\0\0\0\0\0\0\0\0\0\0\0\x35\0\0\0\0\0\0\xb8\x04\0\0\0\0\
\0\0\0\0\0\0\0\0\0\0\x08\0\0\0\0\0\0\0\0\0\0\0\0\0\0\0\x36\x04\0\0\x09\0\0\0\
\x40\0\0\0\0\0\0\0\0\0\0\0\0\0\0\0\x70\x07\x01\0\0\0\0\0\x10\0\0\0\0\0\0\0\x52\
\0\0\0\x1b\0\0\0\x08\0\0\0\0\0\0\0\x10\0\0\0\0\0\0\0\xfa\x03\0\0\x01\0\0\0\x06\
\0\0\0\0\0\0\0\0\0\0\0\0\0\0\0\xb8\x39\0\0\0\0\0\0\xc0\x04\0\0\0\0\0\0\0\0\0\0\
\0\0\0\0\x08\0\0\0\0\0\0\0\0\0\0\0\0\0\0\0\xf6\x03\0\0\x09\0\0\0\x40\0\0\0\0\0\
\0\0\0\0\0\0\0\0\0\0\x80\x07\x01\0\0\0\0\0\x10\0\0\0\0\0\0\0\x52\0\0\0\x1d\0\0\
\0\x08\0\0\0\0\0\0\0\x10\0\0\0\0\0\0\0\x1a\x04\0\0\x01\0\0\0\x06\0\0\0\0\0\0\0\
\0\0\0\0\0\0\0\0\x78\x3e\0\0\0\0\0\0\xb8\x04\0\0\0\0\0\0\0\0\0\0\0\0\0\0\x08\0\
\0\0\0\0\0\0\0\0\0\0\0\0\0\0\x16\x04\0\0\x09\0\0\0\x40\0\0\0\0\0\0\0\0\0\0\0\0\
\0\0\0\x90\x07\x01\0\0\0\0\0\x10\0\0\0\0\0\0\0\x52\0\0\0\x1f\0\0\0\x08\0\0\0\0\
\0\0\0\x10\0\0\0\0\0\0\0\xf8\x01\0\0\x01\0\0\0\x06\0\0\0\0\0\0\0\0\0\0\0\0\0\0\
\0\x30\x43\0\0\0\0\0\0\x70\x04\0\0\0\0\0\0\0\0\0\0\0\0\0\0\x08\0\0\0\0\0\0\0\0\
\0\0\0\0\0\0\0\xf4\x01\0\0\x09\0\0\0\x40\0\0\0\0\0\0\0\0\0\0\0\0\0\0\0\xa0\x07\
\x01\0\0\0\0\0\x10\0\0\0\0\0\0\0\x52\0\0\0\x21\0\0\0\x08\0\0\0\0\0\0\0\x10\0\0\
\0\0\0\0\0\x75\x04\0\0\x01\0\0\0\x06\0\0\0\0\0\0\0\0\0\0\0\0\0\0\0\xa0\x47\0\0\
\0\0\0\0\x88\x04\0\0\0\0\0\0\0\0\0\0\0\0\0\0\x08\0\0\0\0\0\0\0\0\0\0\0\0\0\0\0\
\x71\x04\0\0\x09\0\0\0\x40\0\0\0\0\0\0\0\0\0\0\0\0\0\0\0\xb0\x07\x01\0\0\0\0\0\
\x10\0\0\0\0\0\0\0\x52\0\0\0\x23\0\0\0\x08\0\0\0\0\0\0\0\x10\0\0\0\0\0\0\0\xdd\
\x03\0\0\x01\0\0\0\x06\0\0\0\0\0\0\0\0\0\0\0\0\0\0\0\x28\x4c\0\0\0\0\0\0\xa0\
\x04\0\0\0\0\0\0\0\0\0\0\0\0\0\0\x08\0\0\0\0\0\0\0\0\0\0\0\0\0\0\0\xd9\x03\0\0\
\x09\0\0\0\x40\0\0\0\0\0\0\0\0\0\0\0\0\0\0\0\xc0\x07\x01\0\0\0\0\0\x10\0\0\0\0\
\0\0\0\x52\0\0\0\x25\0\0\0\x08\0\0\0\0\0\0\0\x10\0\0\0\0\0\0\0\x44\x01\0\0\x01\
\0\0\0\x06\0\0\0\0\0\0\0\0\0\0\0\0\0\0\0\xc8\x50\0\0\0\0\0\0\xb8\x04\0\0\0\0\0\
\0\0\0\0\0\0\0\0\0\x08\0\0\0\0\0\0\0\0\0\0\0\0\0\0\0\x40\x01\0\0\x09\0\0\0\x40\
\0\0\0\0\0\0\0\0\0\0\0\0\0\0\0\xd0\x07\x01\0\0\0\0\0\x10\0\0\0\0\0\0\0\x52\0\0\
\0\x27\0\0\0\x08\0\0\0\0\0\0\0\x10\0\0\0\0\0\0\0\x81\x02\0\0\x01\0\0\0\x06\0\0\
\0\0\0\0\0\0\0\0\0\0\0\0\0\x80\x55\0\0\0\0\0\0\x28\x04\0\0\0\0\0\0\0\0\0\0\0\0\
\0\0\x08\0\0\0\0\0\0\0\0\0\0\0\0\0\0\0\x7d\x02\0\0\x09\0\0\0\x40\0\0\0\0\0\0\0\
\0\0\0\0\0\0\0\0\xe0\x07\x01\0\0\0\0\0\x10\0\0\0\0\0\0\0\x52\0\0\0\x29\0\0\0\
\x08\0\0\0\0\0\0\0\x10\0\0\0\0\0\0\0\x52\x02\0\0\x01\0\0\0\x06\0\0\0\0\0\0\0\0\
\0\0\0\0\0\0\0\xa8\x59\0\0\0\0\0\0\x80\x04\0\0\0\0\0\0\0\0\0\0\0\0\0\0\x08\0\0\
\0\0\0\0\0\0\0\0\0\0\0\0\0\x4e\x02\0\0\x09\0\0\0\x40\0\0\0\0\0\0\0\0\0\0\0\0\0\
\0\0\xf0\x07\x01\0\0\0\0\0\x10\0\0\0\0\0\0\0\x52\0\0\0\x2b\0\0\0\x08\0\0\0\0\0\
\0\0\x10\0\0\0\0\0\0\0\x8b\0\0\0\x01\0\0\0\x06\0\0\0\0\0\0\0\0\0\0\0\0\0\0\0\
\x28\x5e\0\0\0\0\0\0\x28\x04\0\0\0\0\0\0\0\0\0\0\0\0\0\0\x08\0\0\0\0\0\0\0\0\0\
\0\0\0\0\0\0\x87\0\0\0\x09\0\0\0\x40\0\0\0\0\0\0\0\0\0\0\0\0\0\0\0\0\x08\x01\0\
\0\0\0\0\x10\0\0\0\0\0\0\0\x52\0\0\0\x2d\0\0\0\x08\0\0\0\0\0\0\0\x10\0\0\0\0\0\
\0\0\x1a\x01\0\0\x01\0\0\0\x06\0\0\0\0\0\0\0\0\0\0\0\0\0\0\0\x50\x62\0\0\0\0\0\
\0\x20\x01\0\0\0\0\0\0\0\0\0\0\0\0\0\0\x08\0\0\0\0\0\0\0\0\0\0\0\0\0\0\0\x16\
\x01\0\0\x09\0\0\0\x40\0\0\0\0\0\0\0\0\0\0\0\0\0\0\0\x10\x08\x01\0\0\0\0\0\x20\
\0\0\0\0\0\0\0\x52\0\0\0\x2f\0\0\0\x08\0\0\0\0\0\0\0\x10\0\0\0\0\0\0\0\xf1\0\0\
\0\x01\0\0\0\x06\0\0\0\0\0\0\0\0\0\0\0\0\0\0\0\x70\x63\0\0\0\0\0\0\x68\x05\0\0\
\0\0\0\0\0\0\0\0\0\0\0\0\x08\0\0\0\0\0\0\0\0\0\0\0\0\0\0\0\xed\0\0\0\x09\0\0\0\
\x40\0\0\0\0\0\0\0\0\0\0\0\0\0\0\0\x30\x08\x01\0\0\0\0\0\x40\0\0\0\0\0\0\0\x52\
\0\0\0\x31\0\0\0\x08\0\0\0\0\0\0\0\x10\0\0\0\0\0\0\0\x21\x05\0\0\x01\0\0\0\x06\
\0\0\0\0\0\0\0\0\0\0\0\0\0\0\0\xd8\x68\0\0\0\0\0\0\x20\x01\0\0\0\0\0\0\0\0\0\0\
\0\0\0\0\x08\0\0\0\0\0\0\0\0\0\0\0\0\0\0\0\x1d\x05\0\0\x09\0\0\0\x40\0\0\0\0\0\
\0\0\0\0\0\0\0\0\0\0\x70\x08\x01\0\0\0\0\0\x20\0\0\0\0\0\0\0\x52\0\0\0\x33\0\0\
\0\x08\0\0\0\0\0\0\0\x10\0\0\0\0\0\0\0\xf8\x04\0\0\x01\0\0\0\x06\0\0\0\0\0\0\0\
\0\0\0\0\0\0\0\0\xf8\x69\0\0\0\0\0\0\x60\x05\0\0\0\0\0\0\0\0\0\0\0\0\0\0\x08\0\
\0\0\0\0\0\0\0\0\0\0\0\0\0\0\xf4\x04\0\0\x09\0\0\0\x40\0\0\0\0\0\0\0\0\0\0\0\0\
\0\0\0\x90\x08\x01\0\0\0\0\0\x40\0\0\0\0\0\0\0\x52\0\0\0\x35\0\0\0\x08\0\0\0\0\
\0\0\0\x10\0\0\0\0\0\0\0\xe3\x02\0\0\x01\0\0\0\x06\0\0\0\0\0\0\0\0\0\0\0\0\0\0\
\0\x58\x6f\0\0\0\0\0\0\xf8\x03\0\0\0\0\0\0\0\0\0\0\0\0\0\0\x08\0\0\0\0\0\0\0\0\
\0\0\0\0\0\0\0\xdf\x02\0\0\x09\0\0\0\x40\0\0\0\0\0\0\0\0\0\0\0\0\0\0\0\xd0\x08\
\x01\0\0\0\0\0\x20\0\0\0\0\0\0\0\x52\0\0\0\x37\0\0\0\x08\0\0\0\0\0\0\0\x10\0\0\
\0\0\0\0\0\x89\x03\0\0\x01\0\0\0\x06\0\0\0\0\0\0\0\0\0\0\0\0\0\0\0\x50\x73\0\0\
\0\0\0\0\x18\x04\0\0\0\0\0\0\0\0\0\0\0\0\0\0\x08\0\0\0\0\0\0\0\0\0\0\0\0\0\0\0\
\x85\x03\0\0\x09\0\0\0\x40\0\0\0\0\0\0\0\0\0\0\0\0\0\0\0\xf0\x08\x01\0\0\0\0\0\
\x20\0\0\0\0\0\0\0\x52\0\0\0\x39\0\0\0\x08\0\0\0\0\0\0\0\x10\0\0\0\0\0\0\0\x42\
\x03\0\0\x01\0\0\0\x03\0\0\0\0\0\0\0\0\0\0\0\0\0\0\0\x68\x77\0\0\0\0\0\0\x04\0\
\0\0\0\0\0\0\0\0\0\0\0\0\0\0\x01\0\0\0\0\0\0\0\0\0\0\0\0\0\0\0\x5f\x06\0\0\x01\
\0\0\0\x32\0\0\0\0\0\0\0\0\0\0\0\0\0\0\0\x6c\x77\0\0\0\0\0\0\xe8\x01\0\0\0\0\0\
\0\0\0\0\0\0\0\0\0\x01\0\0\0\0\0\0\0\x01\0\0\0\0\0\0\0\x9a\x01\0\0\x01\0\0\0\
\x03\0\0\0\0\0\0\0\0\0\0\0\0\0\0\0\x58\x79\0\0\0\0\0\0\x70\0\0\0\0\0\0\0\0\0\0\
\0\0\0\0\0\x08\0\0\0\0\0\0\0\0\0\0\0\0\0\0\0\x6c\x01\0\0\x01\0\0\0\0\0\0\0\0\0\
\0\0\0\0\0\0\0\0\0\0\xc8\x79\0\0\0\0\0\0\x5f\x05\0\0\0\0\0\0\0\0\0\0\0\0\0\0\
\x01\0\0\0\0\0\0\0\0\0\0\0\0\0\0\0\x79\0\0\0\x01\0\0\0\0\0\0\0\0\0\0\0\0\0\0\0\
\0\0\0\0\x27\x7f\0\0\0\0\0\0\xc1\x02\0\0\0\0\0\0\0\0\0\0\0\0\0\0\x01\0\0\0\0\0\
\0\0\0\0\0\0\0\0\0\0\x71\x02\0\0\x01\0\0\0\0\0\0\0\0\0\0\0\0\0\0\0\0\0\0\0\xe8\
\x81\0\0\0\0\0\0\xcc\x11\0\0\0\0\0\0\0\0\0\0\0\0\0\0\x01\0\0\0\0\0\0\0\0\0\0\0\
\0\0\0\0\x6d\x02\0\0\x09\0\0\0\x40\0\0\0\0\0\0\0\0\0\0\0\0\0\0\0\x10\x09\x01\0\
\0\0\0\0\x60\0\0\0\0\0\0\0\x52\0\0\0\x40\0\0\0\x08\0\0\0\0\0\0\0\x10\0\0\0\0\0\
\0\0\x5c\x01\0\0\x01\0\0\0\0\0\0\0\0\0\0\0\0\0\0\0\0\0\0\0\xb4\x93\0\0\0\0\0\0\
\x72\x02\0\0\0\0\0\0\0\0\0\0\0\0\0\0\x01\0\0\0\0\0\0\0\0\0\0\0\0\0\0\0\x87\x01\
\0\0\x01\0\0\0\0\0\0\0\0\0\0\0\0\0\0\0\0\0\0\0\x26\x96\0\0\0\0\0\0\xd0\x02\0\0\
\0\0\0\0\0\0\0\0\0\0\0\0\x01\0\0\0\0\0\0\0\0\0\0\0\0\0\0\0\x83\x01\0\0\x09\0\0\
\0\x40\0\0\0\0\0\0\0\0\0\0\0\0\0\0\0\x70\x09\x01\0\0\0\0\0\x20\x0b\0\0\0\0\0\0\
\x52\0\0\0\x43\0\0\0\x08\0\0\0\0\0\0\0\x10\0\0\0\0\0\0\0\xa0\x01\0\0\x01\0\0\0\
\x30\0\0\0\0\0\0\0\0\0\0\0\0\0\0\0\xf6\x98\0\0\0\0\0\0\x15\x07\0\0\0\0\0\0\0\0\
\0\0\0\0\0\0\x01\0\0\0\0\0\0\0\x01\0\0\0\0\0\0\0\x33\x02\0\0\x01\0\0\0\0\0\0\0\
\0\0\0\0\0\0\0\0\0\0\0\0\x0b\xa0\0\0\0\0\0\0\xd8\x01\0\0\0\0\0\0\0\0\0\0\0\0\0\
\0\x01\0\0\0\0\0\0\0\0\0\0\0\0\0\0\0\x2f\x02\0\0\x09\0\0\0\x40\0\0\0\0\0\0\0\0\
\0\0\0\0\0\0\0\x90\x14\x01\0\0\0\0\0\xa0\x03\0\0\0\0\0\0\x52\0\0\0\x46\0\0\0\
\x08\0\0\0\0\0\0\0\x10\0\0\0\0\0\0\0\xbf\x04\0\0\x01\0\0\0\0\0\0\0\0\0\0\0\0\0\
\0\0\0\0\0\0\xe4\xa1\0\0\0\0\0\0\xa9\x26\0\0\0\0\0\0\0\0\0\0\0\0\0\0\x04\0\0\0\
\0\0\0\0\0\0\0\0\0\0\0\0\xbb\x04\0\0\x09\0\0\0\x40\0\0\0\0\0\0\0\0\0\0\0\0\0\0\
\0\x30\x18\x01\0\0\0\0\0\x50\0\0\0\0\0\0\0\x52\0\0\0\x48\0\0\0\x08\0\0\0\0\0\0\
\0\x10\0\0\0\0\0\0\0\xaf\0\0\0\x01\0\0\0\0\0\0\0\0\0\0\0\0\0\0\0\0\0\0\0\x90\
\xc8\0\0\0\0\0\0\x4c\x24\0\0\0\0\0\0\0\0\0\0\0\0\0\0\x04\0\0\0\0\0\0\0\0\0\0\0\
\0\0\0\0\xab\0\0\0\x09\0\0\0\x40\0\0\0\0\0\0\0\0\0\0\0\0\0\0\0\x80\x18\x01\0\0\
\0\0\0\x10\x23\0\0\0\0\0\0\x52\0\0\0\x4a\0\0\0\x08\0\0\0\0\0\0\0\x10\0\0\0\0\0\
\0\0\x78\x03\0\0\x01\0\0\0\0\0\0\0\0\0\0\0\0\0\0\0\0\0\0\0\xe0\xec\0\0\0\0\0\0\
\xb0\x02\0\0\0\0\0\0\0\0\0\0\0\0\0\0\x08\0\0\0\0\0\0\0\0\0\0\0\0\0\0\0\x74\x03\
\0\0\x09\0\0\0\x40\0\0\0\0\0\0\0\0\0\0\0\0\0\0\0\x90\x3b\x01\0\0\0\0\0\x80\x03\
\0\0\0\0\0\0\x52\0\0\0\x4c\0\0\0\x08\0\0\0\0\0\0\0\x10\0\0\0\0\0\0\0\x68\x03\0\
\0\x01\0\0\0\0\0\0\0\0\0\0\0\0\0\0\0\0\0\0\0\x90\xef\0\0\0\0\0\0\xce\x0b\0\0\0\
\0\0\0\0\0\0\0\0\0\0\0\x01\0\0\0\0\0\0\0\0\0\0\0\0\0\0\0\x64\x03\0\0\x09\0\0\0\
\x40\0\0\0\0\0\0\0\0\0\0\0\0\0\0\0\x10\x3f\x01\0\0\0\0\0\x30\x02\0\0\0\0\0\0\
\x52\0\0\0\x4e\0\0\0\x08\0\0\0\0\0\0\0\x10\0\0\0\0\0\0\0\xab\x01\0\0\x01\0\0\0\
\x30\0\0\0\0\0\0\0\0\0\0\0\0\0\0\0\x5e\xfb\0\0\0\0\0\0\x71\0\0\0\0\0\0\0\0\0\0\
\0\0\0\0\0\x01\0\0\0\0\0\0\0\x01\0\0\0\0\0\0\0\xd1\x02\0\0\x03\x4c\xff\x6f\0\0\
\0\x80\0\0\0\0\0\0\0\0\0\0\0\0\x40\x41\x01\0\0\0\0\0\x21\0\0\0\0\0\0\0\x52\0\0\
\0\0\0\0\0\x01\0\0\0\0\0\0\0\0\0\0\0\0\0\0\0\xb3\x04\0\0\x02\0\0\0\0\0\0\0\0\0\
\0\0\0\0\0\0\0\0\0\0\xd0\xfb\0\0\0\0\0\0\xe0\x0a\0\0\0\0\0\0\x01\0\0\0\x53\0\0\
\0\x08\0\0\0\0\0\0\0\x18\0\0\0\0\0\0\0";

	*sz = sizeof(data) - 1;
	return (const void *)data;
}

#ifdef __cplusplus
struct amf_tracer_bpf *amf_tracer_bpf::open(const struct bpf_object_open_opts *opts) { return amf_tracer_bpf__open_opts(opts); }
struct amf_tracer_bpf *amf_tracer_bpf::open_and_load() { return amf_tracer_bpf__open_and_load(); }
int amf_tracer_bpf::load(struct amf_tracer_bpf *skel) { return amf_tracer_bpf__load(skel); }
int amf_tracer_bpf::attach(struct amf_tracer_bpf *skel) { return amf_tracer_bpf__attach(skel); }
void amf_tracer_bpf::detach(struct amf_tracer_bpf *skel) { amf_tracer_bpf__detach(skel); }
void amf_tracer_bpf::destroy(struct amf_tracer_bpf *skel) { amf_tracer_bpf__destroy(skel); }
const void *amf_tracer_bpf::elf_bytes(size_t *sz) { return amf_tracer_bpf__elf_bytes(sz); }
#endif /* __cplusplus */

__attribute__((unused)) static void
amf_tracer_bpf__assert(struct amf_tracer_bpf *s __attribute__((unused)))
{
#ifdef __cplusplus
#define _Static_assert static_assert
#endif
#ifdef __cplusplus
#undef _Static_assert
#endif
}

#endif /* __AMF_TRACER_BPF_SKEL_H__ */
